{
  "sections": {
    "1647427908519e25fd": {
      "type": "slideshow",
      "blocks": {
        "16474279070a0934ae-0": {
          "type": "image_parent",
          "settings": {
            "image": "shopify:\/\/shop_images\/pets_01.jpg",
            "image_position": "8",
            "cl_img": "",
            "link_img1": "shopify:\/\/collections\/accessories",
            "open_link": "_self",
            "animate_slide": "zoom-out",
            "text_align": "start",
            "text_align_mb": "start",
            "content_width": "auto",
            "cv_pos": 50,
            "ch_pos": 30,
            "cv_pos_mb": 50,
            "ch_pos_mb": 13,
            "bg_overlay": "#000000",
            "bg_opacity": 0,
            "bg_content_cl": "#ffffff",
            "bg_content_op": 0,
            "content_pd_tb": 20,
            "content_pd_lr": 20,
            "content_pd_tb_mb": 10,
            "content_pd_lr_mb": 10,
            "border_bl": false,
            "br_color": "#222222",
            "br_bg": "#ffffff",
            "br_opacity": 50,
            "br_style": "solid",
            "br_pd": 20,
            "br_pd_mb": 10,
            "time_animation": 1,
            "animation_delay": 40
          }
        },
        "16474279070a0934ae-1": {
          "type": "custom_text",
          "settings": {
            "text": "FREE SHIPPPING",
            "remove_br_tag": false,
            "fontf": "1",
            "text_cl": "#222222",
            "text_fs": 18,
            "text_lh": 0,
            "text_fw": 400,
            "text_ls": 0,
            "text_mgb": 18,
            "font_italic": false,
            "text_shadow": false,
            "hidden_mobile": true,
            "text_fs_mb": 16,
            "text_lh_mb": 0,
            "text_ls_mb": 0,
            "text_mgb_mobile": 12,
            "animation": "fadeInUp"
          }
        },
        "16474279070a0934ae-2": {
          "type": "custom_text",
          "settings": {
            "text": "Blanced Diet For Your Love",
            "remove_br_tag": false,
            "fontf": "3",
            "text_cl": "#ffffff",
            "text_fs": 42,
            "text_lh": 0,
            "text_fw": 600,
            "text_ls": 0.5,
            "text_mgb": 23,
            "font_italic": false,
            "text_shadow": false,
            "hidden_mobile": false,
            "text_fs_mb": 34,
            "text_lh_mb": 40,
            "text_ls_mb": 0.5,
            "text_mgb_mobile": 18,
            "animation": "fadeInUp"
          }
        },
        "16474279070a0934ae-3": {
          "type": "custom_button",
          "settings": {
            "button_text": "Shop Now",
            "button_link": "shopify:\/\/collections\/accessories",
            "target_link": "_self",
            "fontf": "1",
            "button_icon_w": 14,
            "button_style": "default",
            "button_effect": "rectangle-out",
            "pri_cl": "#dd480e",
            "second_cl": "#ffffff",
            "pri_cl_hover": "#000000",
            "second_cl_hover": "#ffffff",
            "fsbutton": 16,
            "fwbutton": 400,
            "button_ls": 0,
            "button_mh": 50,
            "button_bdr": 40,
            "button_pd_lr": 40,
            "button_mgb": 0,
            "hidden_mobile": false,
            "button_icon_w_mb": 13,
            "fsbutton_mb": 14,
            "button_mh_mb": 42,
            "button_pd_lr_mb": 30,
            "button_ls_mb": 0,
            "button_mgb_mb": 0,
            "animation": "fadeInUp"
          }
        },
        "16474279070a0934ae-4": {
          "type": "image_parent",
          "settings": {
            "image": "shopify:\/\/shop_images\/pets_02.jpg",
            "image_position": "8",
            "cl_img": "",
            "link_img1": "shopify:\/\/collections\/accessories",
            "open_link": "_self",
            "animate_slide": "zoom-out",
            "text_align": "start",
            "text_align_mb": "start",
            "content_width": "auto",
            "cv_pos": 50,
            "ch_pos": 30,
            "cv_pos_mb": 50,
            "ch_pos_mb": 13,
            "bg_overlay": "#000000",
            "bg_opacity": 0,
            "bg_content_cl": "#ffffff",
            "bg_content_op": 0,
            "content_pd_tb": 20,
            "content_pd_lr": 20,
            "content_pd_tb_mb": 10,
            "content_pd_lr_mb": 10,
            "border_bl": false,
            "br_color": "#222222",
            "br_bg": "#ffffff",
            "br_opacity": 50,
            "br_style": "solid",
            "br_pd": 20,
            "br_pd_mb": 10,
            "time_animation": 1,
            "animation_delay": 40
          }
        },
        "16474279070a0934ae-5": {
          "type": "custom_text",
          "settings": {
            "text": "GET 50% DISCOUNT",
            "remove_br_tag": false,
            "fontf": "1",
            "text_cl": "#dd480e",
            "text_fs": 18,
            "text_lh": 0,
            "text_fw": 400,
            "text_ls": 0,
            "text_mgb": 18,
            "font_italic": false,
            "text_shadow": false,
            "hidden_mobile": true,
            "text_fs_mb": 16,
            "text_lh_mb": 0,
            "text_ls_mb": 0,
            "text_mgb_mobile": 12,
            "animation": "fadeInUp"
          }
        },
        "16474279070a0934ae-6": {
          "type": "custom_text",
          "settings": {
            "text": "Best Toys For <br>\nYour Puppy",
            "remove_br_tag": false,
            "fontf": "3",
            "text_cl": "#ffffff",
            "text_fs": 50,
            "text_lh": 56,
            "text_fw": 600,
            "text_ls": 0.5,
            "text_mgb": 23,
            "font_italic": false,
            "text_shadow": false,
            "hidden_mobile": false,
            "text_fs_mb": 34,
            "text_lh_mb": 40,
            "text_ls_mb": 0.5,
            "text_mgb_mobile": 18,
            "animation": "fadeInUp"
          }
        },
        "16474279070a0934ae-7": {
          "type": "custom_button",
          "settings": {
            "button_text": "Shop Now",
            "button_link": "shopify:\/\/collections\/accessories",
            "target_link": "_self",
            "fontf": "1",
            "button_icon_w": 14,
            "button_style": "default",
            "button_effect": "rectangle-out",
            "pri_cl": "#dd480e",
            "second_cl": "#ffffff",
            "pri_cl_hover": "#000000",
            "second_cl_hover": "#ffffff",
            "fsbutton": 16,
            "fwbutton": 400,
            "button_ls": 0,
            "button_mh": 50,
            "button_bdr": 40,
            "button_pd_lr": 40,
            "button_mgb": 0,
            "hidden_mobile": false,
            "button_icon_w_mb": 13,
            "fsbutton_mb": 14,
            "button_mh_mb": 42,
            "button_pd_lr_mb": 30,
            "button_ls_mb": 0,
            "button_mgb_mb": 0,
            "animation": "fadeInUp"
          }
        }
      },
      "block_order": [
        "16474279070a0934ae-0",
        "16474279070a0934ae-1",
        "16474279070a0934ae-2",
        "16474279070a0934ae-3",
        "16474279070a0934ae-4",
        "16474279070a0934ae-5",
        "16474279070a0934ae-6",
        "16474279070a0934ae-7"
      ],
      "settings": {
        "se_height": "t4s_ratio_cuspx",
        "custom_dk": true,
        "height_dk": 930,
        "custom_tb": true,
        "height_tb": 500,
        "custom_mb": true,
        "height_mb": 400,
        "eff": "fade",
        "loop": true,
        "au_time": 0,
        "au_hover": true,
        "nav_btn": true,
        "btn_vi": "hover",
        "btn_owl": "simple",
        "btn_shape": "none",
        "btn_cl": "dark",
        "btn_size": "large",
        "btn_hidden_mobile": false,
        "nav_dot": true,
        "dot_owl": "elessi",
        "dots_cl": "dark",
        "dots_round": true,
        "dots_space": 10,
        "dots_hidden_mobile": true,
        "layout": "t4s-container-fluid",
        "cl_bg": "",
        "cl_bg_gradient": "",
        "mg": ",,100px,",
        "pd": "",
        "mg_mb": ",,50px,",
        "pd_mb": "",
        "use_cus_css": false,
        "code_cus_css": ".SectionID {\nbackground-color:red\n}"
      }
    },
    "1664179931d727eeea": {
      "type": "collections-list",
      "blocks": {
        "1664179930bb100200-0": {
          "type": "collection_item",
          "settings": {
            "collection": "bowls",
            "image": "shopify:\/\/shop_images\/p-c1.jpg",
            "icon": "las la-gem",
            "collection_title": "Bowls",
            "collection_link": ""
          }
        },
        "1664179930bb100200-1": {
          "type": "collection_item",
          "settings": {
            "collection": "beds",
            "image": "shopify:\/\/shop_images\/p-c2.jpg",
            "icon": "las la-gem",
            "collection_title": "Beds",
            "collection_link": ""
          }
        },
        "1664179930bb100200-2": {
          "type": "collection_item",
          "settings": {
            "collection": "customes",
            "image": "shopify:\/\/shop_images\/p-c3.jpg",
            "icon": "las la-gem",
            "collection_title": "Costumes",
            "collection_link": ""
          }
        },
        "1664179930bb100200-3": {
          "type": "collection_item",
          "settings": {
            "collection": "toys-1",
            "image": "shopify:\/\/shop_images\/81Agaj-W5LL._AC_SL1500.jpg",
            "icon": "las la-gem",
            "collection_title": "Toys",
            "collection_link": ""
          }
        },
        "fa0092a5-e1b1-4ed6-a069-98b762c62a82": {
          "type": "collection_item",
          "settings": {
            "collection": "foods-pharmacy",
            "image": "shopify:\/\/shop_images\/71bgBynj4vL._AC_SL1500.jpg",
            "icon": "las la-gem",
            "collection_title": "Foods & Pharmacy",
            "collection_link": ""
          }
        },
        "670bd507-df54-4923-9e3f-dc9b26a9e823": {
          "type": "collection_item",
          "settings": {
            "collection": "customes",
            "image": "shopify:\/\/shop_images\/81fCVkcODfL._AC_SL1500.jpg",
            "icon": "las la-gem",
            "collection_title": "Clothing",
            "collection_link": ""
          }
        }
      },
      "block_order": [
        "1664179930bb100200-0",
        "1664179930bb100200-1",
        "1664179930bb100200-2",
        "1664179930bb100200-3",
        "fa0092a5-e1b1-4ed6-a069-98b762c62a82",
        "670bd507-df54-4923-9e3f-dc9b26a9e823"
      ],
      "settings": {
        "design_heading": "1",
        "heading_align": "t4s-text-center",
        "top_heading": "",
        "icon_heading": "las la-gem",
        "top_subheading": "",
        "tophead_mb": 30,
        "collection_des": "12",
        "title_cl": "#293341",
        "title_cl_hover": "#dd480e",
        "subtitle_cl": "#878787",
        "count_cl": "#1c1c1c",
        "border_cl": "#e5e5e5",
        "collection_subtitle": "Products",
        "open_link": "_self",
        "source": "image",
        "space_bottom": 15,
        "space_bottom_mb": 15,
        "border": true,
        "item_pd": 10,
        "item_rd": 50,
        "img_effect": "zoom",
        "b_effect": "none",
        "image_ratio": "ratio1_1",
        "image_size": "cover",
        "image_position": "8",
        "layout_des": "2",
        "col_dk": "6",
        "col_tb": "3",
        "col_mb": "2",
        "space_h_item": "30",
        "space_v_item": "30",
        "space_h_item_mb": "15",
        "space_v_item_mb": "15",
        "loop": true,
        "au_time": 0,
        "au_hover": true,
        "nav_btn": true,
        "btn_pos": "default",
        "btn_vi": "hover",
        "btn_owl": "default",
        "btn_shape": "none",
        "btn_cl": "dark",
        "btn_size": "small",
        "btn_hidden_mobile": true,
        "nav_dot": false,
        "dot_owl": "default",
        "dots_cl": "dark",
        "dots_round": true,
        "dots_space": 10,
        "dots_hidden_mobile": false,
        "layout": "t4s-container-wrap",
        "cl_bg": "",
        "cl_bg_gradient": "",
        "mg": ",,82px,",
        "pd": "",
        "mg_mb": ",,52px,",
        "pd_mb": "",
        "use_cus_css": false,
        "code_cus_css": ".SectionID {\nbackground-color:red\n}"
      }
    },
    "166417941594d53c6e": {
      "type": "banner",
      "blocks": {
        "1664179414bfe6aa78-0": {
          "type": "b_item",
          "settings": {
            "custom_dk": false,
            "height_dk": 600,
            "custom_tb": false,
            "height_tb": 400,
            "custom_mb": false,
            "height_mb": 300,
            "image": "shopify:\/\/shop_images\/p-bn1.jpg",
            "b_link": "shopify:\/\/collections\/foods-pharmacy",
            "open_link": "_self",
            "img_effect": "zoom",
            "b_effect": "none",
            "col_dk": "3",
            "col_tb": "6",
            "col_mb": "12",
            "content_align": "center",
            "content_align_mobile": "center",
            "content_width": "auto",
            "cv_pos": 50,
            "ch_pos": 50,
            "cv_pos_mb": 50,
            "ch_pos_mb": 50,
            "bg_overlay": "#000000",
            "bg_opacity": 0,
            "bg_content_bl": false,
            "bg_content_cl": "#ffffff",
            "bg_content_op": 50,
            "content_pd_tb": 20,
            "content_pd_lr": 20,
            "content_pd_tb_mb": 10,
            "content_pd_lr_mb": 10,
            "border_bl": false,
            "br_color": "#222222",
            "br_bg": "#ffffff",
            "br_opacity": 50,
            "br_style": "solid",
            "br_pd": 20,
            "br_pd_mb": 10,
            "time_animation": 1,
            "animation_delay": 40
          }
        },
        "1664179414bfe6aa78-3": {
          "type": "b_item",
          "settings": {
            "custom_dk": false,
            "height_dk": 600,
            "custom_tb": false,
            "height_tb": 400,
            "custom_mb": false,
            "height_mb": 300,
            "image": "shopify:\/\/shop_images\/p-bn2.jpg",
            "b_link": "shopify:\/\/collections\/beds",
            "open_link": "_self",
            "img_effect": "zoom",
            "b_effect": "none",
            "col_dk": "3",
            "col_tb": "6",
            "col_mb": "12",
            "content_align": "center",
            "content_align_mobile": "center",
            "content_width": "auto",
            "cv_pos": 50,
            "ch_pos": 50,
            "cv_pos_mb": 50,
            "ch_pos_mb": 50,
            "bg_overlay": "#000000",
            "bg_opacity": 0,
            "bg_content_bl": false,
            "bg_content_cl": "#ffffff",
            "bg_content_op": 50,
            "content_pd_tb": 20,
            "content_pd_lr": 20,
            "content_pd_tb_mb": 10,
            "content_pd_lr_mb": 10,
            "border_bl": false,
            "br_color": "#222222",
            "br_bg": "#ffffff",
            "br_opacity": 50,
            "br_style": "solid",
            "br_pd": 20,
            "br_pd_mb": 10,
            "time_animation": 1,
            "animation_delay": 40
          }
        },
        "bb8c6d2d-f706-4f33-aa58-6962a878efa1": {
          "type": "b_item",
          "settings": {
            "custom_dk": false,
            "height_dk": 600,
            "custom_tb": false,
            "height_tb": 400,
            "custom_mb": false,
            "height_mb": 300,
            "image": "shopify:\/\/shop_images\/p-bn3.jpg",
            "b_link": "shopify:\/\/collections\/toys-1",
            "open_link": "_self",
            "img_effect": "zoom",
            "b_effect": "none",
            "col_dk": "3",
            "col_tb": "6",
            "col_mb": "12",
            "content_align": "start",
            "content_align_mobile": "start",
            "content_width": "auto",
            "cv_pos": 100,
            "ch_pos": 0,
            "cv_pos_mb": 50,
            "ch_pos_mb": 50,
            "bg_overlay": "#000000",
            "bg_opacity": 0,
            "bg_content_bl": true,
            "bg_content_cl": "#ffffff",
            "bg_content_op": 0,
            "content_pd_tb": 10,
            "content_pd_lr": 20,
            "content_pd_tb_mb": 10,
            "content_pd_lr_mb": 10,
            "border_bl": false,
            "br_color": "#222222",
            "br_bg": "#ffffff",
            "br_opacity": 50,
            "br_style": "solid",
            "br_pd": 20,
            "br_pd_mb": 10,
            "time_animation": 1,
            "animation_delay": 40
          }
        },
        "d85b365d-1b4e-4edf-b515-bedb3fc3ac67": {
          "type": "custom_text",
          "settings": {
            "text": "FREE SHIPPING",
            "remove_br_tag": false,
            "fontf": "inherit",
            "text_cl": "#ffffff",
            "text_fs": 16,
            "text_lh": 0,
            "text_fw": 500,
            "text_ls": 0,
            "font_italic": false,
            "text_shadow": false,
            "text_mgb": 10,
            "hidden_mobile": false,
            "text_fs_mb": 14,
            "text_lh_mb": 0,
            "text_ls_mb": 0,
            "text_mgb_mobile": 10,
            "animation": "fadeInUp"
          }
        },
        "380889c4-68ea-4994-a5d8-8963f663565a": {
          "type": "custom_text",
          "settings": {
            "text": "PET’S ACCESSORIES",
            "remove_br_tag": false,
            "fontf": "inherit",
            "text_cl": "#ffffff",
            "text_fs": 30,
            "text_lh": 0,
            "text_fw": 700,
            "text_ls": 0,
            "font_italic": false,
            "text_shadow": false,
            "text_mgb": 0,
            "hidden_mobile": false,
            "text_fs_mb": 24,
            "text_lh_mb": 0,
            "text_ls_mb": 0,
            "text_mgb_mobile": 0,
            "animation": "fadeInUp"
          }
        },
        "51d9b490-2834-4452-b392-510ad07ca16b": {
          "type": "b_item",
          "settings": {
            "custom_dk": false,
            "height_dk": 600,
            "custom_tb": false,
            "height_tb": 400,
            "custom_mb": false,
            "height_mb": 300,
            "image": "shopify:\/\/shop_images\/p-bn4.jpg",
            "b_link": "shopify:\/\/collections\/bowls",
            "open_link": "_self",
            "img_effect": "zoom",
            "b_effect": "none",
            "col_dk": "3",
            "col_tb": "6",
            "col_mb": "12",
            "content_align": "center",
            "content_align_mobile": "center",
            "content_width": "auto",
            "cv_pos": 50,
            "ch_pos": 50,
            "cv_pos_mb": 50,
            "ch_pos_mb": 50,
            "bg_overlay": "#000000",
            "bg_opacity": 0,
            "bg_content_bl": false,
            "bg_content_cl": "#ffffff",
            "bg_content_op": 50,
            "content_pd_tb": 20,
            "content_pd_lr": 20,
            "content_pd_tb_mb": 10,
            "content_pd_lr_mb": 10,
            "border_bl": false,
            "br_color": "#222222",
            "br_bg": "#ffffff",
            "br_opacity": 50,
            "br_style": "solid",
            "br_pd": 20,
            "br_pd_mb": 10,
            "time_animation": 1,
            "animation_delay": 40
          }
        }
      },
      "block_order": [
        "1664179414bfe6aa78-0",
        "1664179414bfe6aa78-3",
        "bb8c6d2d-f706-4f33-aa58-6962a878efa1",
        "d85b365d-1b4e-4edf-b515-bedb3fc3ac67",
        "380889c4-68ea-4994-a5d8-8963f663565a",
        "51d9b490-2834-4452-b392-510ad07ca16b"
      ],
      "settings": {
        "image_ratio": "ratioadapt",
        "image_size": "cover",
        "image_position": "8",
        "equal_height": false,
        "space_h_item": "30",
        "space_v_item": "30",
        "space_h_item_mb": "10",
        "space_v_item_mb": "10",
        "layout": "t4s-container-wrap",
        "cl_bg": "",
        "cl_bg_gradient": "",
        "mg": ",,135px,",
        "pd": "",
        "mg_mb": ",,55px,",
        "pd_mb": "",
        "use_cus_css": false,
        "code_cus_css": ".SectionID {\nbackground-color:red\n}"
      }
    },
    "16641807057c647b53": {
      "type": "featured-collection",
      "settings": {
        "design_heading": "11",
        "heading_align": "t4s-text-center",
        "top_heading": "New Arrival Products",
        "icon_heading": "las la-gem",
        "top_subheading": "",
        "tophead_mb": 45,
        "collection": "customes",
        "product_des": "2",
        "show_vendor": false,
        "use_cdt": false,
        "image_ratio": "ratio1_1",
        "image_size": "cover",
        "image_position": "8",
        "content_align": "center",
        "limit": 10,
        "col_dk": "5",
        "col_tb": "3",
        "col_mb": "2",
        "space_h_item": "30",
        "space_v_item": "30",
        "space_h_item_mb": "10",
        "space_v_item_mb": "20",
        "layout_des": "1",
        "loop": true,
        "au_time": 0,
        "au_hover": true,
        "nav_btn": false,
        "btns_pos": "default",
        "btn_vi": "hover",
        "btn_owl": "default",
        "btn_shape": "none",
        "btn_cl": "dark",
        "btn_size": "small",
        "btn_hidden_mobile": true,
        "nav_dot": false,
        "dot_owl": "default",
        "dots_cl": "dark",
        "dots_round": true,
        "dots_space": 10,
        "dots_hidden_mobile": false,
        "use_pagination": "load-more",
        "enable_bar_lm": false,
        "btn_icon": true,
        "button_style": "default",
        "btns_size": "extra-medium",
        "btns_cl": "primary",
        "button_effect": "default",
        "btn_pos": "t4s-text-center",
        "layout": "t4s-container-wrap",
        "cl_bg": "",
        "cl_bg_gradient": "",
        "mg": ",,100px,",
        "pd": "",
        "mg_mb": ",,50px,",
        "pd_mb": "",
        "use_cus_css": false,
        "code_cus_css": ".SectionID {\nbackground-color:red\n}"
      }
    },
    "1664180718722708c9": {
      "type": "banner",
      "blocks": {
        "1664180717ac17e0ef-0": {
          "type": "b_item",
          "settings": {
            "custom_dk": false,
            "height_dk": 600,
            "custom_tb": false,
            "height_tb": 400,
            "custom_mb": false,
            "height_mb": 300,
            "image": "shopify:\/\/shop_images\/p-bn5.jpg",
            "b_link": "shopify:\/\/collections\/foods-pharmacy",
            "open_link": "_self",
            "img_effect": "translateToBottom",
            "b_effect": "none",
            "col_dk": "6",
            "col_tb": "6",
            "col_mb": "12",
            "content_align": "center",
            "content_align_mobile": "center",
            "content_width": "auto",
            "cv_pos": 50,
            "ch_pos": 50,
            "cv_pos_mb": 50,
            "ch_pos_mb": 50,
            "bg_overlay": "#000000",
            "bg_opacity": 0,
            "bg_content_bl": false,
            "bg_content_cl": "#ffffff",
            "bg_content_op": 50,
            "content_pd_tb": 20,
            "content_pd_lr": 20,
            "content_pd_tb_mb": 10,
            "content_pd_lr_mb": 10,
            "border_bl": false,
            "br_color": "#222222",
            "br_bg": "#ffffff",
            "br_opacity": 50,
            "br_style": "solid",
            "br_pd": 20,
            "br_pd_mb": 10,
            "time_animation": 1,
            "animation_delay": 40
          }
        },
        "1664180717ac17e0ef-3": {
          "type": "b_item",
          "settings": {
            "custom_dk": false,
            "height_dk": 600,
            "custom_tb": false,
            "height_tb": 400,
            "custom_mb": false,
            "height_mb": 300,
            "image": "shopify:\/\/shop_images\/p-bn6.jpg",
            "b_link": "shopify:\/\/collections\/bowls",
            "open_link": "_self",
            "img_effect": "translateToBottom",
            "b_effect": "none",
            "col_dk": "6",
            "col_tb": "6",
            "col_mb": "12",
            "content_align": "center",
            "content_align_mobile": "center",
            "content_width": "auto",
            "cv_pos": 50,
            "ch_pos": 50,
            "cv_pos_mb": 50,
            "ch_pos_mb": 50,
            "bg_overlay": "#000000",
            "bg_opacity": 0,
            "bg_content_bl": false,
            "bg_content_cl": "#ffffff",
            "bg_content_op": 50,
            "content_pd_tb": 20,
            "content_pd_lr": 20,
            "content_pd_tb_mb": 10,
            "content_pd_lr_mb": 10,
            "border_bl": false,
            "br_color": "#222222",
            "br_bg": "#ffffff",
            "br_opacity": 50,
            "br_style": "solid",
            "br_pd": 20,
            "br_pd_mb": 10,
            "time_animation": 1,
            "animation_delay": 40
          }
        }
      },
      "block_order": [
        "1664180717ac17e0ef-0",
        "1664180717ac17e0ef-3"
      ],
      "settings": {
        "image_ratio": "ratioadapt",
        "image_size": "cover",
        "image_position": "8",
        "equal_height": false,
        "space_h_item": "30",
        "space_v_item": "30",
        "space_h_item_mb": "10",
        "space_v_item_mb": "10",
        "layout": "t4s-container-wrap",
        "cl_bg": "",
        "cl_bg_gradient": "",
        "mg": ",,50px,",
        "pd": "",
        "mg_mb": ",,30px,",
        "pd_mb": "",
        "use_cus_css": false,
        "code_cus_css": ".SectionID {\nbackground-color:red\n}"
      }
    },
    "166418114167b58227": {
      "type": "tabs-collection",
      "blocks": {
        "16641811400d580258-0": {
          "type": "tab_item",
          "settings": {
            "tab_title": "Best Seller",
            "icon_title": "",
            "collection": "toys-1",
            "product_des": "2",
            "show_vendor": false,
            "image_ratio": "ratioadapt",
            "image_size": "cover",
            "image_position": "8",
            "content_align": "center",
            "limit": 10,
            "col_dk": "5",
            "col_tb": "3",
            "col_mb": "2",
            "space_h_item": "30",
            "space_v_item": "30",
            "space_h_item_mb": "10",
            "space_v_item_mb": "20",
            "layout_des": "1",
            "loop": true,
            "au_time": 0,
            "au_hover": true,
            "nav_btn": false,
            "btn_vi": "hover",
            "btn_owl": "default",
            "btn_shape": "none",
            "btn_cl": "dark",
            "btn_size": "small",
            "btn_hidden_mobile": true,
            "nav_dot": false,
            "dot_owl": "default",
            "dots_cl": "dark",
            "dots_round": true,
            "dots_space": 10,
            "dots_hidden_mobile": false,
            "use_pagination": "none",
            "enable_bar_lm": true,
            "btn_icon": false,
            "button_style": "default",
            "btns_size": "large",
            "btns_cl": "dark",
            "button_effect": "default",
            "btn_pos": "t4s-text-center"
          }
        },
        "16641811400d580258-1": {
          "type": "tab_item",
          "settings": {
            "tab_title": "Top Rated",
            "icon_title": "",
            "collection": "bowls",
            "product_des": "2",
            "show_vendor": false,
            "image_ratio": "ratioadapt",
            "image_size": "cover",
            "image_position": "8",
            "content_align": "start",
            "limit": 10,
            "col_dk": "5",
            "col_tb": "3",
            "col_mb": "2",
            "space_h_item": "30",
            "space_v_item": "30",
            "space_h_item_mb": "10",
            "space_v_item_mb": "20",
            "layout_des": "1",
            "loop": true,
            "au_time": 0,
            "au_hover": true,
            "nav_btn": false,
            "btn_vi": "hover",
            "btn_owl": "default",
            "btn_shape": "none",
            "btn_cl": "dark",
            "btn_size": "small",
            "btn_hidden_mobile": true,
            "nav_dot": false,
            "dot_owl": "default",
            "dots_cl": "dark",
            "dots_round": true,
            "dots_space": 10,
            "dots_hidden_mobile": false,
            "use_pagination": "none",
            "enable_bar_lm": true,
            "btn_icon": false,
            "button_style": "default",
            "btns_size": "large",
            "btns_cl": "dark",
            "button_effect": "default",
            "btn_pos": "t4s-text-center"
          }
        },
        "16641811400d580258-2": {
          "type": "tab_item",
          "settings": {
            "tab_title": "Sale",
            "icon_title": "",
            "collection": "beds",
            "product_des": "2",
            "show_vendor": false,
            "image_ratio": "ratioadapt",
            "image_size": "cover",
            "image_position": "8",
            "content_align": "start",
            "limit": 10,
            "col_dk": "5",
            "col_tb": "3",
            "col_mb": "2",
            "space_h_item": "30",
            "space_v_item": "30",
            "space_h_item_mb": "10",
            "space_v_item_mb": "20",
            "layout_des": "1",
            "loop": true,
            "au_time": 0,
            "au_hover": true,
            "nav_btn": false,
            "btn_vi": "hover",
            "btn_owl": "default",
            "btn_shape": "none",
            "btn_cl": "dark",
            "btn_size": "small",
            "btn_hidden_mobile": true,
            "nav_dot": false,
            "dot_owl": "default",
            "dots_cl": "dark",
            "dots_round": true,
            "dots_space": 10,
            "dots_hidden_mobile": false,
            "use_pagination": "none",
            "enable_bar_lm": true,
            "btn_icon": false,
            "button_style": "default",
            "btns_size": "large",
            "btns_cl": "dark",
            "button_effect": "default",
            "btn_pos": "t4s-text-center"
          }
        }
      },
      "block_order": [
        "16641811400d580258-0",
        "16641811400d580258-1",
        "16641811400d580258-2"
      ],
      "settings": {
        "design_heading": "11",
        "heading_align": "t4s-text-center",
        "top_heading": "Trending Products",
        "icon_heading": "las la-gem",
        "top_subheading": "",
        "tophead_mb": 30,
        "tabs_des": "border",
        "tabs_border": "dashed",
        "item_rounded": true,
        "item_cl": "#222222",
        "item_bg": "",
        "item_cl_active": "#222222",
        "item_bg_active": "#222222",
        "space_between": 30,
        "tabs_pos": "center",
        "tabslist_mb": 30,
        "layout": "t4s-container-wrap",
        "cl_bg": "",
        "cl_bg_gradient": "",
        "mg": ",,100px,",
        "pd": "",
        "mg_mb": ",,50px,",
        "pd_mb": "",
        "use_cus_css": false,
        "code_cus_css": ".SectionID {\nbackground-color:red\n}"
      }
    }
  },
  "order": [
    "1647427908519e25fd",
    "1664179931d727eeea",
    "166417941594d53c6e",
    "16641807057c647b53",
    "1664180718722708c9",
    "166418114167b58227"
  ]
}