{
  "sections": {
    "heading": {
      "type": "heading-article",
      "blocks": {
        "6c7e7290-ccf4-43d2-9cca-8b6defb822d0": {
          "type": "1",
          "settings": {
            "fontf": "1",
            "text_cl": "#ffffff",
            "text_fs": 20,
            "text_lh": 0,
            "text_fw": 400,
            "text_ls": 0,
            "font_italic": false,
            "font_uppercase": false,
            "text_shadow": false,
            "text_mgb": 10,
            "hidden_mobile": false,
            "text_fs_mb": 20,
            "text_lh_mb": 0,
            "text_ls_mb": 0,
            "text_mgb_mobile": 10
          }
        },
        "dc3e7611-c82d-48c5-bc94-b71307050d93": {
          "type": "2",
          "settings": {
            "fontf": "3",
            "font_italic": true
          }
        }
      },
      "block_order": [
        "6c7e7290-ccf4-43d2-9cca-8b6defb822d0",
        "dc3e7611-c82d-48c5-bc94-b71307050d93"
      ],
      "settings": {
        "use_specify_image": true,
        "parallax": false,
        "color": "#000000",
        "overlay": 54,
        "padding": 50,
        "paddingmb": 50,
        "mg_b": 50,
        "mg_bmb": 50,
        "content_align": "t4s-text-center",
        "bg_pos": "center center",
        "bg_repeat": "no-repeat",
        "bg_size": "cover",
        "bg_att": "scroll",
        "use_cus_css": false,
        "code_cus_css": ".SectionID {\nbackground-color:red\n}"
      }
    },
    "1652178624a69469ef": {
      "type": "custom-html",
      "settings": {
        "code": "<p>Typography is the work of\n<strong>typesetters, compositors, typographers, graphic designers, art directors, manga artists, comic book artists, graffiti artists,<\/strong> and now—anyone who arranges words, letters, numbers, and symbols for publication, display, or distribution—from clerical workers and newsletter writers to anyone self-publishing materials.\n<\/p>",
        "layout": "t4s-container-wrap",
        "cl_bg": "",
        "cl_bg_gradient": "",
        "mg": ",,50px,",
        "pd": "",
        "mg_mb": ",,30px,",
        "pd_mb": "",
        "use_cus_css": false,
        "code_cus_css": ".SectionID {\nbackground-color:red\n}"
      }
    },
    "1652178679f818731b": {
      "type": "image-gallery",
      "blocks": {
        "16521786793d349a39-0": {
          "type": "image_item",
          "settings": {
            "image": "shopify:\/\/shop_images\/gallery-01.jpg",
            "link": ""
          }
        },
        "16521786793d349a39-1": {
          "type": "image_item",
          "settings": {
            "image": "shopify:\/\/shop_images\/gallery-02.jpg",
            "link": ""
          }
        },
        "16521786793d349a39-2": {
          "type": "image_item",
          "settings": {
            "image": "shopify:\/\/shop_images\/gallery-03.jpg",
            "link": ""
          }
        },
        "16521786793d349a39-3": {
          "type": "image_item",
          "settings": {
            "image": "shopify:\/\/shop_images\/gallery-04.jpg",
            "link": ""
          }
        },
        "f636c54f-c1ea-4434-9818-515f23e3845e": {
          "type": "image_item",
          "settings": {
            "image": "shopify:\/\/shop_images\/p1-2.jpg",
            "link": ""
          }
        },
        "2325d325-6de9-46e1-aaa3-998575ed2366": {
          "type": "image_item",
          "settings": {
            "image": "shopify:\/\/shop_images\/gallery-06.jpg",
            "link": ""
          }
        }
      },
      "block_order": [
        "16521786793d349a39-0",
        "16521786793d349a39-1",
        "16521786793d349a39-2",
        "16521786793d349a39-3",
        "f636c54f-c1ea-4434-9818-515f23e3845e",
        "2325d325-6de9-46e1-aaa3-998575ed2366"
      ],
      "settings": {
        "design_heading": "1",
        "heading_align": "t4s-text-center",
        "top_heading": "",
        "icon_heading": "las la-gem",
        "top_subheading": "",
        "tophead_mb": 30,
        "layout_des": "1",
        "click_image": "data-t4s-gallery",
        "nav_thumbs": true,
        "open_link": "_blank",
        "item_rd": 0,
        "img_effect": "zoom",
        "b_effect": "none",
        "image_ratio": "ratioadapt",
        "image_size": "cover",
        "image_position": "8",
        "col_dk": "3",
        "col_tb": "2",
        "col_mb": "2",
        "space_item": "6",
        "space_item_mb": "6",
        "loop": true,
        "au_time": 0,
        "au_hover": true,
        "nav_btn": true,
        "btn_vi": "hover",
        "btn_owl": "default",
        "btn_shape": "none",
        "btn_cl": "dark",
        "btn_size": "small",
        "btn_hidden_mobile": false,
        "nav_dot": true,
        "dot_owl": "default",
        "dots_cl": "dark",
        "dots_round": false,
        "dots_space": 10,
        "layout": "t4s-container-wrap",
        "cl_bg": "",
        "cl_bg_gradient": "",
        "mg": ",,50px,",
        "pd": "",
        "mg_mb": ",,30px,",
        "pd_mb": "",
        "use_cus_css": false,
        "code_cus_css": ".SectionID {\nbackground-color:red\n}"
      }
    },
    "1652176497f24a071f": {
      "type": "lookbook-img",
      "blocks": {
        "911b0938-4b5b-4c13-8863-f044ba042a08": {
          "type": "pr",
          "settings": {
            "pos_t": 4,
            "pos_l": 18,
            "pos_popup": "top",
            "type": "1",
            "shorttxt": "$59",
            "pos_size": "medium",
            "bg_cl": "#f0807f",
            "cl_text": "#ffffff",
            "product": "circle-snapback-cap"
          }
        },
        "d8a525b7-f8d5-4691-8984-40b801fed477": {
          "type": "pr",
          "settings": {
            "pos_t": 92,
            "pos_l": 17,
            "pos_popup": "top",
            "type": "1",
            "shorttxt": "$59",
            "pos_size": "medium",
            "bg_cl": "#f0807f",
            "cl_text": "#ffffff",
            "product": "high-waist-skinny-jean"
          }
        },
        "2f0c106e-2fd2-4975-8cae-5920c3001969": {
          "type": "txt",
          "settings": {
            "pos_t": 55,
            "pos_l": 15,
            "pos_popup": "top",
            "type": "2",
            "shorttxt": "$59",
            "pos_size": "medium",
            "bg_cl": "#f0807f",
            "cl_text": "#ffffff",
            "heading": "01 - Water Resistance",
            "text": "<p>With groundbreaking water resistant capabilities, The Mission has the highest waterproof rating of any smartwatch on the market.<\/p>"
          }
        },
        "5d82775f-145f-4454-86f4-cd69d8c44aef": {
          "type": "pr",
          "settings": {
            "pos_t": 36,
            "pos_l": 50,
            "pos_popup": "top",
            "type": "1",
            "shorttxt": "$59",
            "pos_size": "medium",
            "bg_cl": "#f0807f",
            "cl_text": "#ffffff",
            "product": "analogue-resin-strap-watch"
          }
        },
        "f483dd70-d429-4249-a6c3-0bba260acac1": {
          "type": "pr",
          "settings": {
            "pos_t": 16,
            "pos_l": 91,
            "pos_popup": "top",
            "type": "1",
            "shorttxt": "$59",
            "pos_size": "medium",
            "bg_cl": "#f0807f",
            "cl_text": "#ffffff",
            "product": "high-waist-skinny-jean"
          }
        }
      },
      "block_order": [
        "911b0938-4b5b-4c13-8863-f044ba042a08",
        "d8a525b7-f8d5-4691-8984-40b801fed477",
        "2f0c106e-2fd2-4975-8cae-5920c3001969",
        "5d82775f-145f-4454-86f4-cd69d8c44aef",
        "f483dd70-d429-4249-a6c3-0bba260acac1"
      ],
      "settings": {
        "design_heading": "1",
        "heading_align": "t4s-text-center",
        "top_heading": "Shop The Look",
        "icon_heading": "las la-gem",
        "top_subheading": "",
        "tophead_mb": 30,
        "img_size": "1",
        "image": "shopify:\/\/shop_images\/bg-loobook.jpg",
        "pr_pin_des": "1",
        "layout": "t4s-se-container",
        "cl_bg": "",
        "cl_bg_gradient": "",
        "mg": ",,50px,",
        "pd": "",
        "mg_mb": ",,30px,",
        "pd_mb": ""
      }
    },
    "main": {
      "type": "main-article-portfolio",
      "blocks": {
        "7b80182e-7700-4a1b-9821-ea466e854f92": {
          "type": "image",
          "disabled": true,
          "settings": {
            "cate_des": "none"
          }
        },
        "0e7aca81-32a1-445a-9f9a-87343afce275": {
          "type": "title",
          "disabled": true,
          "settings": {
            "show_title_first": true,
            "show_au": true,
            "show_dt": true,
            "show_cm": true
          }
        },
        "91155d1e-738b-4919-a784-4df88afd98b5": {
          "type": "content",
          "disabled": true,
          "settings": {}
        },
        "0b09eb1b-ba51-4b54-9e5b-9da86218598a": {
          "type": "tags",
          "settings": {}
        },
        "06200996-6c3e-4eba-82f0-fbe047df3033": {
          "type": "infos",
          "settings": {
            "show_cate": true,
            "show_author": true,
            "show_tags": true
          }
        },
        "09db1556-195f-4583-b772-2cc07278984e": {
          "type": "socials",
          "settings": {
            "social_mode": "2",
            "social_style": "2",
            "social_size": "small",
            "bd_radius": 30,
            "use_color_set": true,
            "icon_cl": "#000000",
            "bg_cl": "#ffffff",
            "space_h_item": "20",
            "space_v_item": "5",
            "space_h_item_mb": "10",
            "space_v_item_mb": "2"
          }
        },
        "9f0f4be5-3880-443d-a9a4-2e936f311515": {
          "type": "comments",
          "disabled": true,
          "settings": {
            "enable_full_btn": false,
            "button_style": "outline",
            "btn_size": "large",
            "btn_cl": "dark"
          }
        },
        "a6871b49-1b94-42ed-83c1-a7acd7129186": {
          "type": "navigation",
          "settings": {}
        },
        "c179b7e0-5964-4d0e-b0af-93bfbcfd1a61": {
          "type": "related",
          "settings": {
            "hd_related": "RELATED PORFOLIO",
            "hd_align": "center",
            "limit_related": 6,
            "space_h_item": "30",
            "space_v_item": "30",
            "space_h_item_mb": "10",
            "space_v_item_mb": "10",
            "col_dk": "3",
            "col_tb": "2",
            "col_mb": "1",
            "image_ratio": "ratio4_3",
            "image_position": "8",
            "image_size": "cover",
            "loop": true,
            "au_time": 0,
            "au_hover": true,
            "nav_btn": true,
            "btn_vi": "always",
            "btn_owl": "outline",
            "btn_shape": "round",
            "btn_cl": "default",
            "btn_size": "small",
            "btn_hidden_mobile": false,
            "nav_dot": false,
            "dot_owl": "default",
            "dots_cl": "dark",
            "dots_round": true,
            "dots_space": 10,
            "dots_hidden_mobile": false
          }
        }
      },
      "block_order": [
        "7b80182e-7700-4a1b-9821-ea466e854f92",
        "0e7aca81-32a1-445a-9f9a-87343afce275",
        "91155d1e-738b-4919-a784-4df88afd98b5",
        "0b09eb1b-ba51-4b54-9e5b-9da86218598a",
        "06200996-6c3e-4eba-82f0-fbe047df3033",
        "09db1556-195f-4583-b772-2cc07278984e",
        "9f0f4be5-3880-443d-a9a4-2e936f311515",
        "a6871b49-1b94-42ed-83c1-a7acd7129186",
        "c179b7e0-5964-4d0e-b0af-93bfbcfd1a61"
      ],
      "settings": {
        "layout": "t4s-container-wrap",
        "cl_bg": "",
        "cl_bg_gradient": "",
        "mg": ",,50px,",
        "pd": "",
        "mg_mb": ",,30px,",
        "pd_mb": ""
      }
    },
    "sidebar": {
      "type": "sidebar-article-portfolio",
      "disabled": true,
      "settings": {
        "enable_drawer": true,
        "space": 50,
        "size": "medium",
        "br_style": "none",
        "brcolor": "#222222",
        "sidebar_bdr": 5,
        "sidebar_pd": 10
      }
    }
  },
  "order": [
    "heading",
    "1652178624a69469ef",
    "1652178679f818731b",
    "1652176497f24a071f",
    "main",
    "sidebar"
  ]
}