{
  "sections": {
    "top": {
      "type": "top-collections",
      "settings": {
        "show_top_collections": true,
        "source": "3",
        "menu": "footer",
        "sort_collections": "alphabetical",
        "box_border": "top",
        "content_align": "center",
        "hidden_mobile": false,
        "space_item": 30,
        "fontf": "inherit",
        "text_cl": "#222222",
        "text_cl_hover": "#56cfe1",
        "text_fs": 14,
        "text_lh": 45,
        "text_fw": 400,
        "text_ls": 0,
        "font_italic": false,
        "nav_btn": true,
        "layout": "t4s-container-fluid",
        "cl_bg": "",
        "cl_bg_gradient": "",
        "mg": "",
        "pd": "",
        "mg_tb": "",
        "pd_tb": "",
        "mg_mb": "",
        "pd_mb": ""
      }
    },
    "heading_template": {
      "type": "heading-template",
      "blocks": {
        "3b0cc506-49ea-4851-b5a6-ff7c2153b0e6": {
          "type": "1",
          "settings": {
            "heading": "",
            "fontf": "inherit",
            "text_cl": "#ffffff",
            "text_fs": 20,
            "text_lh": 20,
            "text_fw": 500,
            "text_ls": 0,
            "font_italic": false,
            "font_uppercase": false,
            "text_shadow": false,
            "text_mgb": 5,
            "hidden_mobile": false,
            "text_fs_mb": 20,
            "text_lh_mb": 20,
            "text_ls_mb": 0,
            "text_mgb_mobile": 5
          }
        },
        "68582c09-d394-43f0-b988-c2b38412941b": {
          "type": "4",
          "settings": {
            "design_des": "excerpt",
            "length": 10,
            "view_more": false,
            "viewm_txt": "View more",
            "fontf": "inherit",
            "text_cl": "#ededed",
            "text_fs": 14,
            "text_lh": 24,
            "text_fw": 400,
            "text_ls": 0,
            "font_italic": false,
            "font_uppercase": false,
            "text_shadow": false,
            "text_mgb": 0,
            "hidden_mobile": false,
            "text_fs_mb": 14,
            "text_lh_mb": 20,
            "text_ls_mb": 0,
            "text_mgb_mobile": 0
          }
        }
      },
      "block_order": [
        "3b0cc506-49ea-4851-b5a6-ff7c2153b0e6",
        "68582c09-d394-43f0-b988-c2b38412941b"
      ],
      "settings": {
        "heading_fullwidth": false,
        "image": "shopify:\/\/shop_images\/shop-banner.jpg",
        "use_specify_image": true,
        "parallax": false,
        "color": "#000000",
        "overlay": 54,
        "padding": 55,
        "paddingmb": 50,
        "mg_b": 50,
        "mg_bmb": 50,
        "content_align": "t4s-text-center",
        "bg_pos": "center center",
        "bg_repeat": "no-repeat",
        "bg_size": "cover",
        "use_cus_css": false,
        "code_cus_css": ".SectionID {\nbackground-color:red\n}"
      }
    },
    "main": {
      "type": "main-collection",
      "blocks": {
        "filter_id": {
          "type": "filter",
          "settings": {
            "style_filters": "sidebar"
          }
        },
        "740319a4-8e19-4c70-b8a9-ada7cf235cbc": {
          "type": "layout",
          "settings": {}
        },
        "30594d23-d644-4653-9545-9ff769d2e6ab": {
          "type": "sortby",
          "settings": {}
        }
      },
      "block_order": [
        "filter_id",
        "740319a4-8e19-4c70-b8a9-ada7cf235cbc",
        "30594d23-d644-4653-9545-9ff769d2e6ab"
      ],
      "settings": {
        "show_desc": false,
        "position_desc": "2",
        "product_des": "1",
        "show_vendor": false,
        "use_cdt": false,
        "image_ratio": "rationt",
        "image_size": "cover",
        "image_position": "8",
        "content_align": "default",
        "limit": 12,
        "enable_listing": true,
        "enable_listing_default": false,
        "col_dk": "3",
        "col_tb": "2",
        "col_mb": "2",
        "space_h_item": "30",
        "space_v_item": "30",
        "space_h_item_mb": "10",
        "space_v_item_mb": "10",
        "layout_des": "1",
        "use_pagination": "default",
        "enable_bar_lm": true,
        "btn_icon": false,
        "button_style": "outline",
        "btns_size": "large",
        "btns_cl": "primary",
        "button_effect": "rectangle-out",
        "btn_pos": "t4s-text-center",
        "type_filters": "facets",
        "layout": "t4s-container-wrap",
        "cl_bg": "",
        "cl_bg_gradient": "",
        "mg": ",,50px,",
        "pd": "",
        "mg_tb": "",
        "pd_tb": "",
        "mg_mb": ",,30px,",
        "pd_mb": ""
      }
    },
    "sidebar": {
      "type": "sidebar-collection",
      "blocks": {
        "c7bdf308-8019-4991-b58c-6d3e205a52eb": {
          "type": "category",
          "settings": {
            "heading": "Product Categories",
            "cat_source": "1",
            "cat_link_list": "",
            "count": true
          }
        },
        "9d37e80a-1eda-4a65-bb08-199e6a933a16": {
          "type": "collection",
          "settings": {
            "heading": "Sale Products",
            "collection": "sale",
            "limit_pr": 3,
            "image_ratio": "t4s_ratioadapt",
            "image_size": "t4s_cover",
            "image_position": "t4s_position_8"
          }
        },
        "55777bb2-2f74-444d-8113-099c1f396c42": {
          "type": "gallery",
          "settings": {
            "heading": "Gallery",
            "img1": "shopify:\/\/shop_images\/ins1_1_368de205-0c64-4fdc-80de-afa7cefa9f1e.jpg",
            "link1": "",
            "img2": "shopify:\/\/shop_images\/bg-pin-05.jpg",
            "link2": "",
            "img3": "shopify:\/\/shop_images\/bg-pin-08.jpg",
            "link3": "",
            "img4": "shopify:\/\/shop_images\/bg-pin-10.jpg",
            "link4": "",
            "img5": "shopify:\/\/shop_images\/bg-pin-06.jpg",
            "link5": "",
            "img6": "shopify:\/\/shop_images\/bg-pin-03.jpg",
            "link6": "",
            "img7": "shopify:\/\/shop_images\/bg-pin-04.jpg",
            "link7": "",
            "img8": "shopify:\/\/shop_images\/bg-pin-09.jpg",
            "link8": "",
            "img9": "shopify:\/\/shop_images\/bg-pin-07.jpg",
            "link9": "",
            "open_link": "_blank",
            "round": 0,
            "col_dk": "3",
            "space_item": "2"
          }
        },
        "49d5bb3a-57c7-4d4a-84bc-500604c5f21a": {
          "type": "shipping",
          "settings": {
            "title": "Shipping & Delivery",
            "shipping_1": "las la-truck,FREE SHIPPING,Free shipping for all US order",
            "shipping_2": "las la-headset,SUPPORT 24\/7,We support 24 hours a day",
            "shipping_3": "las la-exchange-alt,30 DAYS RETURN,You have 30 days to return",
            "shipping_4": "",
            "shipping_5": "",
            "shipping_6": ""
          }
        },
        "8f0a8391-799f-4a1f-ac32-88054015c1ba": {
          "type": "cus_socials",
          "settings": {
            "heading": "Follow us",
            "social_mode": "1",
            "social_style": "1",
            "social_size": "medium",
            "bd_radius": 0,
            "use_color_set": true,
            "icon_cl": "#222222",
            "bg_cl": "#222222",
            "space_h_item": "20",
            "space_v_item": "5",
            "space_h_item_mb": "20",
            "space_v_item_mb": "4"
          }
        }
      },
      "block_order": [
        "c7bdf308-8019-4991-b58c-6d3e205a52eb",
        "9d37e80a-1eda-4a65-bb08-199e6a933a16",
        "55777bb2-2f74-444d-8113-099c1f396c42",
        "49d5bb3a-57c7-4d4a-84bc-500604c5f21a",
        "8f0a8391-799f-4a1f-ac32-88054015c1ba"
      ],
      "settings": {
        "enable_drawer": false,
        "space": 50,
        "size": "medium",
        "br_style": "none",
        "brcolor": "#222222",
        "sidebar_bdr": 0,
        "sidebar_pd": 15
      }
    }
  },
  "order": [
    "top",
    "heading_template",
    "main",
    "sidebar"
  ]
}