{
  "sections": {
    "top": {
      "type": "top-collections",
      "settings": {
        "show_top_collections": true,
        "source": "3",
        "menu": "footer",
        "box_border": "top",
        "content_align": "center",
        "hidden_mobile": false,
        "space_item": 30,
        "fontf": "inherit",
        "text_cl": "#222222",
        "text_cl_hover": "#56cfe1",
        "text_fs": 14,
        "text_lh": 45,
        "text_fw": 400,
        "text_ls": 0,
        "font_italic": false,
        "nav_btn": true,
        "layout": "t4s-container-fluid",
        "cl_bg": "",
        "cl_bg_gradient": "",
        "mg": "",
        "pd": "",
        "mg_mb": "",
        "pd_mb": ""
      }
    },
    "heading_template": {
      "type": "heading-template",
      "blocks": {
        "3b0cc506-49ea-4851-b5a6-ff7c2153b0e6": {
          "type": "1",
          "settings": {
            "heading": "",
            "fontf": "inherit",
            "text_cl": "#ffffff",
            "text_fs": 20,
            "text_lh": 20,
            "text_fw": 500,
            "text_ls": 0,
            "font_italic": false,
            "font_uppercase": false,
            "text_shadow": false,
            "text_mgb": 5,
            "hidden_mobile": false,
            "text_fs_mb": 20,
            "text_lh_mb": 20,
            "text_ls_mb": 0,
            "text_mgb_mobile": 5
          }
        },
        "68582c09-d394-43f0-b988-c2b38412941b": {
          "type": "4",
          "settings": {
            "fontf": "inherit",
            "text_cl": "#ededed",
            "text_fs": 14,
            "text_lh": 24,
            "text_fw": 400,
            "text_ls": 0,
            "font_italic": false,
            "font_uppercase": false,
            "text_shadow": false,
            "text_mgb": 0,
            "hidden_mobile": false,
            "text_fs_mb": 14,
            "text_lh_mb": 20,
            "text_ls_mb": 0,
            "text_mgb_mobile": 0
          }
        }
      },
      "block_order": [
        "3b0cc506-49ea-4851-b5a6-ff7c2153b0e6",
        "68582c09-d394-43f0-b988-c2b38412941b"
      ],
      "settings": {
        "image": "shopify:\/\/shop_images\/shop-banner.jpg",
        "parallax": false,
        "color": "#000000",
        "overlay": 54,
        "padding": 55,
        "paddingmb": 50,
        "mg_b": 50,
        "mg_bmb": 50,
        "content_align": "t4s-text-center",
        "bg_pos": "center center",
        "bg_repeat": "no-repeat",
        "bg_size": "cover",
        "use_cus_css": false,
        "code_cus_css": ".SectionID {\nbackground-color:red\n}"
      }
    },
    "main": {
      "type": "main-collection",
      "blocks": {
        "filter_id": {
          "type": "filter",
          "settings": {}
        },
        "740319a4-8e19-4c70-b8a9-ada7cf235cbc": {
          "type": "layout",
          "settings": {}
        },
        "30594d23-d644-4653-9545-9ff769d2e6ab": {
          "type": "sortby",
          "settings": {}
        }
      },
      "block_order": [
        "filter_id",
        "740319a4-8e19-4c70-b8a9-ada7cf235cbc",
        "30594d23-d644-4653-9545-9ff769d2e6ab"
      ],
      "settings": {
        "product_des": "1",
        "show_vendor": false,
        "image_ratio": "rationt",
        "image_size": "cover",
        "image_position": "8",
        "content_align": "default",
        "limit": 8,
        "enable_listing": true,
        "enable_listing_default": false,
        "col_dk": "4",
        "col_tb": "2",
        "col_mb": "2",
        "space_h_item": "30",
        "space_v_item": "30",
        "space_h_item_mb": "10",
        "space_v_item_mb": "10",
        "layout_des": "1",
        "use_pagination": "infinite",
        "enable_bar_lm": true,
        "btn_icon": false,
        "button_style": "outline",
        "btns_size": "large",
        "btns_cl": "dark",
        "button_effect": "rectangle-out",
        "btn_pos": "t4s-text-center",
        "layout": "t4s-container-wrap",
        "cl_bg": "",
        "cl_bg_gradient": "",
        "mg": ",,50px,",
        "pd": "",
        "mg_mb": ",,30px,",
        "pd_mb": ""
      }
    },
    "sidebar": {
      "type": "sidebar-collection",
      "blocks": {
        "c7bdf308-8019-4991-b58c-6d3e205a52eb": {
          "type": "category",
          "settings": {
            "heading": "Product Categories",
            "cat_source": "1",
            "cat_link_list": "",
            "count": true
          }
        },
        "9d37e80a-1eda-4a65-bb08-199e6a933a16": {
          "type": "collection",
          "settings": {
            "heading": "Sale Products",
            "collection": "frontpage",
            "limit_pr": 3,
            "image_ratio": "t4s_ratioadapt",
            "image_size": "t4s_cover",
            "image_position": "t4s_position_8"
          }
        },
        "c090f36e-d6ef-4a2a-ab04-cc78211dadb7": {
          "type": "image",
          "settings": {
            "heading": "",
            "img_effect": "zoom",
            "b_link": "",
            "open_link": "_self",
            "content_align": "center",
            "date": "2022\/12\/26",
            "cdt_des": "1",
            "countdown_pos": "2",
            "cdt_size": "small",
            "box_bdr": 0,
            "bd_width": 0,
            "space_item": 10,
            "number_cl": "#ffffff",
            "text_cl": "#222222",
            "border_cl": "#000000",
            "bg_cl": "#000000"
          }
        }
      },
      "block_order": [
        "c7bdf308-8019-4991-b58c-6d3e205a52eb",
        "9d37e80a-1eda-4a65-bb08-199e6a933a16",
        "c090f36e-d6ef-4a2a-ab04-cc78211dadb7"
      ],
      "disabled": true,
      "settings": {
        "enable_drawer": false,
        "space": 50,
        "size": "medium",
        "br_style": "none",
        "brcolor": "#222222",
        "sidebar_bdr": 0,
        "sidebar_pd": 15
      }
    }
  },
  "order": [
    "top",
    "heading_template",
    "main",
    "sidebar"
  ]
}