{
  "sections": {
    "164662735607cb804a": {
      "type": "banner-parallax",
      "blocks": {
        "16466273568b1bb4b4-0": {
          "type": "custom_text",
          "settings": {
            "text": "SALE OFF UP TO 70%",
            "remove_br_tag": false,
            "fontf": "inherit",
            "text_cl": "#ffffff",
            "text_fs": 60,
            "text_lh": 60,
            "text_fw": 700,
            "text_ls": 0,
            "font_italic": false,
            "text_shadow": false,
            "text_mgb": 20,
            "hidden_mobile": false,
            "text_fs_mb": 30,
            "text_lh_mb": 30,
            "text_ls_mb": 0,
            "text_mgb_mobile": 15,
            "animation": "fadeInUp"
          }
        },
        "16466273568b1bb4b4-1": {
          "type": "custom_text",
          "settings": {
            "text": "SS 2020 New Arrival",
            "remove_br_tag": false,
            "fontf": "3",
            "text_cl": "#ffffff",
            "text_fs": 18,
            "text_lh": 18,
            "text_fw": 600,
            "text_ls": 0,
            "font_italic": true,
            "text_shadow": false,
            "text_mgb": 30,
            "hidden_mobile": false,
            "text_fs_mb": 18,
            "text_lh_mb": 18,
            "text_ls_mb": 0,
            "text_mgb_mobile": 20,
            "animation": "fadeInUp"
          }
        },
        "38caf9fd-d396-4b5f-9ac6-744aabe19b77": {
          "type": "custom_button",
          "settings": {
            "button_text": "Shop Now",
            "button_link": "shopify:\/\/collections",
            "target_link": "_self",
            "fontf": "inherit",
            "button_icon_w": 0,
            "button_style": "outline",
            "button_effect": "fade",
            "pri_cl": "#ffffff",
            "second_cl": "",
            "pri_cl_hover": "#56cfe1",
            "second_cl_hover": "#ffffff",
            "fsbutton": 14,
            "fwbutton": 600,
            "button_ls": 0.1,
            "button_mh": 40,
            "button_bdr": 40,
            "button_pd_lr": 40,
            "button_mgb": 0,
            "hidden_mobile": false,
            "button_icon_w_mb": 0,
            "fsbutton_mb": 14,
            "button_mh_mb": 40,
            "button_pd_lr_mb": 25,
            "button_ls_mb": 0,
            "button_mgb_mb": 0,
            "animation": "fadeInUp"
          }
        }
      },
      "block_order": [
        "16466273568b1bb4b4-0",
        "16466273568b1bb4b4-1",
        "38caf9fd-d396-4b5f-9ac6-744aabe19b77"
      ],
      "settings": {
        "section_height": "t4s_ratio_fh",
        "custom_dk": true,
        "height_dk": 600,
        "custom_tb": true,
        "height_tb": 400,
        "custom_mb": true,
        "height_mb": 200,
        "image_parallax": "shopify:\/\/shop_images\/slide-01_1e92356f-ddbd-4d32-b723-6ff72738fc4c.jpg",
        "parallax": true,
        "b_link": "",
        "open_link": "_self",
        "content_align": "center",
        "content_align_mobile": "center",
        "content_width": "auto",
        "bg_overlay": "#000000",
        "bg_opacity": 0,
        "bg_content_bl": false,
        "bg_content_cl": "#ffffff",
        "bg_content_op": 50,
        "content_pd_tb": 20,
        "content_pd_lr": 20,
        "content_pd_tb_mb": 10,
        "content_pd_lr_mb": 10,
        "border_bl": false,
        "br_color": "#222222",
        "br_bg": "#ffffff",
        "br_opacity": 50,
        "br_style": "solid",
        "br_pd": 20,
        "br_pd_mb": 10,
        "cv_pos": 50,
        "ch_pos": 50,
        "cv_pos_mb": 50,
        "ch_pos_mb": 50,
        "time_animation": 1,
        "animation_delay": 40,
        "layout": "t4s-container-fluid",
        "cl_bg": "#f5f5f5",
        "cl_bg_gradient": "",
        "mg": "",
        "pd": "",
        "mg_mb": "",
        "pd_mb": "",
        "use_cus_css": false,
        "code_cus_css": ".SectionID {\nbackground-color:red\n}"
      }
    },
    "164662735607cb804b": {
      "type": "banner-parallax",
      "blocks": {
        "16466273568b1bb4b4-0": {
          "type": "custom_text",
          "settings": {
            "text": "WOMENS 2020 LOOKBOOK",
            "remove_br_tag": false,
            "fontf": "inherit",
            "text_cl": "#ffffff",
            "text_fs": 60,
            "text_lh": 60,
            "text_fw": 700,
            "text_ls": 0,
            "font_italic": false,
            "text_shadow": false,
            "text_mgb": 20,
            "hidden_mobile": false,
            "text_fs_mb": 30,
            "text_lh_mb": 30,
            "text_ls_mb": 0,
            "text_mgb_mobile": 15,
            "animation": "fadeInUp"
          }
        },
        "16466273568b1bb4b4-1": {
          "type": "custom_text",
          "settings": {
            "text": "Discover for latest collection",
            "remove_br_tag": false,
            "fontf": "3",
            "text_cl": "#ffffff",
            "text_fs": 18,
            "text_lh": 18,
            "text_fw": 600,
            "text_ls": 0,
            "font_italic": true,
            "text_shadow": false,
            "text_mgb": 30,
            "hidden_mobile": false,
            "text_fs_mb": 18,
            "text_lh_mb": 18,
            "text_ls_mb": 0,
            "text_mgb_mobile": 20,
            "animation": "fadeInUp"
          }
        },
        "38caf9fd-d396-4b5f-9ac6-744aabe19b77": {
          "type": "custom_button",
          "settings": {
            "button_text": "Explore Now",
            "button_link": "shopify:\/\/collections",
            "target_link": "_self",
            "fontf": "inherit",
            "button_icon_w": 0,
            "button_style": "outline",
            "button_effect": "fade",
            "pri_cl": "#ffffff",
            "second_cl": "",
            "pri_cl_hover": "#56cfe1",
            "second_cl_hover": "#ffffff",
            "fsbutton": 14,
            "fwbutton": 600,
            "button_ls": 0.1,
            "button_mh": 40,
            "button_bdr": 40,
            "button_pd_lr": 40,
            "button_mgb": 0,
            "hidden_mobile": false,
            "button_icon_w_mb": 0,
            "fsbutton_mb": 14,
            "button_mh_mb": 40,
            "button_pd_lr_mb": 25,
            "button_ls_mb": 0,
            "button_mgb_mb": 0,
            "animation": "fadeInUp"
          }
        }
      },
      "block_order": [
        "16466273568b1bb4b4-0",
        "16466273568b1bb4b4-1",
        "38caf9fd-d396-4b5f-9ac6-744aabe19b77"
      ],
      "settings": {
        "section_height": "t4s_ratio_fh",
        "custom_dk": true,
        "height_dk": 600,
        "custom_tb": true,
        "height_tb": 400,
        "custom_mb": true,
        "height_mb": 250,
        "image_parallax": "shopify:\/\/shop_images\/slide-02_f7ef022c-bb4e-46e3-bb32-32bd061ff960.jpg",
        "parallax": true,
        "b_link": "",
        "open_link": "_self",
        "content_align": "center",
        "content_align_mobile": "center",
        "content_width": "auto",
        "bg_overlay": "#000000",
        "bg_opacity": 0,
        "bg_content_bl": false,
        "bg_content_cl": "#ffffff",
        "bg_content_op": 50,
        "content_pd_tb": 20,
        "content_pd_lr": 20,
        "content_pd_tb_mb": 10,
        "content_pd_lr_mb": 10,
        "border_bl": false,
        "br_color": "#222222",
        "br_bg": "#ffffff",
        "br_opacity": 50,
        "br_style": "solid",
        "br_pd": 20,
        "br_pd_mb": 10,
        "cv_pos": 50,
        "ch_pos": 50,
        "cv_pos_mb": 50,
        "ch_pos_mb": 50,
        "time_animation": 1,
        "animation_delay": 40,
        "layout": "t4s-container-fluid",
        "cl_bg": "#f5f5f5",
        "cl_bg_gradient": "",
        "mg": "",
        "pd": "",
        "mg_mb": "",
        "pd_mb": "",
        "use_cus_css": false,
        "code_cus_css": ".SectionID {\nbackground-color:red\n}"
      }
    },
    "164662735607cb804c": {
      "type": "banner-parallax",
      "blocks": {
        "16466273568b1bb4b4-1": {
          "type": "custom_text",
          "settings": {
            "text": "Hot Trending",
            "remove_br_tag": false,
            "fontf": "3",
            "text_cl": "#ffffff",
            "text_fs": 18,
            "text_lh": 18,
            "text_fw": 600,
            "text_ls": 0,
            "font_italic": true,
            "text_shadow": false,
            "text_mgb": 20,
            "hidden_mobile": false,
            "text_fs_mb": 18,
            "text_lh_mb": 18,
            "text_ls_mb": 0,
            "text_mgb_mobile": 15,
            "animation": "fadeInUp"
          }
        },
        "16466273568b1bb4b4-0": {
          "type": "custom_text",
          "settings": {
            "text": "COUPLE COLLECTION",
            "remove_br_tag": false,
            "fontf": "inherit",
            "text_cl": "#ffffff",
            "text_fs": 60,
            "text_lh": 60,
            "text_fw": 800,
            "text_ls": 0,
            "font_italic": false,
            "text_shadow": false,
            "text_mgb": 20,
            "hidden_mobile": false,
            "text_fs_mb": 30,
            "text_lh_mb": 30,
            "text_ls_mb": 0,
            "text_mgb_mobile": 15,
            "animation": "fadeInUp"
          }
        },
        "38caf9fd-d396-4b5f-9ac6-744aabe19b77": {
          "type": "custom_button",
          "settings": {
            "button_text": "Shop Now",
            "button_link": "shopify:\/\/collections",
            "target_link": "_self",
            "fontf": "inherit",
            "button_icon_w": 0,
            "button_style": "outline",
            "button_effect": "fade",
            "pri_cl": "#ffffff",
            "second_cl": "",
            "pri_cl_hover": "#56cfe1",
            "second_cl_hover": "#ffffff",
            "fsbutton": 14,
            "fwbutton": 600,
            "button_ls": 0.1,
            "button_mh": 40,
            "button_bdr": 40,
            "button_pd_lr": 42,
            "button_mgb": 0,
            "hidden_mobile": false,
            "button_icon_w_mb": 0,
            "fsbutton_mb": 14,
            "button_mh_mb": 40,
            "button_pd_lr_mb": 25,
            "button_ls_mb": 0,
            "button_mgb_mb": 0,
            "animation": "fadeInUp"
          }
        }
      },
      "block_order": [
        "16466273568b1bb4b4-1",
        "16466273568b1bb4b4-0",
        "38caf9fd-d396-4b5f-9ac6-744aabe19b77"
      ],
      "settings": {
        "section_height": "t4s_ratio_fh",
        "custom_dk": true,
        "height_dk": 600,
        "custom_tb": true,
        "height_tb": 400,
        "custom_mb": true,
        "height_mb": 250,
        "image_parallax": "shopify:\/\/shop_images\/slide-03.jpg",
        "parallax": true,
        "b_link": "",
        "open_link": "_self",
        "content_align": "center",
        "content_align_mobile": "center",
        "content_width": "auto",
        "bg_overlay": "#000000",
        "bg_opacity": 0,
        "bg_content_bl": false,
        "bg_content_cl": "#ffffff",
        "bg_content_op": 50,
        "content_pd_tb": 20,
        "content_pd_lr": 20,
        "content_pd_tb_mb": 10,
        "content_pd_lr_mb": 10,
        "border_bl": false,
        "br_color": "#222222",
        "br_bg": "#ffffff",
        "br_opacity": 50,
        "br_style": "solid",
        "br_pd": 20,
        "br_pd_mb": 10,
        "cv_pos": 50,
        "ch_pos": 50,
        "cv_pos_mb": 50,
        "ch_pos_mb": 50,
        "time_animation": 1,
        "animation_delay": 40,
        "layout": "t4s-container-fluid",
        "cl_bg": "#f5f5f5",
        "cl_bg_gradient": "",
        "mg": "",
        "pd": "",
        "mg_mb": "",
        "pd_mb": "",
        "use_cus_css": false,
        "code_cus_css": ".SectionID {\nbackground-color:red\n}"
      }
    },
    "164662735607cb804d": {
      "type": "banner-parallax",
      "blocks": {
        "16466273568b1bb4b4-0": {
          "type": "custom_text",
          "settings": {
            "text": "FALL 2022 COLLECTIONS",
            "remove_br_tag": false,
            "fontf": "inherit",
            "text_cl": "#ffffff",
            "text_fs": 60,
            "text_lh": 60,
            "text_fw": 700,
            "text_ls": 0,
            "font_italic": false,
            "text_shadow": false,
            "text_mgb": 20,
            "hidden_mobile": false,
            "text_fs_mb": 30,
            "text_lh_mb": 30,
            "text_ls_mb": 0,
            "text_mgb_mobile": 15,
            "animation": "fadeInUp"
          }
        },
        "16466273568b1bb4b4-1": {
          "type": "custom_text",
          "settings": {
            "text": "Enjoy this Fall Trends",
            "remove_br_tag": false,
            "fontf": "3",
            "text_cl": "#ffffff",
            "text_fs": 18,
            "text_lh": 18,
            "text_fw": 600,
            "text_ls": 0,
            "font_italic": true,
            "text_shadow": false,
            "text_mgb": 30,
            "hidden_mobile": false,
            "text_fs_mb": 18,
            "text_lh_mb": 18,
            "text_ls_mb": 0,
            "text_mgb_mobile": 20,
            "animation": "fadeInUp"
          }
        },
        "38caf9fd-d396-4b5f-9ac6-744aabe19b77": {
          "type": "custom_button",
          "settings": {
            "button_text": "Explore Now",
            "button_link": "shopify:\/\/collections",
            "target_link": "_self",
            "fontf": "inherit",
            "button_icon_w": 0,
            "button_style": "outline",
            "button_effect": "fade",
            "pri_cl": "#ffffff",
            "second_cl": "",
            "pri_cl_hover": "#56cfe1",
            "second_cl_hover": "#ffffff",
            "fsbutton": 14,
            "fwbutton": 600,
            "button_ls": 0.1,
            "button_mh": 40,
            "button_bdr": 40,
            "button_pd_lr": 40,
            "button_mgb": 0,
            "hidden_mobile": false,
            "button_icon_w_mb": 0,
            "fsbutton_mb": 14,
            "button_mh_mb": 40,
            "button_pd_lr_mb": 25,
            "button_ls_mb": 0,
            "button_mgb_mb": 0,
            "animation": "fadeInUp"
          }
        }
      },
      "block_order": [
        "16466273568b1bb4b4-0",
        "16466273568b1bb4b4-1",
        "38caf9fd-d396-4b5f-9ac6-744aabe19b77"
      ],
      "settings": {
        "section_height": "t4s_ratio_fh",
        "custom_dk": true,
        "height_dk": 600,
        "custom_tb": true,
        "height_tb": 400,
        "custom_mb": true,
        "height_mb": 250,
        "image_parallax": "shopify:\/\/shop_images\/slide-04.jpg",
        "parallax": true,
        "b_link": "",
        "open_link": "_self",
        "content_align": "center",
        "content_align_mobile": "center",
        "content_width": "auto",
        "bg_overlay": "#000000",
        "bg_opacity": 0,
        "bg_content_bl": false,
        "bg_content_cl": "#ffffff",
        "bg_content_op": 50,
        "content_pd_tb": 20,
        "content_pd_lr": 20,
        "content_pd_tb_mb": 10,
        "content_pd_lr_mb": 10,
        "border_bl": false,
        "br_color": "#222222",
        "br_bg": "#ffffff",
        "br_opacity": 50,
        "br_style": "solid",
        "br_pd": 20,
        "br_pd_mb": 10,
        "cv_pos": 50,
        "ch_pos": 50,
        "cv_pos_mb": 50,
        "ch_pos_mb": 50,
        "time_animation": 1,
        "animation_delay": 40,
        "layout": "t4s-container-fluid",
        "cl_bg": "#f5f5f5",
        "cl_bg_gradient": "",
        "mg": "",
        "pd": "",
        "mg_mb": "",
        "pd_mb": "",
        "use_cus_css": false,
        "code_cus_css": ".SectionID {\nbackground-color:red\n}"
      }
    }
  },
  "order": [
    "164662735607cb804a",
    "164662735607cb804b",
    "164662735607cb804c",
    "164662735607cb804d"
  ]
}