{
  "sections": {
    "heading": {
      "type": "heading-template",
      "blocks": {
        "ba0c8e30-c11a-4ab7-97c4-4acc1a053a3e": {
          "type": "1",
          "settings": {
            "heading": "Shipping & Delivery",
            "fontf": "inherit",
            "text_cl": "#ffffff",
            "text_fs": 20,
            "text_lh": 20,
            "text_fw": 500,
            "text_ls": 0,
            "font_italic": false,
            "font_uppercase": false,
            "text_shadow": false,
            "text_mgb": 15,
            "hidden_mobile": false,
            "text_fs_mb": 20,
            "text_lh_mb": 20,
            "text_ls_mb": 0,
            "text_mgb_mobile": 10
          }
        },
        "ceaf2fff-8462-4040-83d5-7f7019d65b8d": {
          "type": "3",
          "settings": {
            "breadcrumb_color": "#f2f2f2",
            "brc_mgb": 5
          }
        }
      },
      "block_order": [
        "ba0c8e30-c11a-4ab7-97c4-4acc1a053a3e",
        "ceaf2fff-8462-4040-83d5-7f7019d65b8d"
      ],
      "settings": {
        "image": "shopify:\/\/shop_images\/bg-heading.jpg",
        "parallax": false,
        "color": "#000000",
        "overlay": 54,
        "padding": 50,
        "paddingmb": 50,
        "mg_b": 70,
        "mg_bmb": 50,
        "content_align": "t4s-text-center",
        "bg_pos": "center center",
        "bg_repeat": "no-repeat",
        "bg_size": "cover",
        "use_cus_css": false,
        "code_cus_css": ".SectionID {\nbackground-color:red\n}"
      }
    },
    "main": {
      "type": "main-page",
      "settings": {
        "layout": "t4s-container-wrap",
        "cl_bg": "",
        "cl_bg_gradient": "",
        "mg": "0,0,60px,0",
        "pd": "",
        "mg_mb": "0,0,40px,0",
        "pd_mb": ""
      }
    },
    "sidebar-page": {
      "type": "sidebar-page",
      "blocks": {
        "f69681ed-b75e-42de-be58-fdf73b3b7e08": {
          "type": "blog_cate",
          "settings": {
            "title": "Blog categories",
            "cat_link_list": "",
            "count": true
          }
        }
      },
      "block_order": [
        "f69681ed-b75e-42de-be58-fdf73b3b7e08"
      ],
      "disabled": true,
      "settings": {
        "enable_drawer": false,
        "space": 50,
        "size": "medium",
        "br_style": "none",
        "brcolor": "#222222",
        "sidebar_bdr": 5,
        "sidebar_pd": 10
      }
    }
  },
  "order": [
    "heading",
    "main",
    "sidebar-page"
  ]
}