{
  "sections": {
    "heading": {
      "type": "heading-template",
      "blocks": {
        "4764aee3-6670-4a4e-a220-51b2bc274495": {
          "type": "1",
          "settings": {
            "heading": "Lookbook in Page",
            "fontf": "inherit",
            "text_cl": "#fff",
            "text_fs": 20,
            "text_lh": 0,
            "text_fw": 500,
            "text_ls": 0,
            "font_italic": false,
            "font_uppercase": false,
            "text_shadow": false,
            "text_mgb": 0,
            "hidden_mobile": false,
            "text_fs_mb": 20,
            "text_lh_mb": 0,
            "text_ls_mb": 0,
            "text_mgb_mobile": 0
          }
        }
      },
      "block_order": [
        "4764aee3-6670-4a4e-a220-51b2bc274495"
      ],
      "settings": {
        "image": "shopify:\/\/shop_images\/shop-category-1.jpg",
        "parallax": false,
        "color": "#000000",
        "overlay": 54,
        "padding": 50,
        "paddingmb": 50,
        "mg_b": 50,
        "mg_bmb": 50,
        "content_align": "t4s-text-center",
        "bg_pos": "center center",
        "bg_repeat": "no-repeat",
        "bg_size": "cover",
        "use_cus_css": false,
        "code_cus_css": ".SectionID {\nbackground-color:red\n}"
      }
    },
    "16521682189c1088e4": {
      "type": "custom-html",
      "settings": {
        "code": "<p>Typography is the work of<em> typesetters, compositors, typographers, graphic designers, art directors, manga artists, comic book artists, graffiti artists<\/em>, and now—anyone who arranges words, letters, numbers, and symbols for publication, display, or distribution—from clerical\n<strong>workers and newsletter writers to anyone self-publishing materials.<\/strong>\n<\/p>",
        "layout": "t4s-container-wrap",
        "cl_bg": "",
        "cl_bg_gradient": "",
        "mg": ",,50px,",
        "pd": "",
        "mg_mb": ",,30px,",
        "pd_mb": "",
        "use_cus_css": false,
        "code_cus_css": ".SectionID {\nbackground-color:red\n}"
      }
    },
    "16521683185a713dc9": {
      "type": "image-gallery",
      "blocks": {
        "16521683182a8f0458-0": {
          "type": "image_item",
          "settings": {
            "image": "shopify:\/\/shop_images\/gallery-01.jpg",
            "link": ""
          }
        },
        "16521683182a8f0458-1": {
          "type": "image_item",
          "settings": {
            "image": "shopify:\/\/shop_images\/gallery-02.jpg",
            "link": ""
          }
        },
        "16521683182a8f0458-2": {
          "type": "image_item",
          "settings": {
            "image": "shopify:\/\/shop_images\/gallery-03.jpg",
            "link": ""
          }
        },
        "16521683182a8f0458-3": {
          "type": "image_item",
          "settings": {
            "image": "shopify:\/\/shop_images\/gallery-04.jpg",
            "link": ""
          }
        },
        "e87b0dd9-7b85-4429-ad80-b57c4d0f54a1": {
          "type": "image_item",
          "settings": {
            "image": "shopify:\/\/shop_images\/p1-2.jpg",
            "link": ""
          }
        },
        "c601e0f2-55b2-4f16-b5d5-3a3412b386a3": {
          "type": "image_item",
          "settings": {
            "image": "shopify:\/\/shop_images\/gallery-06.jpg",
            "link": ""
          }
        }
      },
      "block_order": [
        "16521683182a8f0458-0",
        "16521683182a8f0458-1",
        "16521683182a8f0458-2",
        "16521683182a8f0458-3",
        "e87b0dd9-7b85-4429-ad80-b57c4d0f54a1",
        "c601e0f2-55b2-4f16-b5d5-3a3412b386a3"
      ],
      "settings": {
        "design_heading": "1",
        "heading_align": "t4s-text-center",
        "top_heading": "",
        "icon_heading": "las la-gem",
        "top_subheading": "",
        "tophead_mb": 30,
        "layout_des": "1",
        "click_image": "data-t4s-gallery",
        "nav_thumbs": true,
        "open_link": "_blank",
        "item_rd": 0,
        "img_effect": "zoom",
        "b_effect": "none",
        "image_ratio": "ratioadapt",
        "image_size": "cover",
        "image_position": "8",
        "col_dk": "3",
        "col_tb": "2",
        "col_mb": "2",
        "space_item": "6",
        "space_item_mb": "6",
        "loop": true,
        "au_time": 0,
        "au_hover": true,
        "nav_btn": true,
        "btn_vi": "hover",
        "btn_owl": "default",
        "btn_shape": "none",
        "btn_cl": "dark",
        "btn_size": "small",
        "btn_hidden_mobile": false,
        "nav_dot": true,
        "dot_owl": "default",
        "dots_cl": "dark",
        "dots_round": false,
        "dots_space": 10,
        "layout": "t4s-container-wrap",
        "cl_bg": "",
        "cl_bg_gradient": "",
        "mg": ",,50px,",
        "pd": "",
        "mg_mb": ",,30px,",
        "pd_mb": "",
        "use_cus_css": false,
        "code_cus_css": ".SectionID {\nbackground-color:red\n}"
      }
    },
    "1652172306d388a4cb": {
      "type": "quote",
      "settings": {
        "design_heading": "1",
        "heading_align": "t4s-text-center",
        "top_heading": "",
        "icon_heading": "las la-gem",
        "top_subheading": "",
        "tophead_mb": 30,
        "content_quote": "<p><em>As the capability to create typography has become ubiquitous, the application of principles and best practices developed over generations of skilled workers and professionals has diminished. Ironically, at a time when scientific techniques.<\/em><\/p>",
        "layout": "t4s-container-wrap",
        "cl_bg": "",
        "cl_bg_gradient": "",
        "mg": ",,50px,",
        "pd": "",
        "mg_mb": ",,30px,",
        "pd_mb": "",
        "use_cus_css": false,
        "code_cus_css": ".SectionID {\nbackground-color:red\n}"
      }
    },
    "1652172452bca99a25": {
      "type": "custom-html",
      "settings": {
        "code": "<p>Until the Digital Age, typography was a specialized occupation. Digitization opened up typography to new generations of previously unrelated designers and lay users, and David Jury, head of graphic design at Colchester Institute in England, states that “typography is now something everybody does. As the capability to create typography has become ubiquitous, the application of principles and best practices developed over generations of skilled workers and professionals has diminished. Ironically, at a time when scientific techniques.<\/p>",
        "layout": "t4s-container-wrap",
        "cl_bg": "",
        "cl_bg_gradient": "",
        "mg": ",,50px,",
        "pd": "",
        "mg_mb": ",,30px,",
        "pd_mb": "",
        "use_cus_css": false,
        "code_cus_css": ".SectionID {\nbackground-color:red\n}"
      }
    },
    "1652176497f24a071f": {
      "type": "lookbook-img",
      "blocks": {
        "911b0938-4b5b-4c13-8863-f044ba042a08": {
          "type": "pr",
          "settings": {
            "pos_t": 4,
            "pos_l": 18,
            "pos_popup": "top",
            "type": "1",
            "shorttxt": "$59",
            "pos_size": "medium",
            "bg_cl": "#f0807f",
            "cl_text": "#ffffff",
            "product": "circle-snapback-cap"
          }
        },
        "d8a525b7-f8d5-4691-8984-40b801fed477": {
          "type": "pr",
          "settings": {
            "pos_t": 92,
            "pos_l": 17,
            "pos_popup": "top",
            "type": "1",
            "shorttxt": "$59",
            "pos_size": "medium",
            "bg_cl": "#f0807f",
            "cl_text": "#ffffff",
            "product": "high-waist-skinny-jean"
          }
        },
        "2f0c106e-2fd2-4975-8cae-5920c3001969": {
          "type": "txt",
          "settings": {
            "pos_t": 55,
            "pos_l": 15,
            "pos_popup": "top",
            "type": "2",
            "shorttxt": "$59",
            "pos_size": "medium",
            "bg_cl": "#f0807f",
            "cl_text": "#ffffff",
            "heading": "01 - Water Resistance",
            "text": "<p>With groundbreaking water resistant capabilities, The Mission has the highest waterproof rating of any smartwatch on the market.<\/p>"
          }
        },
        "5d82775f-145f-4454-86f4-cd69d8c44aef": {
          "type": "pr",
          "settings": {
            "pos_t": 36,
            "pos_l": 50,
            "pos_popup": "top",
            "type": "1",
            "shorttxt": "$59",
            "pos_size": "medium",
            "bg_cl": "#f0807f",
            "cl_text": "#ffffff",
            "product": "analogue-resin-strap-watch"
          }
        },
        "f483dd70-d429-4249-a6c3-0bba260acac1": {
          "type": "pr",
          "settings": {
            "pos_t": 16,
            "pos_l": 91,
            "pos_popup": "top",
            "type": "1",
            "shorttxt": "$59",
            "pos_size": "medium",
            "bg_cl": "#f0807f",
            "cl_text": "#ffffff",
            "product": "high-waist-skinny-jean"
          }
        }
      },
      "block_order": [
        "911b0938-4b5b-4c13-8863-f044ba042a08",
        "d8a525b7-f8d5-4691-8984-40b801fed477",
        "2f0c106e-2fd2-4975-8cae-5920c3001969",
        "5d82775f-145f-4454-86f4-cd69d8c44aef",
        "f483dd70-d429-4249-a6c3-0bba260acac1"
      ],
      "settings": {
        "design_heading": "1",
        "heading_align": "t4s-text-center",
        "top_heading": "Shop The Look",
        "icon_heading": "las la-gem",
        "top_subheading": "",
        "tophead_mb": 30,
        "img_size": "1",
        "image": "shopify:\/\/shop_images\/bg-loobook.jpg",
        "pr_pin_des": "1",
        "layout": "t4s-se-container",
        "cl_bg": "",
        "cl_bg_gradient": "",
        "mg": ",,50px,",
        "pd": "",
        "mg_mb": ",,30px,",
        "pd_mb": ""
      }
    },
    "main": {
      "type": "main-page",
      "settings": {
        "layout": "t4s-container-wrap",
        "cl_bg": "",
        "cl_bg_gradient": "",
        "mg": "60px,,60px,",
        "pd": "",
        "mg_mb": ",,30px,",
        "pd_mb": ""
      }
    }
  },
  "order": [
    "heading",
    "16521682189c1088e4",
    "16521683185a713dc9",
    "1652172306d388a4cb",
    "1652172452bca99a25",
    "1652176497f24a071f",
    "main"
  ]
}