{
  "sections": {
    "breadcrumb": {
      "type": "brc-nav-product",
      "settings": {
        "breadcrumb_pr": true,
        "back_next_pr": true
      }
    },
    "main": {
      "type": "main-product",
      "blocks": {
        "title": {
          "type": "title",
          "settings": {
            "txt_tr_pr": "none",
            "fnt_df_pr": "1",
            "size_pr": 16,
            "fw_pr": 600,
            "lh_pr": 0,
            "ls_pr": 0,
            "pr_title_color": "#222"
          }
        },
        "price_review": {
          "type": "price_review",
          "settings": {
            "price": "0",
            "tax_ship": false,
            "rating": true,
            "review_liquid": "",
            "size_price_pr": 22,
            "fw_price_pr": 400,
            "price_color": "#696969",
            "price_sale_color": "#ec0101"
          }
        },
        "description": {
          "type": "description",
          "settings": {
            "des": "2",
            "text": "<p>Go kalles this summer with this vintage navy and white striped v-neck t-shirt from the Nike. Perfect for pairing with denim and white kicks for a stylish kalles vibe.<\/p>",
            "length": 31,
            "readm": false,
            "readm_txt": "Read more"
          }
        },
        "form": {
          "type": "form",
          "settings": {
            "selector_mode": "circle",
            "color_mode": "color is-sw-cl__round",
            "color_size": "medium",
            "show_qty": true,
            "enable_wishlist": true,
            "enable_compare": true,
            "btn_atc_full": false,
            "pr_btn_round": 40,
            "ani": "t4s-ani-shake",
            "time": 6,
            "btn_txt": "3",
            "btn_icon": false,
            "button_style": "default",
            "button_color": "primary",
            "button_effect": "default",
            "show_dynamic_checkout": false,
            "btn_txt2": "3",
            "button_color_payment": "dark"
          }
        },
        "23551ebc-3be1-40d6-81b2-30f03478cccb": {
          "type": "img",
          "settings": {
            "al": "start",
            "mess": "",
            "size": 16,
            "source": "1",
            "image": "shopify:\/\/shop_images\/trust_img2_2eeb3a29-a319-4587-a399-d448de7e8c33.png",
            "wimg": 70,
            "svg": "amazon_payments,american_express,apple_pay,bitcoin,dankort,diners_club,discover,dogecoin,dwolla,forbrugsforeningen,interac,google_pay,jcb,klarna,klarna-pay-later,litecoin,maestro,master,paypal,shopify_pay,sofort,visa",
            "height": 11
          }
        },
        "size_delivery_ask": {
          "type": "size_delivery_ask",
          "settings": {
            "size_chart": "3",
            "pos_sizeg": "1",
            "sc_type": "1",
            "page": "size-chart",
            "size_ck": "",
            "delivery": true,
            "page_dr": "delivery-return",
            "ask": false
          }
        },
        "meta": {
          "type": "meta",
          "settings": {
            "show_options": false,
            "show_vendor": false,
            "show_type": false,
            "show_sku": true,
            "show_barcode": false,
            "show_available": true,
            "show_category": true,
            "show_tags": true
          }
        },
        "4b4a3a11-c923-49d7-871e-4575c49f23fc": {
          "type": "social",
          "settings": {
            "socials_align": "start",
            "social_mode": "2",
            "social_style": "1",
            "social_size": "extra_small",
            "bd_radius": 0,
            "use_color_set": true,
            "icon_cl": "#222222",
            "bg_cl": "#222222",
            "space_h_item": "20",
            "space_v_item": "5",
            "space_h_item_mb": "20",
            "space_v_item_mb": "4"
          }
        },
        "95d4f334-8ea7-4cd2-b609-2373b1e848b8": {
          "type": "tab_des",
          "settings": {
            "title": "Description"
          }
        },
        "e36839f5-0847-44e2-97d3-2885597bd1ff": {
          "type": "tab_add",
          "settings": {
            "title": "Additional Information"
          }
        },
        "56e67368-7424-4d73-8f14-dacdda4c59be": {
          "type": "tab_rivui",
          "settings": {
            "title": "Reviews",
            "review_liquid": ""
          }
        }
      },
      "block_order": [
        "title",
        "price_review",
        "description",
        "form",
        "23551ebc-3be1-40d6-81b2-30f03478cccb",
        "size_delivery_ask",
        "meta",
        "4b4a3a11-c923-49d7-871e-4575c49f23fc",
        "95d4f334-8ea7-4cd2-b609-2373b1e848b8",
        "e36839f5-0847-44e2-97d3-2885597bd1ff",
        "56e67368-7424-4d73-8f14-dacdda4c59be"
      ],
      "settings": {
        "pr_layout": "full",
        "enable_sticky_info": true,
        "media_layout": "thumbnails_left",
        "media_size": "medium",
        "thumb_lr_size": "medium",
        "image_ratio": "ratioadapt",
        "image_size": "cover",
        "image_position": "8",
        "main_click": "zoom",
        "zoom_tp": "external",
        "enable_zoom_icon": true,
        "enable_zoom_click_mb": true,
        "enable_video_looping": false,
        "nav_btn": false,
        "btn_vi": "hover",
        "btn_owl": "default",
        "btn_shape": "none",
        "btn_cl": "dark",
        "btn_size": "small",
        "btn_hidden_mobile": true,
        "tabs_design": "tab",
        "tabs_design_mb": "accordion",
        "tabs_position": "external",
        "enable_first_tab": false,
        "bg": "#ffffff",
        "bg_mb": "#ffffff"
      }
    },
    "sidebar": {
      "type": "sidebar-product",
      "blocks": {
        "f01b181b-62ee-4735-8e25-32cb71ccfaba": {
          "type": "category",
          "settings": {
            "title_category": "Product Categories",
            "cat_source": "1",
            "cat_link_list": "",
            "count": true
          }
        },
        "f65f464b-9487-43be-9c91-8688a098bb6f": {
          "type": "collection",
          "settings": {
            "title_fea_pr": "Sale Products",
            "collection": "frontpage",
            "limit_pr": 5,
            "image_ratio": "t4s_ratioadapt",
            "image_size": "t4s_cover",
            "image_position": "t4s_position_8"
          }
        },
        "83340bb8-58d2-4148-89e2-a4c7a01cf792": {
          "type": "instagram",
          "settings": {
            "title_ins": "Instagram",
            "mode": "2",
            "acc": "",
            "limit": 12,
            "open_link": "_blank",
            "round": 0,
            "col_dk": "3",
            "space_item": "6"
          }
        },
        "9ce9ded8-1cef-4e32-b98b-47364ffa328c": {
          "type": "shipping",
          "settings": {
            "title": "Shipping & Delivery",
            "shipping_1": "las la-truck,FREE SHIPPING,Free shipping for all US order",
            "shipping_2": "las la-headset,SUPPORT 24\/7,We support 24 hours a day",
            "shipping_3": "las la-exchange-alt,30 DAYS RETURN,You have 30 days to return",
            "shipping_4": "",
            "shipping_5": "",
            "shipping_6": ""
          }
        },
        "4a9c6ae8-f3b4-4192-a6d1-82d01670bce6": {
          "type": "image",
          "settings": {
            "b_link": "",
            "open_link": "_self",
            "img_effect": "none",
            "date": "2022\/12\/26",
            "content_align": "center",
            "cdt_des": "2",
            "countdown_pos": "2",
            "cdt_size": "medium",
            "box_bdr": 0,
            "bd_width": 0,
            "space_item": 10,
            "number_cl": "#ffffff",
            "text_cl": "#ffffff",
            "border_cl": "#000000",
            "bg_cl": "#000000"
          }
        }
      },
      "block_order": [
        "f01b181b-62ee-4735-8e25-32cb71ccfaba",
        "f65f464b-9487-43be-9c91-8688a098bb6f",
        "83340bb8-58d2-4148-89e2-a4c7a01cf792",
        "9ce9ded8-1cef-4e32-b98b-47364ffa328c",
        "4a9c6ae8-f3b4-4192-a6d1-82d01670bce6"
      ],
      "disabled": true,
      "settings": {
        "enable_drawer": true,
        "space": 50,
        "size": "medium",
        "br_style": "none",
        "brcolor": "#222222",
        "sidebar_bdr": 5,
        "sidebar_pd": 10
      }
    },
    "product-recommendations": {
      "type": "product-recommendations",
      "settings": {
        "show": true,
        "design_heading": "1",
        "heading_align": "t4s-text-center",
        "top_heading": "You may also like",
        "icon_heading": "las la-gem",
        "top_subheading": "",
        "tophead_mb": 30,
        "product_des": "1",
        "show_vendor": false,
        "limit": 12,
        "display_type": "4",
        "image_ratio": "rationt",
        "image_size": "nt_cover",
        "image_position": "8",
        "content_align": "default",
        "col_dk": "4",
        "col_tb": "2",
        "col_mb": "2",
        "space_h_item": "30",
        "space_v_item": "30",
        "space_h_item_mb": "10",
        "space_v_item_mb": "10",
        "layout_des": "2",
        "loop": true,
        "au_time": 0,
        "au_hover": true,
        "nav_btn": true,
        "btn_vi": "1",
        "btn_owl": "outline",
        "btn_shape": "round",
        "btn_cl": "dark",
        "btn_size": "small",
        "btn_hidden_mobile": true,
        "nav_dot": false,
        "dot_owl": "1",
        "dots_cl": "dark",
        "dots_round": true,
        "dots_space": 10,
        "dots_hidden_mobile": false,
        "layout": "t4s-container-wrap",
        "cl_bg": "",
        "cl_bg_gradient": "",
        "mg": "75px,,50px,",
        "pd": "",
        "mg_mb": ",,30px,",
        "pd_mb": ""
      }
    },
    "recently-viewed-products": {
      "type": "recently_viewed",
      "settings": {
        "show": true,
        "design_heading": "1",
        "heading_align": "t4s-text-center",
        "top_heading": "Recently viewed products",
        "icon_heading": "las la-gem",
        "top_subheading": "",
        "tophead_mb": 30,
        "product_des": "1",
        "show_vendor": false,
        "limit": 14,
        "sortby": "1",
        "unavailable_prs": "show",
        "image_ratio": "rationt",
        "image_size": "cover",
        "image_position": "8",
        "content_align": "default",
        "col_dk": "4",
        "col_tb": "2",
        "col_mb": "2",
        "space_h_item": "30",
        "space_v_item": "30",
        "space_h_item_mb": "10",
        "space_v_item_mb": "10",
        "layout_des": "2",
        "loop": true,
        "au_time": 0,
        "au_hover": true,
        "nav_btn": true,
        "btn_vi": "always",
        "btn_owl": "outline",
        "btn_shape": "round",
        "btn_cl": "dark",
        "btn_size": "small",
        "btn_hidden_mobile": true,
        "nav_dot": false,
        "dot_owl": "default",
        "dots_cl": "dark",
        "dots_round": true,
        "dots_space": 10,
        "dots_hidden_mobile": false,
        "layout": "t4s-container-wrap",
        "cl_bg": "",
        "cl_bg_gradient": "",
        "mg": "75px,,50px,",
        "pd": "",
        "mg_mb": ",,30px,",
        "pd_mb": ""
      }
    },
    "165214521432b8895f": {
      "type": "collections-list-manual",
      "blocks": {
        "165214521434729ec1-0": {
          "type": "collection_item",
          "settings": {
            "collection": "",
            "collection_title": "Collection title",
            "collection_link": ""
          }
        },
        "165214521434729ec1-1": {
          "type": "collection_item",
          "settings": {
            "collection": "",
            "collection_title": "Collection title",
            "collection_link": ""
          }
        },
        "165214521434729ec1-2": {
          "type": "collection_item",
          "settings": {
            "collection": "",
            "collection_title": "Collection title",
            "collection_link": ""
          }
        }
      },
      "block_order": [
        "165214521434729ec1-0",
        "165214521434729ec1-1",
        "165214521434729ec1-2"
      ],
      "settings": {
        "design_heading": "1",
        "heading_align": "t4s-text-center",
        "top_heading": "Collections list manual",
        "icon_heading": "las la-gem",
        "top_subheading": "",
        "tophead_mb": 30,
        "collection_des": "1",
        "title_cl": "#ffffff",
        "title_cl_hover": "#222222",
        "subtitle_cl": "#878787",
        "count_cl": "#222222",
        "border_cl": "#e5e5e5",
        "collection_subtitle": "Products",
        "open_link": "_self",
        "space_bottom": 20,
        "space_bottom_mb": 10,
        "border": false,
        "item_rd": 0,
        "img_effect": "none",
        "b_effect": "none",
        "image_position": "8",
        "coll_layout": "3",
        "layout": "t4s-container-wrap",
        "cl_bg": "",
        "cl_bg_gradient": "",
        "mg": ",,50px,",
        "pd": "",
        "mg_mb": ",,30px,",
        "pd_mb": "",
        "use_cus_css": false,
        "code_cus_css": ".SectionID {\nbackground-color:red\n}"
      }
    }
  },
  "order": [
    "breadcrumb",
    "main",
    "sidebar",
    "product-recommendations",
    "recently-viewed-products",
    "165214521432b8895f"
  ]
}