{
  "sections": {
    "breadcrumb": {
      "type": "brc-nav-product",
      "settings": {
        "breadcrumb_pr": true,
        "back_next_pr": true
      }
    },
    "main": {
      "type": "main-product",
      "blocks": {
        "title": {
          "type": "title",
          "settings": {
            "txt_tr_pr": "none",
            "fnt_df_pr": "1",
            "size_pr": 16,
            "fw_pr": 600,
            "lh_pr": 0,
            "ls_pr": 0,
            "pr_title_color": "#222222"
          }
        },
        "price_review": {
          "type": "price_review",
          "settings": {
            "price": "0",
            "tax_ship": false,
            "rating": true,
            "review_liquid": "",
            "size_price_pr": 22,
            "fw_price_pr": 400,
            "price_color": "#696969",
            "price_sale_color": "#ec0101"
          }
        },
        "description": {
          "type": "description",
          "settings": {
            "des": "2",
            "text": "<p>Go kalles this summer with this vintage navy and white striped v-neck t-shirt from the Nike. Perfect for pairing with denim and white kicks for a stylish kalles vibe.<\/p>",
            "length": 31,
            "readm": false,
            "readm_txt": "Read more"
          }
        },
        "0b85c082-3bd2-4edb-9e38-55ea733de6e1": {
          "type": "countdown",
          "settings": {
            "source": "1",
            "icon": "2",
            "icon_name": "las la-stopwatch",
            "ani": "none",
            "al": "center",
            "mess": "Hurry up! Sale Ends in",
            "size": 16,
            "dayx": 0,
            "stock_time": "8:00:00,16:00:00,23:59:59",
            "loop": false,
            "cdt_des": "3",
            "cdt_size": "extra_large",
            "box_bdr": 0,
            "bd_width": 0,
            "space_item": 50,
            "space_item_mb": 15,
            "number_cl": "#222222",
            "text_cl": "#222222",
            "border_cl": "#000000",
            "bg_cl": "#000000"
          }
        },
        "form": {
          "type": "form",
          "settings": {
            "selector_mode": "circle",
            "color_mode": "color is-sw-cl__round",
            "color_size": "medium",
            "show_qty": true,
            "enable_wishlist": true,
            "enable_compare": true,
            "btn_atc_full": false,
            "pr_btn_round": 40,
            "ani": "t4s-ani-shake",
            "time": 6,
            "btn_txt": "3",
            "btn_icon": false,
            "button_style": "default",
            "button_color": "primary",
            "button_effect": "default",
            "show_dynamic_checkout": false,
            "btn_txt2": "3",
            "button_color_payment": "dark",
            "product_list": [],
            "show_product_current": true,
            "qty_val": "0"
          }
        },
        "23551ebc-3be1-40d6-81b2-30f03478cccb": {
          "type": "img",
          "settings": {
            "al": "start",
            "mess": "",
            "size": 16,
            "source": "1",
            "image": "shopify:\/\/shop_images\/trust_img2_2eeb3a29-a319-4587-a399-d448de7e8c33.png",
            "wimg": 70,
            "svg": "amazon_payments,american_express,apple_pay,bitcoin,dankort,diners_club,discover,dogecoin,dwolla,forbrugsforeningen,interac,google_pay,jcb,klarna,klarna-pay-later,litecoin,maestro,master,paypal,shopify_pay,sofort,visa",
            "height": 11
          }
        },
        "size_delivery_ask": {
          "type": "size_delivery_ask",
          "settings": {
            "size_chart": "3",
            "pos_sizeg": "1",
            "sc_type": "1",
            "page": "size-chart",
            "size_ck": "",
            "delivery": true,
            "page_dr": "delivery-return",
            "ask": false
          }
        },
        "meta": {
          "type": "meta",
          "settings": {
            "show_options": false,
            "show_vendor": false,
            "show_type": false,
            "show_sku": true,
            "show_barcode": false,
            "show_available": true,
            "show_category": true,
            "show_tags": true
          }
        },
        "13bb3271-6a02-4d8b-8c73-a7e59157997e": {
          "type": "social",
          "settings": {
            "socials_align": "start",
            "social_mode": "2",
            "social_style": "1",
            "social_size": "extra_small",
            "bd_radius": 0,
            "use_color_set": true,
            "icon_cl": "#222222",
            "bg_cl": "#ff4e00",
            "space_h_item": "20",
            "space_v_item": "5",
            "space_h_item_mb": "20",
            "space_v_item_mb": "4"
          }
        },
        "95d4f334-8ea7-4cd2-b609-2373b1e848b8": {
          "type": "tab_des",
          "settings": {
            "title": "Description"
          }
        },
        "e36839f5-0847-44e2-97d3-2885597bd1ff": {
          "type": "tab_add",
          "settings": {
            "title": "Additional Information"
          }
        },
        "56e67368-7424-4d73-8f14-dacdda4c59be": {
          "type": "tab_rivui",
          "settings": {
            "title": "Reviews",
            "review_liquid": ""
          }
        }
      },
      "block_order": [
        "title",
        "price_review",
        "description",
        "0b85c082-3bd2-4edb-9e38-55ea733de6e1",
        "form",
        "23551ebc-3be1-40d6-81b2-30f03478cccb",
        "size_delivery_ask",
        "meta",
        "13bb3271-6a02-4d8b-8c73-a7e59157997e",
        "95d4f334-8ea7-4cd2-b609-2373b1e848b8",
        "e36839f5-0847-44e2-97d3-2885597bd1ff",
        "56e67368-7424-4d73-8f14-dacdda4c59be"
      ],
      "settings": {
        "pr_layout": "default",
        "enable_sticky_info": true,
        "media_layout": "without_thumbnails",
        "media_size": "medium",
        "thumb_lr_size": "medium",
        "image_ratio": "ratioadapt",
        "image_size": "cover",
        "image_position": "8",
        "main_click": "zoom",
        "zoom_tp": "external",
        "enable_zoom_icon": true,
        "enable_zoom_click_mb": true,
        "enable_video_looping": false,
        "nav_btn": true,
        "btn_vi": "hover",
        "btn_owl": "outline",
        "btn_shape": "round",
        "btn_cl": "dark",
        "btn_size": "small",
        "btn_hidden_mobile": true,
        "tabs_design": "tab",
        "tabs_design_mb": "accordion",
        "tabs_position": "external",
        "enable_first_tab": false,
        "bg": "#ffffff",
        "bg_mb": "#ffffff",
        "product_list": []
      }
    },
    "sidebar": {
      "type": "sidebar-product",
      "blocks": {
        "9ce9ded8-1cef-4e32-b98b-47364ffa328c": {
          "type": "shipping",
          "settings": {
            "title": "Shipping & Delivery",
            "shipping_1": "las la-truck,FREE SHIPPING,Free shipping for all US order",
            "shipping_2": "las la-headset,SUPPORT 24\/7,We support 24 hours a day",
            "shipping_3": "las la-exchange-alt,30 DAYS RETURN,You have 30 days to return",
            "shipping_4": "",
            "shipping_5": "",
            "shipping_6": ""
          }
        },
        "add90ab6-465f-4f96-a804-927c59f4b8db": {
          "type": "gallery",
          "settings": {
            "title_gallery": "Instagram",
            "img1": "shopify:\/\/shop_images\/ins1_1.jpg",
            "link1": "#",
            "img2": "shopify:\/\/shop_images\/ins1_8.jpg",
            "link2": "#",
            "img3": "shopify:\/\/shop_images\/ins1_14.jpg",
            "link3": "#",
            "img4": "shopify:\/\/shop_images\/ins1_2.jpg",
            "link4": "#",
            "img5": "shopify:\/\/shop_images\/ins1_13.jpg",
            "link5": "#",
            "img6": "shopify:\/\/shop_images\/ins1_4.jpg",
            "link6": "#",
            "img7": "shopify:\/\/shop_images\/ins1_6.jpg",
            "link7": "#",
            "img8": "shopify:\/\/shop_images\/ins1_7.jpg",
            "link8": "#",
            "img9": "shopify:\/\/shop_images\/ins1_5.jpg",
            "link9": "#",
            "open_link": "_blank",
            "round": 0,
            "col_dk": "3",
            "space_item": "2"
          }
        }
      },
      "block_order": [
        "9ce9ded8-1cef-4e32-b98b-47364ffa328c",
        "add90ab6-465f-4f96-a804-927c59f4b8db"
      ],
      "settings": {
        "enable_drawer": true,
        "space": 50,
        "size": "medium",
        "br_style": "none",
        "brcolor": "#222222",
        "sidebar_bdr": 5,
        "sidebar_pd": 10
      }
    },
    "product-recommendations": {
      "type": "product-recommendations",
      "settings": {
        "show": true,
        "design_heading": "1",
        "heading_align": "t4s-text-center",
        "top_heading": "You may also like",
        "icon_heading": "las la-gem",
        "top_subheading": "",
        "tophead_mb": 30,
        "product_des": "1",
        "show_vendor": false,
        "limit": 12,
        "display_type": "4",
        "image_ratio": "rationt",
        "image_size": "nt_cover",
        "image_position": "8",
        "content_align": "default",
        "col_dk": "4",
        "col_tb": "2",
        "col_mb": "2",
        "space_h_item": "30",
        "space_v_item": "30",
        "space_h_item_mb": "10",
        "space_v_item_mb": "10",
        "layout_des": "2",
        "loop": true,
        "au_time": 0,
        "au_hover": true,
        "nav_btn": true,
        "btn_vi": "1",
        "btn_owl": "outline",
        "btn_shape": "round",
        "btn_cl": "dark",
        "btn_size": "small",
        "btn_hidden_mobile": true,
        "nav_dot": false,
        "dot_owl": "1",
        "dots_cl": "dark",
        "dots_round": true,
        "dots_space": 10,
        "dots_hidden_mobile": false,
        "layout": "t4s-container-wrap",
        "cl_bg": "",
        "cl_bg_gradient": "",
        "mg": "75px,,50px,",
        "pd": "",
        "mg_mb": ",,30px,",
        "pd_mb": ""
      }
    },
    "recently-viewed-products": {
      "type": "recently_viewed",
      "settings": {
        "show": true,
        "design_heading": "1",
        "heading_align": "t4s-text-center",
        "top_heading": "Recently viewed products",
        "icon_heading": "las la-gem",
        "top_subheading": "",
        "tophead_mb": 30,
        "product_des": "1",
        "show_vendor": false,
        "limit": 14,
        "sortby": "1",
        "unavailable_prs": "show",
        "image_ratio": "rationt",
        "image_size": "cover",
        "image_position": "8",
        "content_align": "default",
        "col_dk": "4",
        "col_tb": "2",
        "col_mb": "2",
        "space_h_item": "30",
        "space_v_item": "30",
        "space_h_item_mb": "10",
        "space_v_item_mb": "10",
        "layout_des": "2",
        "loop": true,
        "au_time": 0,
        "au_hover": true,
        "nav_btn": true,
        "btn_vi": "always",
        "btn_owl": "outline",
        "btn_shape": "round",
        "btn_cl": "dark",
        "btn_size": "small",
        "btn_hidden_mobile": true,
        "nav_dot": false,
        "dot_owl": "default",
        "dots_cl": "dark",
        "dots_round": true,
        "dots_space": 10,
        "dots_hidden_mobile": false,
        "layout": "t4s-container-wrap",
        "cl_bg": "",
        "cl_bg_gradient": "",
        "mg": "75px,,50px,",
        "pd": "",
        "mg_mb": ",,30px,",
        "pd_mb": ""
      }
    }
  },
  "order": [
    "breadcrumb",
    "main",
    "sidebar",
    "product-recommendations",
    "recently-viewed-products"
  ]
}