{
  "sections": {
    "16468880690dccc7e3": {
      "type": "banner",
      "blocks": {
        "164688806880d78246-0": {
          "type": "b_item",
          "settings": {
            "custom_dk": true,
            "height_dk": 600,
            "custom_tb": true,
            "height_tb": 400,
            "custom_mb": true,
            "height_mb": 300,
            "image": "shopify:\/\/shop_images\/01_720x_11fcb468-1a58-429e-84d5-deb894d0d286.jpg",
            "b_link": "",
            "open_link": "_self",
            "img_effect": "zoom",
            "b_effect": "plus-zoom-overlay",
            "col_dk": "4",
            "col_tb": "4",
            "col_mb": "12",
            "content_align": "start",
            "content_align_mobile": "start",
            "content_width": "auto",
            "cv_pos": 93,
            "ch_pos": 10,
            "cv_pos_mb": 93,
            "ch_pos_mb": 10,
            "bg_overlay": "#000000",
            "bg_opacity": 0,
            "bg_content_bl": false,
            "bg_content_cl": "#ffffff",
            "bg_content_op": 50,
            "content_pd_tb": 20,
            "content_pd_lr": 20,
            "content_pd_tb_mb": 10,
            "content_pd_lr_mb": 10,
            "border_bl": false,
            "br_color": "#222222",
            "br_bg": "#ffffff",
            "br_opacity": 50,
            "br_style": "solid",
            "br_pd": 20,
            "br_pd_mb": 10,
            "time_animation": 1,
            "animation_delay": 40
          }
        },
        "164688806880d78246-2": {
          "type": "custom_text",
          "settings": {
            "text": "Ultra Boost Shoes",
            "remove_br_tag": false,
            "fontf": "inherit",
            "text_cl": "#ffffff",
            "text_fs": 30,
            "text_lh": 40,
            "text_fw": 500,
            "text_ls": 0,
            "font_italic": false,
            "text_shadow": false,
            "text_mgb": 0,
            "hidden_mobile": false,
            "text_fs_mb": 24,
            "text_lh_mb": 30,
            "text_ls_mb": 0,
            "text_mgb_mobile": 0,
            "animation": "fadeInRight"
          }
        },
        "87b77572-b7a7-4a49-9fcc-29ce813af52f": {
          "type": "custom_button",
          "settings": {
            "button_text": "SHOP ADIDAS <i class=\"las la-angle-right\"><\/i>",
            "button_link": "shopify:\/\/collections",
            "target_link": "_self",
            "fontf": "inherit",
            "button_icon_w": 0,
            "button_style": "link",
            "button_effect": "fade",
            "pri_cl": "#ffffff",
            "second_cl": "",
            "pri_cl_hover": "#c91f28",
            "second_cl_hover": "#ffffff",
            "fsbutton": 12,
            "fwbutton": 500,
            "button_ls": 2,
            "button_mh": 42,
            "button_bdr": 0,
            "button_pd_lr": 30,
            "button_mgb": 0,
            "hidden_mobile": false,
            "button_icon_w_mb": 0,
            "fsbutton_mb": 12,
            "button_mh_mb": 36,
            "button_pd_lr_mb": 15,
            "button_ls_mb": 0,
            "button_mgb_mb": 0,
            "animation": "fadeInRight"
          }
        },
        "164688806880d78246-3": {
          "type": "b_item",
          "settings": {
            "custom_dk": true,
            "height_dk": 600,
            "custom_tb": true,
            "height_tb": 400,
            "custom_mb": true,
            "height_mb": 300,
            "image": "shopify:\/\/shop_images\/02_720x_e3d46b24-a93d-4dd5-b8fa-840f67ef3a58.jpg",
            "b_link": "",
            "open_link": "_self",
            "img_effect": "zoom",
            "b_effect": "plus-zoom-overlay",
            "col_dk": "4",
            "col_tb": "4",
            "col_mb": "12",
            "content_align": "start",
            "content_align_mobile": "start",
            "content_width": "auto",
            "cv_pos": 93,
            "ch_pos": 10,
            "cv_pos_mb": 93,
            "ch_pos_mb": 10,
            "bg_overlay": "#000000",
            "bg_opacity": 0,
            "bg_content_bl": false,
            "bg_content_cl": "#ffffff",
            "bg_content_op": 50,
            "content_pd_tb": 20,
            "content_pd_lr": 20,
            "content_pd_tb_mb": 10,
            "content_pd_lr_mb": 10,
            "border_bl": false,
            "br_color": "#222222",
            "br_bg": "#ffffff",
            "br_opacity": 50,
            "br_style": "solid",
            "br_pd": 20,
            "br_pd_mb": 10,
            "time_animation": 1,
            "animation_delay": 40
          }
        },
        "164688806880d78246-4": {
          "type": "custom_text",
          "settings": {
            "text": "Toms Exclusives",
            "remove_br_tag": false,
            "fontf": "inherit",
            "text_cl": "#ffffff",
            "text_fs": 30,
            "text_lh": 40,
            "text_fw": 500,
            "text_ls": 0,
            "font_italic": false,
            "text_shadow": false,
            "text_mgb": 0,
            "hidden_mobile": false,
            "text_fs_mb": 24,
            "text_lh_mb": 30,
            "text_ls_mb": 0,
            "text_mgb_mobile": 0,
            "animation": "fadeInRight"
          }
        },
        "87b77572-b7a7-4a49-9fcc-29ce813af52g": {
          "type": "custom_button",
          "settings": {
            "button_text": "SHOP TOM <i class=\"las la-angle-right\"><\/i>",
            "button_link": "shopify:\/\/collections",
            "target_link": "_self",
            "fontf": "inherit",
            "button_icon_w": 0,
            "button_style": "link",
            "button_effect": "fade",
            "pri_cl": "#ffffff",
            "second_cl": "",
            "pri_cl_hover": "#c91f28",
            "second_cl_hover": "#ffffff",
            "fsbutton": 12,
            "fwbutton": 500,
            "button_ls": 2,
            "button_mh": 42,
            "button_bdr": 0,
            "button_pd_lr": 30,
            "button_mgb": 0,
            "hidden_mobile": false,
            "button_icon_w_mb": 0,
            "fsbutton_mb": 12,
            "button_mh_mb": 36,
            "button_pd_lr_mb": 15,
            "button_ls_mb": 0,
            "button_mgb_mb": 0,
            "animation": "fadeInRight"
          }
        },
        "164688806880d78246-5": {
          "type": "b_item",
          "settings": {
            "custom_dk": true,
            "height_dk": 600,
            "custom_tb": true,
            "height_tb": 400,
            "custom_mb": true,
            "height_mb": 300,
            "image": "shopify:\/\/shop_images\/05_720x_600x_61cdc06f-a04a-4f22-a043-6d83de8eade9.jpg",
            "b_link": "",
            "open_link": "_self",
            "img_effect": "zoom",
            "b_effect": "plus-zoom-overlay",
            "col_dk": "4",
            "col_tb": "4",
            "col_mb": "12",
            "content_align": "start",
            "content_align_mobile": "start",
            "content_width": "auto",
            "cv_pos": 93,
            "ch_pos": 10,
            "cv_pos_mb": 93,
            "ch_pos_mb": 10,
            "bg_overlay": "#000000",
            "bg_opacity": 0,
            "bg_content_bl": false,
            "bg_content_cl": "#ffffff",
            "bg_content_op": 50,
            "content_pd_tb": 20,
            "content_pd_lr": 20,
            "content_pd_tb_mb": 10,
            "content_pd_lr_mb": 10,
            "border_bl": false,
            "br_color": "#222222",
            "br_bg": "#ffffff",
            "br_opacity": 50,
            "br_style": "solid",
            "br_pd": 20,
            "br_pd_mb": 10,
            "time_animation": 1,
            "animation_delay": 40
          }
        },
        "164688806880d78246-6": {
          "type": "custom_text",
          "settings": {
            "text": "The Ragged Priest",
            "remove_br_tag": false,
            "fontf": "inherit",
            "text_cl": "#ffffff",
            "text_fs": 30,
            "text_lh": 40,
            "text_fw": 500,
            "text_ls": 0,
            "font_italic": false,
            "text_shadow": false,
            "text_mgb": 0,
            "hidden_mobile": false,
            "text_fs_mb": 24,
            "text_lh_mb": 30,
            "text_ls_mb": 0,
            "text_mgb_mobile": 0,
            "animation": "fadeInDown"
          }
        },
        "87b77572-b7a7-4a49-9fcc-29ce813af52h": {
          "type": "custom_button",
          "settings": {
            "button_text": "SHOP NOW <i class=\"las la-angle-right\"><\/i>",
            "button_link": "shopify:\/\/collections",
            "target_link": "_self",
            "fontf": "inherit",
            "button_icon_w": 0,
            "button_style": "link",
            "button_effect": "fade",
            "pri_cl": "#ffffff",
            "second_cl": "",
            "pri_cl_hover": "#c91f28",
            "second_cl_hover": "#ffffff",
            "fsbutton": 12,
            "fwbutton": 500,
            "button_ls": 2,
            "button_mh": 42,
            "button_bdr": 0,
            "button_pd_lr": 30,
            "button_mgb": 0,
            "hidden_mobile": false,
            "button_icon_w_mb": 0,
            "fsbutton_mb": 12,
            "button_mh_mb": 36,
            "button_pd_lr_mb": 15,
            "button_ls_mb": 0,
            "button_mgb_mb": 0,
            "animation": "fadeInDown"
          }
        },
        "164688806880d78246-7": {
          "type": "b_item",
          "settings": {
            "custom_dk": true,
            "height_dk": 600,
            "custom_tb": true,
            "height_tb": 400,
            "custom_mb": true,
            "height_mb": 300,
            "image": "shopify:\/\/shop_images\/03_720x_c31db244-03c4-4646-8aa8-c2832b4fe334.jpg",
            "b_link": "",
            "open_link": "_self",
            "img_effect": "zoom",
            "b_effect": "plus-zoom-overlay",
            "col_dk": "4",
            "col_tb": "4",
            "col_mb": "12",
            "content_align": "start",
            "content_align_mobile": "start",
            "content_width": "auto",
            "cv_pos": 93,
            "ch_pos": 10,
            "cv_pos_mb": 93,
            "ch_pos_mb": 10,
            "bg_overlay": "#000000",
            "bg_opacity": 0,
            "bg_content_bl": false,
            "bg_content_cl": "#ffffff",
            "bg_content_op": 50,
            "content_pd_tb": 20,
            "content_pd_lr": 20,
            "content_pd_tb_mb": 10,
            "content_pd_lr_mb": 10,
            "border_bl": false,
            "br_color": "#222222",
            "br_bg": "#ffffff",
            "br_opacity": 50,
            "br_style": "solid",
            "br_pd": 20,
            "br_pd_mb": 10,
            "time_animation": 1,
            "animation_delay": 40
          }
        },
        "164688806880d78246-8": {
          "type": "custom_text",
          "settings": {
            "text": "Faded To Perfection",
            "remove_br_tag": false,
            "fontf": "inherit",
            "text_cl": "#ffffff",
            "text_fs": 30,
            "text_lh": 40,
            "text_fw": 500,
            "text_ls": 0,
            "font_italic": false,
            "text_shadow": false,
            "text_mgb": 0,
            "hidden_mobile": false,
            "text_fs_mb": 24,
            "text_lh_mb": 30,
            "text_ls_mb": 0,
            "text_mgb_mobile": 0,
            "animation": "fadeInLeft"
          }
        },
        "87b77572-b7a7-4a49-9fcc-29ce813af52i": {
          "type": "custom_button",
          "settings": {
            "button_text": "SHOP ECCO <i class=\"las la-angle-right\"><\/i>",
            "button_link": "shopify:\/\/collections",
            "target_link": "_self",
            "fontf": "inherit",
            "button_icon_w": 0,
            "button_style": "link",
            "button_effect": "fade",
            "pri_cl": "#ffffff",
            "second_cl": "",
            "pri_cl_hover": "#c91f28",
            "second_cl_hover": "#ffffff",
            "fsbutton": 12,
            "fwbutton": 500,
            "button_ls": 2,
            "button_mh": 42,
            "button_bdr": 0,
            "button_pd_lr": 30,
            "button_mgb": 0,
            "hidden_mobile": false,
            "button_icon_w_mb": 0,
            "fsbutton_mb": 12,
            "button_mh_mb": 36,
            "button_pd_lr_mb": 15,
            "button_ls_mb": 0,
            "button_mgb_mb": 0,
            "animation": "fadeInRight"
          }
        },
        "164688806880d78246-9": {
          "type": "b_item",
          "settings": {
            "custom_dk": true,
            "height_dk": 600,
            "custom_tb": true,
            "height_tb": 400,
            "custom_mb": true,
            "height_mb": 300,
            "image": "shopify:\/\/shop_images\/04_720x_e9fa28ca-2048-4d27-82bf-695916dc2c8b.jpg",
            "b_link": "",
            "open_link": "_self",
            "img_effect": "zoom",
            "b_effect": "plus-zoom-overlay",
            "col_dk": "4",
            "col_tb": "4",
            "col_mb": "12",
            "content_align": "start",
            "content_align_mobile": "start",
            "content_width": "auto",
            "cv_pos": 93,
            "ch_pos": 10,
            "cv_pos_mb": 93,
            "ch_pos_mb": 10,
            "bg_overlay": "#000000",
            "bg_opacity": 0,
            "bg_content_bl": false,
            "bg_content_cl": "#ffffff",
            "bg_content_op": 50,
            "content_pd_tb": 20,
            "content_pd_lr": 20,
            "content_pd_tb_mb": 10,
            "content_pd_lr_mb": 10,
            "border_bl": false,
            "br_color": "#222222",
            "br_bg": "#ffffff",
            "br_opacity": 50,
            "br_style": "solid",
            "br_pd": 20,
            "br_pd_mb": 10,
            "time_animation": 1,
            "animation_delay": 40
          }
        },
        "164688806880d78247-2": {
          "type": "custom_text",
          "settings": {
            "text": "Summer Ready",
            "remove_br_tag": false,
            "fontf": "inherit",
            "text_cl": "#ffffff",
            "text_fs": 30,
            "text_lh": 40,
            "text_fw": 500,
            "text_ls": 0,
            "font_italic": false,
            "text_shadow": false,
            "text_mgb": 0,
            "hidden_mobile": false,
            "text_fs_mb": 24,
            "text_lh_mb": 30,
            "text_ls_mb": 0,
            "text_mgb_mobile": 0,
            "animation": "fadeInRight"
          }
        },
        "87b77572-b7a7-4a49-9fcc-29ce813af52k": {
          "type": "custom_button",
          "settings": {
            "button_text": "SHOP CONVERSE <i class=\"las la-angle-right\"><\/i>",
            "button_link": "shopify:\/\/collections",
            "target_link": "_self",
            "fontf": "inherit",
            "button_icon_w": 0,
            "button_style": "link",
            "button_effect": "fade",
            "pri_cl": "#ffffff",
            "second_cl": "",
            "pri_cl_hover": "#c91f28",
            "second_cl_hover": "#ffffff",
            "fsbutton": 12,
            "fwbutton": 500,
            "button_ls": 2,
            "button_mh": 42,
            "button_bdr": 0,
            "button_pd_lr": 30,
            "button_mgb": 0,
            "hidden_mobile": false,
            "button_icon_w_mb": 0,
            "fsbutton_mb": 12,
            "button_mh_mb": 36,
            "button_pd_lr_mb": 15,
            "button_ls_mb": 0,
            "button_mgb_mb": 0,
            "animation": "fadeInRight"
          }
        }
      },
      "block_order": [
        "164688806880d78246-0",
        "164688806880d78246-2",
        "87b77572-b7a7-4a49-9fcc-29ce813af52f",
        "164688806880d78246-3",
        "164688806880d78246-4",
        "87b77572-b7a7-4a49-9fcc-29ce813af52g",
        "164688806880d78246-5",
        "164688806880d78246-6",
        "87b77572-b7a7-4a49-9fcc-29ce813af52h",
        "164688806880d78246-7",
        "164688806880d78246-8",
        "87b77572-b7a7-4a49-9fcc-29ce813af52i",
        "164688806880d78246-9",
        "164688806880d78247-2",
        "87b77572-b7a7-4a49-9fcc-29ce813af52k"
      ],
      "settings": {
        "image_ratio": "ratioadapt",
        "image_size": "cover",
        "image_position": "8",
        "equal_height": false,
        "space_h_item": "10",
        "space_v_item": "10",
        "space_h_item_mb": "10",
        "space_v_item_mb": "10",
        "layout": "t4s-container-fluid",
        "cl_bg": "",
        "cl_bg_gradient": "",
        "mg": ",,10px,",
        "pd": "",
        "mg_mb": ",,30px,",
        "pd_mb": "",
        "use_cus_css": false,
        "code_cus_css": ".SectionID {\nbackground-color:red\n}"
      }
    },
    "1646881737178e8cd0": {
      "type": "logo_list",
      "blocks": {
        "164688173716ee21cb-3": {
          "type": "logo_item",
          "settings": {
            "image": "shopify:\/\/shop_images\/1_9de9ac05-c879-44be-b46a-6dd99ed52e46.png",
            "url": ""
          }
        },
        "164688173716ee21cb-0": {
          "type": "logo_item",
          "settings": {
            "image": "shopify:\/\/shop_images\/2_1a783674-cba1-4754-a70c-8ba890ec9233.png",
            "url": ""
          }
        },
        "164688173716ee21cb-2": {
          "type": "logo_item",
          "settings": {
            "image": "shopify:\/\/shop_images\/3.png",
            "url": ""
          }
        },
        "164688173716ee21cb-1": {
          "type": "logo_item",
          "settings": {
            "image": "shopify:\/\/shop_images\/4.png",
            "url": ""
          }
        },
        "164688173716ee21cb-4": {
          "type": "logo_item",
          "settings": {
            "image": "shopify:\/\/shop_images\/5.png",
            "url": ""
          }
        },
        "164688173716ee21cb-5": {
          "type": "logo_item",
          "settings": {
            "image": "shopify:\/\/shop_images\/6.png",
            "url": ""
          }
        }
      },
      "block_order": [
        "164688173716ee21cb-3",
        "164688173716ee21cb-0",
        "164688173716ee21cb-2",
        "164688173716ee21cb-1",
        "164688173716ee21cb-4",
        "164688173716ee21cb-5"
      ],
      "settings": {
        "design_heading": "1",
        "heading_align": "t4s-text-center",
        "top_heading": "",
        "icon_heading": "las la-gem",
        "top_subheading": "",
        "tophead_mb": 30,
        "img_effect": "bounceIn",
        "b_effect": "none",
        "open_link": "_blank",
        "layout_des": "1",
        "click_image": "data-goto",
        "nav_thumbs": true,
        "col_dk": "6",
        "col_tb": "2",
        "col_mb": "2",
        "space_item": "0",
        "space_item_mb": "30",
        "loop": true,
        "au_time": 0,
        "au_hover": true,
        "nav_btn": true,
        "btn_vi": "hover",
        "btn_owl": "default",
        "btn_shape": "none",
        "btn_cl": "dark",
        "btn_size": "small",
        "btn_hidden_mobile": false,
        "nav_dot": true,
        "dot_owl": "default",
        "dots_cl": "dark",
        "dots_round": false,
        "dots_space": 10,
        "dots_hidden_mobile": false,
        "layout": "t4s-container-wrap",
        "cl_bg": "#f9f9f9",
        "cl_bg_gradient": "",
        "mg": "",
        "pd": "14px,0,19px,0",
        "mg_mb": "",
        "pd_mb": "14px,0,14px,0",
        "use_cus_css": false,
        "code_cus_css": ".SectionID {\nbackground-color:red\n}"
      }
    },
    "1646808724969bcbcf": {
      "type": "featured-collection",
      "settings": {
        "design_heading": "1",
        "heading_align": "t4s-text-center",
        "top_heading": "",
        "icon_heading": "las la-gem",
        "top_subheading": "",
        "tophead_mb": 30,
        "collection": "shoes",
        "product_des": "2",
        "show_vendor": false,
        "image_ratio": "ratio1_1",
        "image_size": "cover",
        "image_position": "8",
        "content_align": "default",
        "limit": 15,
        "col_dk": "5",
        "col_tb": "4",
        "col_mb": "2",
        "space_h_item": "0",
        "space_v_item": "0",
        "space_h_item_mb": "0",
        "space_v_item_mb": "0",
        "layout_des": "1",
        "loop": true,
        "au_time": 0,
        "au_hover": true,
        "nav_btn": true,
        "btn_vi": "hover",
        "btn_owl": "default",
        "btn_shape": "none",
        "btn_cl": "dark",
        "btn_size": "small",
        "btn_hidden_mobile": false,
        "nav_dot": true,
        "dot_owl": "default",
        "dots_cl": "dark",
        "dots_round": false,
        "dots_space": 10,
        "dots_hidden_mobile": false,
        "use_pagination": "load-more",
        "enable_bar_lm": false,
        "btn_icon": false,
        "button_style": "outline",
        "btns_size": "large",
        "btns_cl": "dark",
        "button_effect": "fade",
        "btn_pos": "t4s-text-center",
        "layout": "t4s-container-fluid",
        "cl_bg": "",
        "cl_bg_gradient": "",
        "mg": ",,80px,",
        "pd": "",
        "mg_mb": ",,80px,",
        "pd_mb": "",
        "use_cus_css": false,
        "code_cus_css": ".SectionID {\nbackground-color:red\n}"
      }
    },
    "16468830722ebf1bff": {
      "type": "banner-parallax",
      "blocks": {
        "16468830728dc7df48-0": {
          "type": "custom_text",
          "settings": {
            "text": "Join Our Newsletter",
            "remove_br_tag": false,
            "fontf": "2",
            "text_cl": "#ffffff",
            "text_fs": 35,
            "text_lh": 40,
            "text_fw": 500,
            "text_ls": 0,
            "font_italic": false,
            "text_shadow": false,
            "text_mgb": 30,
            "hidden_mobile": false,
            "text_fs_mb": 20,
            "text_lh_mb": 30,
            "text_ls_mb": 0,
            "text_mgb_mobile": 10,
            "animation": "none"
          }
        },
        "503c15f5-b7c8-4f6e-8710-59700fe34083": {
          "type": "newsletter",
          "settings": {
            "form_width": 572,
            "form_width_mb": 0,
            "newl_des": "6",
            "news_align": "start",
            "newl_size": "medium",
            "btn_icon": false,
            "input_cl": "#878787",
            "border_cl": "#000000",
            "btn_cl": "#ffffff",
            "btn_bg_cl": "rgba(0,0,0,0)",
            "btn_hover_cl": "#c91f28",
            "btn_hover_bg_cl": "rgba(0,0,0,0)",
            "hidden_mobile": false,
            "mgb": 15,
            "mgb_mb": 10,
            "animation": "none"
          }
        }
      },
      "block_order": [
        "16468830728dc7df48-0",
        "503c15f5-b7c8-4f6e-8710-59700fe34083"
      ],
      "settings": {
        "section_height": "t4s_ratio_cuspx",
        "custom_dk": true,
        "height_dk": 310,
        "custom_tb": true,
        "height_tb": 300,
        "custom_mb": true,
        "height_mb": 299,
        "image_parallax": "shopify:\/\/shop_images\/Layer-30_1950x_f7675604-e7d3-4044-b740-5bc300c19c56.jpg",
        "parallax": true,
        "image_position": "8",
        "b_link": "",
        "open_link": "_self",
        "content_align": "center",
        "content_align_mobile": "center",
        "content_width": "t4s-container",
        "bg_overlay": "#000000",
        "bg_opacity": 0,
        "bg_content_bl": false,
        "bg_content_cl": "#ffffff",
        "bg_content_op": 50,
        "content_pd_tb": 20,
        "content_pd_lr": 20,
        "content_pd_tb_mb": 10,
        "content_pd_lr_mb": 10,
        "border_bl": false,
        "br_color": "#222222",
        "br_bg": "#ffffff",
        "br_opacity": 50,
        "br_style": "solid",
        "br_pd": 20,
        "br_pd_mb": 10,
        "cv_pos": 50,
        "ch_pos": 50,
        "cv_pos_mb": 50,
        "ch_pos_mb": 50,
        "time_animation": 1,
        "animation_delay": 40,
        "layout": "t4s-container-fluid",
        "cl_bg": "#f5f5f5",
        "cl_bg_gradient": "",
        "mg": "",
        "pd": "",
        "mg_mb": "",
        "pd_mb": "",
        "use_cus_css": false,
        "code_cus_css": ".SectionID {\nbackground-color:red\n}"
      }
    }
  },
  "order": [
    "16468880690dccc7e3",
    "1646881737178e8cd0",
    "1646808724969bcbcf",
    "16468830722ebf1bff"
  ]
}