{
  "sections": {
    "16474879283a5e0bc6": {
      "type": "hero_image",
      "blocks": {
        "16474879288a625eda-0": {
          "type": "custom_text",
          "settings": {
            "text": "Decor your home with high-end audio",
            "remove_br_tag": false,
            "fontf": "inherit",
            "text_cl": "#212121",
            "text_fs": 50,
            "text_lh": 0,
            "text_fw": 500,
            "text_ls": 0,
            "text_mgb": 20,
            "font_italic": false,
            "text_shadow": false,
            "hidden_mobile": false,
            "text_fs_mb": 30,
            "text_lh_mb": 0,
            "text_ls_mb": 0,
            "text_mgb_mobile": 10,
            "animation": "fadeInUp"
          }
        },
        "16474879288a625eda-2": {
          "type": "custom_button",
          "settings": {
            "button_text": "shop now",
            "button_link": "shopify:\/\/collections",
            "target_link": "_self",
            "fontf": "inherit",
            "button_icon_w": 0,
            "button_style": "default",
            "button_effect": "default",
            "pri_cl": "#222222",
            "second_cl": "#ffffff",
            "pri_cl_hover": "#222222",
            "second_cl_hover": "#ffffff",
            "fsbutton": 14,
            "fwbutton": 500,
            "button_ls": 0,
            "button_mh": 50,
            "button_bdr": 0,
            "button_pd_lr": 42,
            "button_mgb": 0,
            "hidden_mobile": false,
            "button_icon_w_mb": 0,
            "fsbutton_mb": 14,
            "button_mh_mb": 40,
            "button_pd_lr_mb": 41,
            "button_ls_mb": 0,
            "button_mgb_mb": 0,
            "animation": "fadeInUp"
          }
        }
      },
      "block_order": [
        "16474879288a625eda-0",
        "16474879288a625eda-2"
      ],
      "settings": {
        "se_height": "t4s_ratio_cuspx",
        "custom_dk": false,
        "height_dk": 600,
        "custom_tb": true,
        "height_tb": 500,
        "custom_mb": true,
        "height_mb": 250,
        "image": "shopify:\/\/shop_images\/ban16_1950x_6d02a809-477d-484b-9a0b-6049961718e2.jpg",
        "parallax": false,
        "image_position": "8",
        "link_img1": "",
        "open_link": "_blank",
        "text_align": "center",
        "text_align_mb": "center",
        "content_width": "auto",
        "cv_pos": 50,
        "ch_pos": 50,
        "cv_pos_mb": 50,
        "ch_pos_mb": 50,
        "bg_overlay": "#000000",
        "bg_opacity": 0,
        "bg_content_cl": "#ffffff",
        "bg_content_op": 0,
        "content_pd_tb": 20,
        "content_pd_lr": 20,
        "content_pd_tb_mb": 10,
        "content_pd_lr_mb": 10,
        "border_bl": false,
        "br_color": "#222222",
        "br_bg": "#ffffff",
        "br_opacity": 50,
        "br_style": "solid",
        "br_pd": 20,
        "br_pd_mb": 10,
        "time_animation": 1,
        "animation_delay": 40,
        "layout": "t4s-container-fluid",
        "cl_bg": "",
        "cl_bg_gradient": "",
        "mg": ",,30px,",
        "pd": "",
        "mg_mb": ",,30px,",
        "pd_mb": "",
        "use_cus_css": false,
        "code_cus_css": ".SectionID {\nbackground-color:red\n}"
      }
    },
    "16474270477bee0653": {
      "type": "shipping",
      "blocks": {
        "16474270471ba74d6b-1": {
          "type": "shipping",
          "settings": {
            "icon_themes": "help",
            "icon": "las la-life-ring",
            "title": "SUPPORT 24\/7",
            "text": "<p>we support 24 hours a day<\/p>"
          }
        },
        "16474270471ba74d6b-2": {
          "type": "shipping",
          "settings": {
            "icon_themes": "refesh",
            "icon": "las la-sync-alt",
            "title": "30 DAYS RETURN",
            "text": "<p>you have 30 days to return<\/p>"
          }
        },
        "16474270471ba74d6b-3": {
          "type": "shipping",
          "settings": {
            "icon_themes": "door-lock",
            "icon": "las la-user-circle",
            "title": "100% PAYMENT SECURE",
            "text": "<p>Payment 100% Secure<\/p>"
          }
        }
      },
      "block_order": [
        "16474270471ba74d6b-1",
        "16474270471ba74d6b-2",
        "16474270471ba74d6b-3"
      ],
      "settings": {
        "design_heading": "1",
        "heading_align": "t4s-text-center",
        "top_heading": "",
        "icon_heading": "las la-gem",
        "top_subheading": "",
        "tophead_mb": 30,
        "content_align": "text-start",
        "align_vertical": true,
        "design_padding": "1",
        "source": "line_awe",
        "icon_des": "deafult",
        "icon_size": "large",
        "col_dk": "3",
        "col_tb": "2",
        "col_mb": "1",
        "border": true,
        "cl_bd": "#dddddd",
        "cl_ic": "#9e9e9e",
        "cl_hd": "#222222",
        "cl_cot": "#878787",
        "bg_item": "#ffffff",
        "space_h_item": "30",
        "space_v_item": "30",
        "space_h_item_mb": "10",
        "space_v_item_mb": "10",
        "carousel_mobile": false,
        "dots_cl": "dark",
        "dots_round": true,
        "layout": "t4s-container-wrap",
        "cl_bg": "",
        "cl_bg_gradient": "",
        "mg": ",,30px,",
        "pd": "",
        "mg_tb": ",,50px,",
        "pd_tb": "",
        "mg_mb": ",,30px,",
        "pd_mb": "",
        "use_cus_css": true,
        "code_cus_css": ".t4s_se_template--15801066881280__16474270477bee0653 .use_border_true .t4s-shipping .t4s-shipping-inner {\n    padding: 3.5px 20px;\n}\n@media (max-width:767px){\n.t4s_se_template--15801066881280__16474270477bee0653 .use_border_true .t4s-shipping .t4s-shipping-inner {\n    padding: 0px 15px;\n}\n}"
      }
    },
    "16475039483d7cf9c3": {
      "type": "collections-list",
      "blocks": {
        "164750394892a055b6-0": {
          "type": "collection_item",
          "settings": {
            "collection": "",
            "image": "shopify:\/\/shop_images\/cat15_540x_5937bd80-7fb0-40ee-8e79-4b859009b332.jpg",
            "icon": "las la-gem",
            "collection_title": "Audio",
            "collection_link": "shopify:\/\/collections\/electric"
          }
        },
        "164750394892a055b6-1": {
          "type": "collection_item",
          "settings": {
            "collection": "",
            "image": "shopify:\/\/shop_images\/cat13_540x_7f271f48-b0f1-4be5-9b0a-b246835b7dc5.jpg",
            "icon": "las la-gem",
            "collection_title": "Speaker",
            "collection_link": "shopify:\/\/collections\/electric"
          }
        },
        "164750394892a055b6-2": {
          "type": "collection_item",
          "settings": {
            "collection": "",
            "image": "shopify:\/\/shop_images\/hi-end_540x_514ca361-4bdc-48e8-a6d3-be0018db6879.jpg",
            "icon": "las la-gem",
            "collection_title": "Hi-end",
            "collection_link": "shopify:\/\/collections\/electric"
          }
        }
      },
      "block_order": [
        "164750394892a055b6-0",
        "164750394892a055b6-1",
        "164750394892a055b6-2"
      ],
      "settings": {
        "design_heading": "1",
        "heading_align": "t4s-text-center",
        "top_heading": "",
        "icon_heading": "las la-gem",
        "top_subheading": "",
        "tophead_mb": 30,
        "collection_des": "1",
        "title_cl": "#ffffff",
        "title_cl_hover": "#222222",
        "subtitle_cl": "#878787",
        "count_cl": "#222222",
        "border_cl": "#e5e5e5",
        "collection_subtitle": "Products",
        "open_link": "_self",
        "source": "image",
        "space_bottom": 20,
        "space_bottom_mb": 10,
        "border": false,
        "item_pd": 0,
        "item_rd": 0,
        "img_effect": "zoom",
        "b_effect": "plus-zoom-overlay",
        "image_ratio": "ratio16_9",
        "image_size": "cover",
        "image_position": "8",
        "layout_des": "1",
        "col_dk": "3",
        "col_tb": "2",
        "col_mb": "1",
        "space_h_item": "30",
        "space_v_item": "30",
        "space_h_item_mb": "10",
        "space_v_item_mb": "10",
        "loop": true,
        "au_time": 0,
        "au_hover": true,
        "nav_btn": true,
        "btn_vi": "hover",
        "btn_owl": "default",
        "btn_shape": "none",
        "btn_cl": "dark",
        "btn_size": "small",
        "btn_hidden_mobile": false,
        "nav_dot": true,
        "dot_owl": "default",
        "dots_cl": "dark",
        "dots_round": false,
        "dots_space": 10,
        "dots_hidden_mobile": false,
        "layout": "t4s-se-container",
        "cl_bg": "",
        "cl_bg_gradient": "",
        "mg": ",,100px,",
        "pd": "",
        "mg_mb": ",,30px,",
        "pd_mb": "",
        "use_cus_css": false,
        "code_cus_css": ".SectionID {\nbackground-color:red\n}"
      }
    },
    "164744520091adad6a": {
      "type": "featured-collection",
      "settings": {
        "design_heading": "2",
        "heading_align": "t4s-text-center",
        "top_heading": "BESTSELLER",
        "icon_heading": "las la-gem",
        "top_subheading": "Top seller in the week",
        "tophead_mb": 30,
        "collection": "electric",
        "product_des": "1",
        "show_vendor": false,
        "image_ratio": "ratioadapt",
        "image_size": "cover",
        "image_position": "8",
        "content_align": "center",
        "limit": 8,
        "col_dk": "4",
        "col_tb": "3",
        "col_mb": "2",
        "space_h_item": "30",
        "space_v_item": "30",
        "space_h_item_mb": "10",
        "space_v_item_mb": "10",
        "layout_des": "1",
        "loop": true,
        "au_time": 0,
        "au_hover": true,
        "nav_btn": true,
        "btn_vi": "hover",
        "btn_owl": "outline",
        "btn_shape": "round",
        "btn_cl": "dark",
        "btn_size": "small",
        "btn_hidden_mobile": false,
        "nav_dot": false,
        "dot_owl": "default",
        "dots_cl": "dark",
        "dots_round": false,
        "dots_space": 10,
        "dots_hidden_mobile": false,
        "use_pagination": "load-more",
        "enable_bar_lm": false,
        "btn_icon": false,
        "button_style": "default",
        "btns_size": "large",
        "btns_cl": "dark",
        "button_effect": "default",
        "btn_pos": "t4s-text-center",
        "layout": "t4s-se-container",
        "cl_bg": "rgba(0,0,0,0)",
        "cl_bg_gradient": "",
        "mg": ",,100px,",
        "pd": "",
        "mg_mb": ",,60px,",
        "pd_mb": "",
        "use_cus_css": false,
        "code_cus_css": ".SectionID {\nbackground-color:red\n}"
      }
    },
    "16474902795928054d": {
      "type": "newsletter",
      "blocks": {
        "9a5af8dd-f1b5-472e-981a-193419476e73": {
          "type": "newsletter",
          "settings": {
            "form_width": 500,
            "form_width_mb": 0,
            "newl_des": "1",
            "news_align": "start",
            "newl_size": "medium",
            "btn_icon": false,
            "input_cl": "#222222",
            "border_cl": "#222222",
            "btn_cl": "#ffffff",
            "btn_bg_cl": "#222222",
            "btn_hover_cl": "#ffffff",
            "btn_hover_bg_cl": "#222222",
            "hidden_mobile": false,
            "mgb": 15,
            "mgb_mb": 10
          }
        }
      },
      "block_order": [
        "9a5af8dd-f1b5-472e-981a-193419476e73"
      ],
      "settings": {
        "design_heading": "2",
        "heading_align": "t4s-text-center",
        "top_heading": "SUBSCRIBE OUR NEWSLETTER",
        "icon_heading": "las la-gem",
        "top_subheading": "Sign up for our newsletter to be updated on the latest designs, exclusive offers, inspiration and tips!",
        "tophead_mb": 30,
        "content_align": "all-center",
        "layout": "t4s-container-wrap",
        "cl_bg": "#f5f5f5",
        "cl_bg_gradient": "",
        "parallax": false,
        "mg": ",,85px,",
        "pd": "63px,,63px,",
        "mg_mb": ",,30px,",
        "pd_mb": "40px,,40px,",
        "use_cus_css": true,
        "code_cus_css": "@media (max-width: 767px)\n {\n .t4s_se_template--15801066881280__16474902795928054d .t4s-newl-medium .signup-t4s-newsletter-form input.input-text{\n padding: 0px 10px;\n    font-size: 13px;\n}\n .t4s_se_template--15801066881280__16474902795928054d .t4s-newl-medium .signup-t4s-newsletter-form .submit-btn{\npadding: 0px 20px;\nmin-height:40px;\n}\n}"
      }
    },
    "1647418816dd2ce726": {
      "type": "blog-post",
      "settings": {
        "design_heading": "2",
        "heading_align": "t4s-text-center",
        "top_heading": "LATEST FROM BLOG",
        "icon_heading": "las la-gem",
        "top_subheading": "The freshest and most exciting news",
        "tophead_mb": 30,
        "blog": "electronics",
        "post_des": "1",
        "show_cate": false,
        "show_tags": false,
        "show_cnt": true,
        "show_au": true,
        "show_dt": true,
        "show_cm": false,
        "show_rm": false,
        "show_irm": false,
        "date": "date",
        "content_align": "t4s-text-start",
        "limit": 3,
        "img_effect": "zoom",
        "b_effect": "pervasive-circle",
        "image_ratio": "ratio4_3",
        "image_size": "cover",
        "image_position": "8",
        "col_dk": "3",
        "col_tb": "2",
        "col_mb": "1",
        "space_h_item": "30",
        "space_v_item": "30",
        "space_h_item_mb": "10",
        "space_v_item_mb": "10",
        "layout_des": "2",
        "loop": true,
        "au_time": 0,
        "au_hover": true,
        "nav_btn": true,
        "btn_vi": "always",
        "btn_owl": "default",
        "btn_shape": "round",
        "btn_cl": "dark",
        "btn_size": "small",
        "btn_hidden_mobile": false,
        "nav_dot": false,
        "dot_owl": "default",
        "dots_cl": "dark",
        "dots_round": false,
        "dots_space": 10,
        "dots_hidden_mobile": false,
        "use_pagination": "none",
        "enable_bar_lm": true,
        "btn_icon": false,
        "button_style": "default",
        "btns_size": "medium",
        "btns_cl": "default",
        "button_effect": "fade",
        "btn_pos": "t4s-text-center",
        "layout": "t4s-container-wrap",
        "cl_bg": "",
        "cl_bg_gradient": "",
        "mg": ",,85px,",
        "pd": "",
        "mg_mb": ",,30px,",
        "pd_mb": "",
        "use_cus_css": false,
        "code_cus_css": ".SectionID {\nbackground-color:red\n}"
      }
    }
  },
  "order": [
    "16474879283a5e0bc6",
    "16474270477bee0653",
    "16475039483d7cf9c3",
    "164744520091adad6a",
    "16474902795928054d",
    "1647418816dd2ce726"
  ]
}