{
  "sections": {
    "1646028739ae283905": {
      "type": "slideshow",
      "blocks": {
        "164602873867eb3815-0": {
          "type": "image_parent",
          "settings": {
            "image": "shopify:\/\/shop_images\/slider2_3816d1eb-8ca2-472d-b92e-fe31cf55aefa.jpg",
            "image_position": "8",
            "cl_img": "",
            "link_img1": "",
            "open_link": "_blank",
            "animate_slide": "none",
            "text_align": "center",
            "text_align_mb": "center",
            "content_width": "auto",
            "cv_pos": 50,
            "ch_pos": 50,
            "cv_pos_mb": 50,
            "ch_pos_mb": 50,
            "bg_overlay": "#000000",
            "bg_opacity": 0,
            "bg_content_cl": "#ffffff",
            "bg_content_op": 100,
            "content_radius": 50,
            "box_square": true,
            "content_pd_tb": 50,
            "content_pd_lr": 75,
            "content_pd_tb_tb": 50,
            "content_pd_lr_tb": 20,
            "content_pd_tb_mb": 50,
            "content_pd_lr_mb": 30,
            "border_bl": true,
            "br_color": "#b26b53",
            "br_bg": "#ffffff",
            "br_opacity": 88,
            "br_style": "dashed",
            "br_pd": 20,
            "br_pd_mb": 10,
            "time_animation": 1,
            "animation_delay": 30
          }
        },
        "164602873867eb3815-1": {
          "type": "custom_text",
          "settings": {
            "text": "KNITINGS AND ACCESSORIES",
            "remove_br_tag": false,
            "tag": "p",
            "fontf": "3",
            "text_cl": "#b26b53",
            "text_fs": 18,
            "text_lh": 24,
            "text_fw": 400,
            "text_ls": 0,
            "text_mgb": 15,
            "font_italic": false,
            "text_shadow": false,
            "hidden_mobile": false,
            "text_fs_mb": 14,
            "text_lh_mb": 24,
            "text_ls_mb": 0,
            "text_mgb_mobile": 12,
            "animation": "fadeInUp"
          }
        },
        "164602873867eb3815-2": {
          "type": "custom_text",
          "settings": {
            "text": "Vintage Collection",
            "remove_br_tag": false,
            "tag": "p",
            "fontf": "1",
            "text_cl": "#293341",
            "text_fs": 42,
            "text_lh": 50,
            "text_fw": 500,
            "text_ls": 0,
            "text_mgb": 15,
            "font_italic": false,
            "text_shadow": false,
            "hidden_mobile": false,
            "text_fs_mb": 23,
            "text_lh_mb": 30,
            "text_ls_mb": 0,
            "text_mgb_mobile": 15,
            "animation": "fadeInUp"
          }
        },
        "390cb6f8-c5fc-44ed-badf-074a03818e5a": {
          "type": "custom_button",
          "settings": {
            "button_text": "Shop Now",
            "button_link": "shopify:\/\/collections\/coats-jackets",
            "target_link": "_self",
            "fontf": "1",
            "button_icon_w": 14,
            "button_style": "default",
            "button_effect": "sweep-to-right",
            "pri_cl": "#b26b53",
            "second_cl": "#ffffff",
            "pri_cl_hover": "#893e24",
            "second_cl_hover": "#ffffff",
            "fsbutton": 16,
            "fwbutton": 400,
            "button_ls": 0,
            "button_mh": 50,
            "button_bdr": 0,
            "button_pd_lr": 40,
            "button_mgb": 0,
            "hidden_mobile": false,
            "button_icon_w_mb": 12,
            "fsbutton_mb": 13,
            "button_mh_mb": 36,
            "button_pd_lr_mb": 15,
            "button_ls_mb": 0,
            "button_mgb_mb": 0,
            "animation": "fadeInUp"
          }
        },
        "164602873867eb3815-3": {
          "type": "image_parent",
          "settings": {
            "image": "shopify:\/\/shop_images\/slider1_fc2e0cf5-8497-49f8-ae74-c512e5e803ee.jpg",
            "image_position": "8",
            "cl_img": "",
            "link_img1": "",
            "open_link": "_blank",
            "animate_slide": "none",
            "text_align": "center",
            "text_align_mb": "center",
            "content_width": "auto",
            "cv_pos": 50,
            "ch_pos": 50,
            "cv_pos_mb": 50,
            "ch_pos_mb": 50,
            "bg_overlay": "#000000",
            "bg_opacity": 0,
            "bg_content_cl": "#ffffff",
            "bg_content_op": 100,
            "content_radius": 50,
            "box_square": true,
            "content_pd_tb": 50,
            "content_pd_lr": 40,
            "content_pd_tb_tb": 50,
            "content_pd_lr_tb": 20,
            "content_pd_tb_mb": 20,
            "content_pd_lr_mb": 20,
            "border_bl": true,
            "br_color": "#b26b53",
            "br_bg": "#ffffff",
            "br_opacity": 88,
            "br_style": "dashed",
            "br_pd": 20,
            "br_pd_mb": 10,
            "time_animation": 1,
            "animation_delay": 30
          }
        },
        "164602873867eb3815-4": {
          "type": "custom_text",
          "settings": {
            "text": "HOME DECOR",
            "remove_br_tag": false,
            "tag": "p",
            "fontf": "3",
            "text_cl": "#b26b53",
            "text_fs": 18,
            "text_lh": 24,
            "text_fw": 400,
            "text_ls": 0,
            "text_mgb": 15,
            "font_italic": false,
            "text_shadow": false,
            "hidden_mobile": false,
            "text_fs_mb": 14,
            "text_lh_mb": 24,
            "text_ls_mb": 0,
            "text_mgb_mobile": 12,
            "animation": "fadeInUp"
          }
        },
        "164602873867eb3815-5": {
          "type": "custom_text",
          "settings": {
            "text": "Handmade Collection",
            "remove_br_tag": false,
            "tag": "p",
            "fontf": "1",
            "text_cl": "#293341",
            "text_fs": 42,
            "text_lh": 50,
            "text_fw": 500,
            "text_ls": 0,
            "text_mgb": 15,
            "font_italic": false,
            "text_shadow": false,
            "hidden_mobile": false,
            "text_fs_mb": 23,
            "text_lh_mb": 30,
            "text_ls_mb": 0,
            "text_mgb_mobile": 15,
            "animation": "fadeInUp"
          }
        },
        "390cb6f8-c5fc-44ed-badf-074a03818e5b": {
          "type": "custom_button",
          "settings": {
            "button_text": "Shop Now",
            "button_link": "shopify:\/\/collections\/coats-jackets",
            "target_link": "_self",
            "fontf": "1",
            "button_icon_w": 14,
            "button_style": "default",
            "button_effect": "sweep-to-right",
            "pri_cl": "#b26b53",
            "second_cl": "#ffffff",
            "pri_cl_hover": "#893e24",
            "second_cl_hover": "#ffffff",
            "fsbutton": 16,
            "fwbutton": 400,
            "button_ls": 0,
            "button_mh": 50,
            "button_bdr": 0,
            "button_pd_lr": 40,
            "button_mgb": 0,
            "hidden_mobile": false,
            "button_icon_w_mb": 12,
            "fsbutton_mb": 13,
            "button_mh_mb": 36,
            "button_pd_lr_mb": 15,
            "button_ls_mb": 0,
            "button_mgb_mb": 0,
            "animation": "fadeInUp"
          }
        }
      },
      "block_order": [
        "164602873867eb3815-0",
        "164602873867eb3815-1",
        "164602873867eb3815-2",
        "390cb6f8-c5fc-44ed-badf-074a03818e5a",
        "164602873867eb3815-3",
        "164602873867eb3815-4",
        "164602873867eb3815-5",
        "390cb6f8-c5fc-44ed-badf-074a03818e5b"
      ],
      "settings": {
        "se_height": "t4s_ratio_cuspx",
        "custom_dk": true,
        "height_dk": 850,
        "custom_tb": true,
        "height_tb": 700,
        "custom_mb": true,
        "height_mb": 450,
        "eff": "fade",
        "loop": false,
        "au_time": 0,
        "au_hover": true,
        "nav_btn": true,
        "btn_vi": "hover",
        "btn_owl": "simple",
        "btn_shape": "none",
        "btn_cl": "light",
        "btn_size": "large",
        "btn_hidden_mobile": true,
        "nav_dot": true,
        "dot_owl": "elessi",
        "dots_cl": "dark",
        "dots_round": true,
        "dots_space": 8,
        "dots_hidden_mobile": false,
        "layout": "t4s-container-fluid",
        "cl_bg": "",
        "cl_bg_gradient": "",
        "mg": ",,30px,",
        "pd": "",
        "mg_mb": ",,10px,",
        "pd_mb": "",
        "use_cus_css": false,
        "code_cus_css": ".SectionID {\nbackground-color:red\n}"
      }
    },
    "166073699588b05019": {
      "type": "collections-list",
      "blocks": {
        "1660736995882b80e9-0": {
          "type": "collection_item",
          "settings": {
            "collection": "home-decor-1",
            "image": "shopify:\/\/shop_images\/home-decor.png",
            "icon": "las la-gem",
            "collection_title": "Home Decor",
            "collection_link": ""
          }
        },
        "1660736995882b80e9-1": {
          "type": "collection_item",
          "settings": {
            "collection": "handmade",
            "image": "shopify:\/\/shop_images\/jewellery.png",
            "icon": "las la-gem",
            "collection_title": "Jewellery",
            "collection_link": ""
          }
        },
        "8888604d-78c2-41bf-92b7-bfc0860784a4": {
          "type": "collection_item",
          "settings": {
            "collection": "gifts",
            "image": "shopify:\/\/shop_images\/gift.png",
            "icon": "las la-gem",
            "collection_title": "Gifts",
            "collection_link": ""
          }
        },
        "1660736995882b80e9-3": {
          "type": "collection_item",
          "settings": {
            "collection": "home-living",
            "image": "shopify:\/\/shop_images\/home-living.png",
            "icon": "las la-gem",
            "collection_title": "Home & Living",
            "collection_link": ""
          }
        },
        "9b78fb3c-3a40-45bc-9b28-8bf751ba4f2e": {
          "type": "collection_item",
          "settings": {
            "collection": "home-living",
            "image": "shopify:\/\/shop_images\/fashion-accessories.png",
            "icon": "las la-gem",
            "collection_title": "Fashion Accessories",
            "collection_link": ""
          }
        }
      },
      "block_order": [
        "1660736995882b80e9-0",
        "1660736995882b80e9-1",
        "8888604d-78c2-41bf-92b7-bfc0860784a4",
        "1660736995882b80e9-3",
        "9b78fb3c-3a40-45bc-9b28-8bf751ba4f2e"
      ],
      "settings": {
        "design_heading": "1",
        "heading_align": "t4s-text-center",
        "top_heading": "Shop The Collections",
        "icon_heading": "las la-gem",
        "top_subheading": "Shop the latest products from the most popular collections",
        "tophead_mb": 30,
        "collection_des": "5",
        "title_cl": "#b26b53",
        "title_cl_hover": "#893e24",
        "subtitle_cl": "#696969",
        "count_cl": "#222222",
        "border_cl": "#e5e5e5",
        "collection_subtitle": "Products",
        "open_link": "_blank",
        "source": "image",
        "space_bottom": 30,
        "space_bottom_mb": 15,
        "border": false,
        "item_pd": 0,
        "item_rd": 50,
        "img_effect": "zoom",
        "b_effect": "plus-zoom-overlay",
        "image_ratio": "ratio1_1",
        "image_size": "cover",
        "image_position": "8",
        "layout_des": "2",
        "col_dk": "5",
        "col_tb": "3",
        "col_mb": "2",
        "space_h_item": "30",
        "space_v_item": "20",
        "space_h_item_mb": "20",
        "space_v_item_mb": "20",
        "loop": true,
        "au_time": 0,
        "au_hover": true,
        "nav_btn": true,
        "btn_pos": "default",
        "btn_vi": "always",
        "btn_owl": "default",
        "btn_shape": "round",
        "btn_cl": "light",
        "btn_size": "small",
        "btn_hidden_mobile": false,
        "nav_dot": false,
        "dot_owl": "default",
        "dots_cl": "dark",
        "dots_round": true,
        "dots_space": 10,
        "dots_hidden_mobile": false,
        "layout": "t4s-se-container",
        "cl_bg": "",
        "cl_bg_gradient": "",
        "mg": "130px,,45px,",
        "pd": "",
        "mg_mb": "50px,,30px,",
        "pd_mb": "",
        "use_cus_css": true,
        "code_cus_css": "@media(min-width: 1024px){\na.t4s-cat-title {\n    font-size: 20px!important;\n}\n}"
      }
    },
    "16558840633935abe3": {
      "type": "featured-collection",
      "settings": {
        "design_heading": "7",
        "heading_align": "t4s-text-center",
        "top_heading": "Top Trending Products",
        "icon_heading": "las la-gem",
        "top_subheading": "",
        "tophead_mb": 25,
        "collection": "handmade",
        "product_des": "2",
        "show_vendor": false,
        "use_cdt": false,
        "image_ratio": "ratioadapt",
        "image_size": "cover",
        "image_position": "8",
        "content_align": "default",
        "limit": 8,
        "col_dk": "4",
        "col_tb": "3",
        "col_mb": "2",
        "space_h_item": "30",
        "space_v_item": "30",
        "space_h_item_mb": "10",
        "space_v_item_mb": "20",
        "layout_des": "1",
        "loop": true,
        "au_time": 0,
        "au_hover": true,
        "nav_btn": false,
        "btns_pos": "default",
        "btn_vi": "hover",
        "btn_owl": "default",
        "btn_shape": "none",
        "btn_cl": "dark",
        "btn_size": "small",
        "btn_hidden_mobile": true,
        "nav_dot": true,
        "dot_owl": "fullwidth",
        "dots_cl": "primary",
        "dots_round": true,
        "dots_space": 10,
        "dots_hidden_mobile": false,
        "use_pagination": "load-more",
        "enable_bar_lm": false,
        "btn_icon": true,
        "button_style": "default",
        "btns_size": "large",
        "btns_cl": "primary",
        "button_effect": "default",
        "btn_pos": "t4s-text-center",
        "layout": "t4s-container-wrap",
        "cl_bg": "",
        "cl_bg_gradient": "",
        "mg": ",,120px,",
        "pd": "",
        "mg_mb": ",,50px,",
        "pd_mb": "",
        "use_cus_css": false,
        "code_cus_css": ".SectionID {\nbackground-color:red\n}"
      }
    },
    "f1182439-b487-476b-b8be-93228eb00899": {
      "type": "banner",
      "blocks": {
        "template--16692445217006__f1182439-b487-476b-b8be-93228eb00899-167037890864cb6605-0": {
          "type": "b_item",
          "settings": {
            "custom_dk": false,
            "height_dk": 600,
            "custom_tb": true,
            "height_tb": 400,
            "custom_mb": true,
            "height_mb": 300,
            "image": "shopify:\/\/shop_images\/banner-1.png",
            "b_link": "",
            "open_link": "_self",
            "img_effect": "translateToRight",
            "b_effect": "none",
            "col_dk": "6",
            "col_tb": "6",
            "col_mb": "12",
            "content_align": "center",
            "content_align_mobile": "center",
            "content_width": "container",
            "cv_pos": 50,
            "ch_pos": 50,
            "cv_pos_mb": 50,
            "ch_pos_mb": 50,
            "bg_overlay": "#000000",
            "bg_opacity": 0,
            "bg_content_bl": false,
            "bg_content_cl": "#ffffff",
            "bg_content_op": 50,
            "content_pd_tb": 20,
            "content_pd_lr": 20,
            "content_pd_tb_mb": 10,
            "content_pd_lr_mb": 10,
            "border_bl": false,
            "br_color": "#222222",
            "br_bg": "#ffffff",
            "br_opacity": 50,
            "br_style": "solid",
            "br_pd": 20,
            "br_pd_mb": 10,
            "time_animation": 1,
            "animation_delay": 40
          }
        },
        "template--16692445217006__f1182439-b487-476b-b8be-93228eb00899-167037890864cb6605-2": {
          "type": "custom_text",
          "settings": {
            "text": "GIFT PACKAGE",
            "remove_br_tag": false,
            "fontf": "inherit",
            "text_cl": "#ffffff",
            "text_fs": 18,
            "text_lh": 24,
            "text_fw": 400,
            "text_ls": 0,
            "font_italic": false,
            "text_shadow": false,
            "text_mgb": 10,
            "hidden_mobile": false,
            "text_fs_mb": 16,
            "text_lh_mb": 0,
            "text_ls_mb": 0,
            "text_mgb_mobile": 10,
            "animation": "fadeInUp"
          }
        },
        "template--16692445217006__f1182439-b487-476b-b8be-93228eb00899-167037890864cb6605-1": {
          "type": "custom_text",
          "settings": {
            "text": "All IN ONE BOX",
            "remove_br_tag": false,
            "fontf": "1",
            "text_cl": "#ffffff",
            "text_fs": 35,
            "text_lh": 42,
            "text_fw": 600,
            "text_ls": 0,
            "font_italic": false,
            "text_shadow": false,
            "text_mgb": 15,
            "hidden_mobile": false,
            "text_fs_mb": 25,
            "text_lh_mb": 0,
            "text_ls_mb": 0,
            "text_mgb_mobile": 10,
            "animation": "fadeInUp"
          }
        },
        "a7f46d81-3a8b-4745-88e0-aedf9b88e304": {
          "type": "custom_button",
          "settings": {
            "button_text": "Discovery Now",
            "button_link": "shopify:\/\/collections\/handmade",
            "target_link": "_self",
            "fontf": "inherit",
            "button_icon_w": 15,
            "button_style": "default",
            "button_effect": "sweep-to-right",
            "pri_cl": "#b26b53",
            "second_cl": "#ffffff",
            "pri_cl_hover": "#893e24",
            "second_cl_hover": "#ffffff",
            "fsbutton": 16,
            "fwbutton": 400,
            "button_ls": 0,
            "button_mh": 54,
            "button_bdr": 0,
            "button_pd_lr": 30,
            "button_mgb": 0,
            "hidden_mobile": false,
            "button_icon_w_mb": 12,
            "fsbutton_mb": 12,
            "button_mh_mb": 36,
            "button_pd_lr_mb": 15,
            "button_ls_mb": 0,
            "button_mgb_mb": 0,
            "animation": "fadeInUp"
          }
        },
        "template--16692445217006__f1182439-b487-476b-b8be-93228eb00899-167037890864cb6605-3": {
          "type": "b_item",
          "settings": {
            "custom_dk": false,
            "height_dk": 600,
            "custom_tb": true,
            "height_tb": 400,
            "custom_mb": true,
            "height_mb": 300,
            "image": "shopify:\/\/shop_images\/banner-2.png",
            "b_link": "",
            "open_link": "_self",
            "img_effect": "translateToRight",
            "b_effect": "none",
            "col_dk": "6",
            "col_tb": "6",
            "col_mb": "12",
            "content_align": "center",
            "content_align_mobile": "center",
            "content_width": "container",
            "cv_pos": 50,
            "ch_pos": 50,
            "cv_pos_mb": 50,
            "ch_pos_mb": 50,
            "bg_overlay": "#000000",
            "bg_opacity": 0,
            "bg_content_bl": false,
            "bg_content_cl": "#ffffff",
            "bg_content_op": 50,
            "content_pd_tb": 20,
            "content_pd_lr": 20,
            "content_pd_tb_mb": 10,
            "content_pd_lr_mb": 10,
            "border_bl": false,
            "br_color": "#222222",
            "br_bg": "#ffffff",
            "br_opacity": 50,
            "br_style": "solid",
            "br_pd": 20,
            "br_pd_mb": 10,
            "time_animation": 1,
            "animation_delay": 40
          }
        },
        "template--16692445217006__f1182439-b487-476b-b8be-93228eb00899-167037890864cb6605-5": {
          "type": "custom_text",
          "settings": {
            "text": "HOT DEAL",
            "remove_br_tag": false,
            "fontf": "inherit",
            "text_cl": "#b26b53",
            "text_fs": 30,
            "text_lh": 24,
            "text_fw": 400,
            "text_ls": 0,
            "font_italic": false,
            "text_shadow": false,
            "text_mgb": 5,
            "hidden_mobile": false,
            "text_fs_mb": 20,
            "text_lh_mb": 0,
            "text_ls_mb": 0,
            "text_mgb_mobile": 10,
            "animation": "fadeInUp"
          }
        },
        "template--16692445217006__f1182439-b487-476b-b8be-93228eb00899-167037890864cb6605-4": {
          "type": "custom_text",
          "settings": {
            "text": "70% SALE OFF",
            "remove_br_tag": false,
            "fontf": "inherit",
            "text_cl": "#b26b53",
            "text_fs": 60,
            "text_lh": 70,
            "text_fw": 600,
            "text_ls": 0,
            "font_italic": false,
            "text_shadow": false,
            "text_mgb": 5,
            "hidden_mobile": false,
            "text_fs_mb": 16,
            "text_lh_mb": 0,
            "text_ls_mb": 0,
            "text_mgb_mobile": 10,
            "animation": "fadeInUp"
          }
        }
      },
      "block_order": [
        "template--16692445217006__f1182439-b487-476b-b8be-93228eb00899-167037890864cb6605-0",
        "template--16692445217006__f1182439-b487-476b-b8be-93228eb00899-167037890864cb6605-2",
        "template--16692445217006__f1182439-b487-476b-b8be-93228eb00899-167037890864cb6605-1",
        "a7f46d81-3a8b-4745-88e0-aedf9b88e304",
        "template--16692445217006__f1182439-b487-476b-b8be-93228eb00899-167037890864cb6605-3",
        "template--16692445217006__f1182439-b487-476b-b8be-93228eb00899-167037890864cb6605-5",
        "template--16692445217006__f1182439-b487-476b-b8be-93228eb00899-167037890864cb6605-4"
      ],
      "settings": {
        "image_ratio": "ratioadapt",
        "image_size": "cover",
        "image_position": "8",
        "space_h_item": "30",
        "space_v_item": "30",
        "space_h_item_mb": "10",
        "space_v_item_mb": "10",
        "layout": "t4s-container-wrap",
        "cl_bg": "",
        "cl_bg_gradient": "",
        "mg": ",,130px,",
        "pd": "",
        "mg_mb": ",,50px,",
        "pd_mb": "",
        "use_cus_css": false,
        "code_cus_css": ""
      }
    },
    "165587029512ba2185": {
      "type": "tabs-collection",
      "blocks": {
        "16558702946e703213-1": {
          "type": "tab_item",
          "settings": {
            "title": "Top Rated",
            "icon_title": "",
            "collection": "gifts",
            "product_des": "2",
            "show_vendor": false,
            "use_cdt": false,
            "image_ratio": "ratioadapt",
            "image_size": "cover",
            "image_position": "8",
            "content_align": "start",
            "limit": 8,
            "col_dk": "4",
            "col_tb": "3",
            "col_mb": "2",
            "space_h_item": "30",
            "space_v_item": "30",
            "space_h_item_mb": "10",
            "space_v_item_mb": "20",
            "layout_des": "1",
            "loop": true,
            "au_time": 0,
            "au_hover": true,
            "nav_btn": false,
            "btn_vi": "hover",
            "btn_owl": "default",
            "btn_shape": "none",
            "btn_cl": "dark",
            "btn_size": "small",
            "btn_hidden_mobile": true,
            "nav_dot": false,
            "dot_owl": "default",
            "dots_cl": "dark",
            "dots_round": true,
            "dots_space": 10,
            "dots_hidden_mobile": false,
            "use_pagination": "none",
            "enable_bar_lm": true,
            "btn_icon": false,
            "button_style": "default",
            "btns_size": "large",
            "btns_cl": "dark",
            "button_effect": "default",
            "btn_pos": "t4s-text-center"
          }
        },
        "16558702946e703213-0": {
          "type": "tab_item",
          "settings": {
            "title": "Best Sellers",
            "icon_title": "",
            "collection": "home-living",
            "product_des": "2",
            "show_vendor": false,
            "use_cdt": false,
            "image_ratio": "ratioadapt",
            "image_size": "cover",
            "image_position": "8",
            "content_align": "start",
            "limit": 8,
            "col_dk": "4",
            "col_tb": "3",
            "col_mb": "2",
            "space_h_item": "30",
            "space_v_item": "30",
            "space_h_item_mb": "10",
            "space_v_item_mb": "20",
            "layout_des": "1",
            "loop": true,
            "au_time": 0,
            "au_hover": true,
            "nav_btn": false,
            "btn_vi": "hover",
            "btn_owl": "default",
            "btn_shape": "none",
            "btn_cl": "dark",
            "btn_size": "small",
            "btn_hidden_mobile": true,
            "nav_dot": false,
            "dot_owl": "default",
            "dots_cl": "dark",
            "dots_round": true,
            "dots_space": 10,
            "dots_hidden_mobile": false,
            "use_pagination": "none",
            "enable_bar_lm": true,
            "btn_icon": false,
            "button_style": "default",
            "btns_size": "large",
            "btns_cl": "dark",
            "button_effect": "default",
            "btn_pos": "t4s-text-center"
          }
        },
        "5fe567fc-f4c8-41be-a779-cd30fe76fc19": {
          "type": "tab_item",
          "settings": {
            "title": "Accessories",
            "icon_title": "",
            "collection": "home-decor-1",
            "product_des": "2",
            "show_vendor": false,
            "use_cdt": false,
            "image_ratio": "ratioadapt",
            "image_size": "cover",
            "image_position": "8",
            "content_align": "start",
            "limit": 8,
            "col_dk": "4",
            "col_tb": "3",
            "col_mb": "2",
            "space_h_item": "30",
            "space_v_item": "30",
            "space_h_item_mb": "10",
            "space_v_item_mb": "20",
            "layout_des": "1",
            "loop": true,
            "au_time": 0,
            "au_hover": true,
            "nav_btn": false,
            "btn_vi": "hover",
            "btn_owl": "default",
            "btn_shape": "none",
            "btn_cl": "dark",
            "btn_size": "small",
            "btn_hidden_mobile": true,
            "nav_dot": false,
            "dot_owl": "default",
            "dots_cl": "dark",
            "dots_round": true,
            "dots_space": 10,
            "dots_hidden_mobile": false,
            "use_pagination": "none",
            "enable_bar_lm": true,
            "btn_icon": false,
            "button_style": "default",
            "btns_size": "large",
            "btns_cl": "dark",
            "button_effect": "default",
            "btn_pos": "t4s-text-center"
          }
        }
      },
      "block_order": [
        "16558702946e703213-1",
        "16558702946e703213-0",
        "5fe567fc-f4c8-41be-a779-cd30fe76fc19"
      ],
      "settings": {
        "design_heading": "7",
        "heading_align": "t4s-text-center",
        "top_heading": "Shop Collections",
        "icon_heading": "las la-gem",
        "top_subheading": "",
        "tophead_mb": 5,
        "tabs_des": "border",
        "tabs_border": "dashed",
        "item_rounded": true,
        "item_cl": "#b26b53",
        "item_bg": "#888888",
        "item_cl_active": "#b26b53",
        "item_bg_active": "#b26b53",
        "space_between": 10,
        "tabs_pos": "center",
        "tabslist_mb": 50,
        "layout": "t4s-container-wrap",
        "cl_bg": "",
        "cl_bg_gradient": "",
        "mg": ",,100px,",
        "pd": "",
        "mg_mb": ",,50px,",
        "pd_mb": "",
        "use_cus_css": false,
        "code_cus_css": ".SectionID {\nbackground-color:red\n}"
      }
    },
    "164629766202180f49": {
      "type": "image-gallery",
      "blocks": {
        "1646297662822ad917-0": {
          "type": "image_item",
          "settings": {
            "image": "shopify:\/\/shop_images\/1_9560fe7b-0fc3-4698-b790-58d128a9743b.png",
            "link": "shopify:\/\/collections\/home-decor-1"
          }
        },
        "1646297662822ad917-1": {
          "type": "image_item",
          "settings": {
            "image": "shopify:\/\/shop_images\/2_13a95945-742a-4361-990c-0a128b493d92.png",
            "link": "shopify:\/\/collections\/handmade"
          }
        },
        "1646297662822ad917-2": {
          "type": "image_item",
          "settings": {
            "image": "shopify:\/\/shop_images\/3_6261a39d-209b-4c0e-aaa4-3f1d58d60563.png",
            "link": "shopify:\/\/collections\/gifts"
          }
        },
        "1646297662822ad917-3": {
          "type": "image_item",
          "settings": {
            "image": "shopify:\/\/shop_images\/4_f9b49610-8ab4-41a0-8965-bd594a07c8f7.png",
            "link": "shopify:\/\/collections\/handmade"
          }
        },
        "20ccd7fc-f2d9-425d-b9bf-86cb380cf5b2": {
          "type": "image_item",
          "settings": {
            "image": "shopify:\/\/shop_images\/5_0948a573-08e7-4e72-8712-31f18171c3b3.png",
            "link": "shopify:\/\/collections\/home-decor-1"
          }
        },
        "015d5233-2d3c-4ca4-9ddd-f3c74f35c3a3": {
          "type": "image_item",
          "settings": {
            "image": "shopify:\/\/shop_images\/7.png",
            "link": "shopify:\/\/collections\/home-living"
          }
        },
        "909c41f1-1a5d-4af7-8083-177302b16419": {
          "type": "image_item",
          "settings": {
            "image": "shopify:\/\/shop_images\/8.png",
            "link": "shopify:\/\/collections\/handmade"
          }
        },
        "50a5bafc-7a61-4025-a40b-12688e90f7f6": {
          "type": "image_item",
          "settings": {
            "image": "shopify:\/\/shop_images\/6_e5289eba-ce78-476e-8675-a5294b20e32a.png",
            "link": "shopify:\/\/collections\/gifts"
          }
        }
      },
      "block_order": [
        "1646297662822ad917-0",
        "1646297662822ad917-1",
        "1646297662822ad917-2",
        "1646297662822ad917-3",
        "20ccd7fc-f2d9-425d-b9bf-86cb380cf5b2",
        "015d5233-2d3c-4ca4-9ddd-f3c74f35c3a3",
        "909c41f1-1a5d-4af7-8083-177302b16419",
        "50a5bafc-7a61-4025-a40b-12688e90f7f6"
      ],
      "settings": {
        "design_heading": "1",
        "heading_align": "t4s-text-center",
        "top_heading": "Recent Projects",
        "icon_heading": "gem",
        "top_subheading": "Dolor sit amet, consectetur adipisicing elit, sed do eiusmod tempor!",
        "tophead_mb": 30,
        "layout_des": "3",
        "click_image": "data-goto",
        "nav_thumbs": true,
        "open_link": "_blank",
        "item_rd": 0,
        "img_effect": "zoom",
        "b_effect": "dark-overlay",
        "image_ratio": "ratioadapt",
        "image_size": "cover",
        "image_position": "8",
        "col_dk": "4",
        "col_tb": "2",
        "col_mb": "2",
        "space_item": "20",
        "space_item_mb": "10",
        "loop": true,
        "au_time": 0,
        "au_hover": true,
        "nav_btn": true,
        "btn_vi": "hover",
        "btn_owl": "default",
        "btn_shape": "none",
        "btn_cl": "dark",
        "btn_size": "small",
        "btn_hidden_mobile": false,
        "nav_dot": true,
        "dot_owl": "default",
        "dots_cl": "dark",
        "dots_round": false,
        "dots_space": 10,
        "layout": "t4s-se-container",
        "cl_bg": "",
        "cl_bg_gradient": "",
        "mg": ",,100px,",
        "pd": "",
        "mg_mb": ",,50px,",
        "pd_mb": "",
        "use_cus_css": false,
        "code_cus_css": ".SectionID {\nbackground-color:red\n}"
      }
    },
    "164620932069107a3a": {
      "type": "shipping",
      "blocks": {
        "164620932047c7965f-0": {
          "type": "shipping",
          "settings": {
            "icon_themes": "cart",
            "image_icon": "shopify:\/\/shop_images\/icon1.png",
            "icon": "tractor",
            "title": "SAFE SHIPPING",
            "text": "<p>Whether it's a sofa or a sheet set, delivery's<\/p><p>on the house.<\/p>"
          }
        },
        "164620932047c7965f-1": {
          "type": "shipping",
          "settings": {
            "icon_themes": "diamond",
            "image_icon": "shopify:\/\/shop_images\/icon2.png",
            "icon": "life-ring",
            "title": "PREMIUM DESIGN",
            "text": "<p>Shop zillions of finds, with new arrivals<\/p><p>added daily.<\/p>"
          }
        },
        "164620932047c7965f-2": {
          "type": "shipping",
          "settings": {
            "icon_themes": "gift",
            "image_icon": "shopify:\/\/shop_images\/icon3.png",
            "icon": "undo-alt",
            "title": "BEAUTIFUL GIFT WRAPPING",
            "text": "<p>Use the Credit Card to save on your first<\/p><p>order over $250.<\/p>"
          }
        }
      },
      "block_order": [
        "164620932047c7965f-0",
        "164620932047c7965f-1",
        "164620932047c7965f-2"
      ],
      "settings": {
        "design_heading": "2",
        "heading_align": "t4s-text-center",
        "top_heading": "",
        "icon_heading": "gem",
        "top_subheading": "",
        "tophead_mb": 15,
        "content_align": "text-center",
        "align_vertical": false,
        "design_padding": "2",
        "source": "get_image",
        "icon_des": "deafult",
        "icon_size": "medium",
        "col_dk": "3",
        "col_tb": "3",
        "col_mb": "1",
        "border": false,
        "cl_bd": "#dddddd",
        "cl_ic": "#b26b53",
        "cl_hd": "#b26b53",
        "cl_cot": "#7b7b7b",
        "bg_item": "#ffffff",
        "space_h_item": "0",
        "space_v_item": "0",
        "space_h_item_mb": "0",
        "space_v_item_mb": "0",
        "carousel_mobile": true,
        "dots_cl": "dark",
        "dots_round": true,
        "layout": "t4s-se-container",
        "cl_bg": "",
        "cl_bg_gradient": "",
        "mg": ",,100px,",
        "pd": "",
        "mg_tb": ",,50px,",
        "pd_tb": "",
        "mg_mb": "50px,,,",
        "pd_mb": "25px,,25px,",
        "use_cus_css": true,
        "code_cus_css": ".t4s-shipping .t4s-shipping-title {\n    font-size: 15px;\n    font-weight: 600;\n}\n.t4s-shipping .t4s-shipping-content .t4s-shipping-des {\n   font-size: 16px;\nfont-family: Poppins;\nfont-weight: 300;\nmargin-top: 15px; \n}"
      }
    }
  },
  "order": [
    "1646028739ae283905",
    "166073699588b05019",
    "16558840633935abe3",
    "f1182439-b487-476b-b8be-93228eb00899",
    "165587029512ba2185",
    "164629766202180f49",
    "164620932069107a3a"
  ]
}