{
  "sections": {
    "164672682116aaeda7": {
      "type": "slideshow",
      "blocks": {
        "1745679b-5625-4d53-b569-0a12c1f829c2": {
          "type": "image_parent",
          "settings": {
            "image": "shopify:\/\/shop_images\/hi-tech2_f30caee2-e429-41e1-8b7f-b9cfd14bbdb9.jpg",
            "image_position": "8",
            "cl_img": "",
            "link_img1": "",
            "open_link": "_blank",
            "animate_slide": "none",
            "text_align": "start",
            "text_align_mb": "start",
            "content_width": "auto",
            "cv_pos": 50,
            "ch_pos": 20,
            "cv_pos_mb": 50,
            "ch_pos_mb": 20,
            "bg_overlay": "#000000",
            "bg_opacity": 0,
            "bg_content_cl": "#ffffff",
            "bg_content_op": 0,
            "content_pd_tb": 20,
            "content_pd_lr": 0,
            "content_pd_tb_mb": 10,
            "content_pd_lr_mb": 0,
            "border_bl": false,
            "br_color": "#222222",
            "br_bg": "#ffffff",
            "br_opacity": 50,
            "br_style": "solid",
            "br_pd": 20,
            "br_pd_mb": 10,
            "time_animation": 1,
            "animation_delay": 40
          }
        },
        "16467268209990122b-1": {
          "type": "custom_text",
          "settings": {
            "text": "CAMERA AND ACCESSORIES",
            "remove_br_tag": false,
            "fontf": "2",
            "text_cl": "#293341",
            "text_fs": 18,
            "text_lh": 20,
            "text_fw": 500,
            "text_ls": 1,
            "text_mgb": 10,
            "font_italic": false,
            "text_shadow": false,
            "hidden_mobile": false,
            "text_fs_mb": 16,
            "text_lh_mb": 18,
            "text_ls_mb": 0,
            "text_mgb_mobile": 10,
            "animation": "none"
          }
        },
        "16467268209990122b-2": {
          "type": "custom_text",
          "settings": {
            "text": "Vintage Style Collection",
            "remove_br_tag": false,
            "fontf": "1",
            "text_cl": "#293341",
            "text_fs": 45,
            "text_lh": 50,
            "text_fw": 500,
            "text_ls": 0,
            "text_mgb": 20,
            "font_italic": false,
            "text_shadow": false,
            "hidden_mobile": false,
            "text_fs_mb": 32,
            "text_lh_mb": 36,
            "text_ls_mb": 0,
            "text_mgb_mobile": 10,
            "animation": "none"
          }
        },
        "16467268209990122b-3": {
          "type": "custom_button",
          "settings": {
            "button_text": "Shop Now",
            "button_link": "#",
            "target_link": "_self",
            "fontf": "2",
            "button_icon_w": 14,
            "button_style": "link",
            "button_effect": "fade",
            "pri_cl": "#eb0f5c",
            "second_cl": "#eb0f5c",
            "pri_cl_hover": "#b12153",
            "second_cl_hover": "#ffffff",
            "fsbutton": 16,
            "fwbutton": 500,
            "button_ls": 0,
            "button_mh": 42,
            "button_bdr": 0,
            "button_pd_lr": 0,
            "button_mgb": 0,
            "hidden_mobile": false,
            "button_icon_w_mb": 0,
            "fsbutton_mb": 17,
            "button_mh_mb": 36,
            "button_pd_lr_mb": 0,
            "button_ls_mb": 0,
            "button_mgb_mb": 0,
            "animation": "none"
          }
        },
        "097dd914-54f0-48ce-93ec-0ca2c7767e88": {
          "type": "image_parent",
          "settings": {
            "image": "shopify:\/\/shop_images\/hi-tech.jpg",
            "image_position": "8",
            "cl_img": "",
            "link_img1": "",
            "open_link": "_blank",
            "animate_slide": "none",
            "text_align": "center",
            "text_align_mb": "center",
            "content_width": "auto",
            "cv_pos": 50,
            "ch_pos": 50,
            "cv_pos_mb": 50,
            "ch_pos_mb": 50,
            "bg_overlay": "#000000",
            "bg_opacity": 0,
            "bg_content_cl": "#ffffff",
            "bg_content_op": 0,
            "content_pd_tb": 20,
            "content_pd_lr": 20,
            "content_pd_tb_mb": 10,
            "content_pd_lr_mb": 10,
            "border_bl": false,
            "br_color": "#222222",
            "br_bg": "#ffffff",
            "br_opacity": 50,
            "br_style": "solid",
            "br_pd": 20,
            "br_pd_mb": 10,
            "time_animation": 1,
            "animation_delay": 40
          }
        },
        "16467268209990122b-5": {
          "type": "custom_text",
          "settings": {
            "text": "HOT DEAL",
            "remove_br_tag": false,
            "fontf": "2",
            "text_cl": "#293341",
            "text_fs": 18,
            "text_lh": 20,
            "text_fw": 500,
            "text_ls": 0,
            "text_mgb": 15,
            "font_italic": false,
            "text_shadow": false,
            "hidden_mobile": false,
            "text_fs_mb": 18,
            "text_lh_mb": 20,
            "text_ls_mb": 0,
            "text_mgb_mobile": 10,
            "animation": "none"
          }
        },
        "16467268209990122b-6": {
          "type": "custom_text",
          "settings": {
            "text": "Morso New Headphone",
            "remove_br_tag": false,
            "fontf": "1",
            "text_cl": "#293341",
            "text_fs": 45,
            "text_lh": 49,
            "text_fw": 500,
            "text_ls": 0,
            "text_mgb": 20,
            "font_italic": false,
            "text_shadow": false,
            "hidden_mobile": false,
            "text_fs_mb": 32,
            "text_lh_mb": 36,
            "text_ls_mb": 0,
            "text_mgb_mobile": 10,
            "animation": "none"
          }
        },
        "16467268209990122b-7": {
          "type": "custom_button",
          "settings": {
            "button_text": "Shop Now",
            "button_link": "#",
            "target_link": "_self",
            "fontf": "2",
            "button_icon_w": 14,
            "button_style": "link",
            "button_effect": "fade",
            "pri_cl": "#eb0f5c",
            "second_cl": "#ffffff",
            "pri_cl_hover": "#b12153",
            "second_cl_hover": "#ffffff",
            "fsbutton": 16,
            "fwbutton": 500,
            "button_ls": 0,
            "button_mh": 42,
            "button_bdr": 0,
            "button_pd_lr": 20,
            "button_mgb": 0,
            "hidden_mobile": false,
            "button_icon_w_mb": 0,
            "fsbutton_mb": 16,
            "button_mh_mb": 36,
            "button_pd_lr_mb": 15,
            "button_ls_mb": 0,
            "button_mgb_mb": 0,
            "animation": "fadeInDown"
          }
        }
      },
      "block_order": [
        "1745679b-5625-4d53-b569-0a12c1f829c2",
        "16467268209990122b-1",
        "16467268209990122b-2",
        "16467268209990122b-3",
        "097dd914-54f0-48ce-93ec-0ca2c7767e88",
        "16467268209990122b-5",
        "16467268209990122b-6",
        "16467268209990122b-7"
      ],
      "settings": {
        "se_height": "t4s_ratio_cuspx",
        "custom_dk": true,
        "height_dk": 843,
        "custom_tb": true,
        "height_tb": 400,
        "custom_mb": true,
        "height_mb": 350,
        "eff": "slide",
        "loop": true,
        "au_time": 0,
        "au_hover": true,
        "nav_btn": true,
        "btn_vi": "hover",
        "btn_owl": "default",
        "btn_shape": "none",
        "btn_cl": "light",
        "btn_size": "small",
        "btn_hidden_mobile": false,
        "nav_dot": true,
        "dot_owl": "default",
        "dots_cl": "4",
        "dots_round": true,
        "dots_space": 10,
        "dots_hidden_mobile": false,
        "layout": "t4s-container-fluid",
        "cl_bg": "",
        "cl_bg_gradient": "",
        "mg": ",,30px,",
        "pd": "",
        "mg_mb": ",,30px,",
        "pd_mb": "",
        "use_cus_css": false,
        "code_cus_css": ".SectionID {\nbackground-color:red\n}"
      }
    },
    "1646727442ba662921": {
      "type": "collections-list",
      "blocks": {
        "16467274419cfee8e2-0": {
          "type": "collection_item",
          "settings": {
            "collection": "hi-tech",
            "image": "shopify:\/\/shop_images\/b1.png",
            "icon": "las la-gem",
            "collection_title": "Speaker",
            "collection_link": ""
          }
        },
        "16467274419cfee8e2-1": {
          "type": "collection_item",
          "settings": {
            "collection": "hi-tech",
            "image": "shopify:\/\/shop_images\/b2.png",
            "icon": "las la-gem",
            "collection_title": "Headphone",
            "collection_link": ""
          }
        },
        "16467274419cfee8e2-2": {
          "type": "collection_item",
          "settings": {
            "collection": "hi-tech",
            "image": "shopify:\/\/shop_images\/b3.png",
            "icon": "las la-gem",
            "collection_title": "Turntable Audio",
            "collection_link": ""
          }
        }
      },
      "block_order": [
        "16467274419cfee8e2-0",
        "16467274419cfee8e2-1",
        "16467274419cfee8e2-2"
      ],
      "settings": {
        "design_heading": "1",
        "heading_align": "t4s-text-center",
        "top_heading": "",
        "icon_heading": "las la-gem",
        "top_subheading": "",
        "tophead_mb": 30,
        "collection_des": "1",
        "title_cl": "#ffffff",
        "title_cl_hover": "#222222",
        "subtitle_cl": "#878787",
        "count_cl": "#222222",
        "border_cl": "#e5e5e5",
        "collection_subtitle": "Products",
        "open_link": "_self",
        "source": "image",
        "space_bottom": 20,
        "space_bottom_mb": 10,
        "border": false,
        "item_pd": 0,
        "item_rd": 0,
        "img_effect": "zoom",
        "b_effect": "none",
        "image_ratio": "ratioadapt",
        "image_size": "cover",
        "image_position": "8",
        "layout_des": "1",
        "col_dk": "3",
        "col_tb": "2",
        "col_mb": "1",
        "space_h_item": "30",
        "space_v_item": "30",
        "space_h_item_mb": "10",
        "space_v_item_mb": "10",
        "loop": true,
        "au_time": 0,
        "au_hover": true,
        "nav_btn": false,
        "btn_vi": "hover",
        "btn_owl": "default",
        "btn_shape": "none",
        "btn_cl": "dark",
        "btn_size": "small",
        "btn_hidden_mobile": false,
        "nav_dot": true,
        "dot_owl": "default",
        "dots_cl": "dark",
        "dots_round": false,
        "dots_space": 10,
        "dots_hidden_mobile": false,
        "layout": "t4s-container-wrap",
        "cl_bg": "",
        "cl_bg_gradient": "",
        "mg": ",,110px,",
        "pd": "",
        "mg_mb": ",,30px,",
        "pd_mb": "",
        "use_cus_css": false,
        "code_cus_css": ".SectionID {\nbackground-color:red\n}"
      }
    },
    "1646727636989af346": {
      "type": "featured-collection",
      "settings": {
        "design_heading": "1",
        "heading_align": "t4s-text-center",
        "top_heading": "Trending Products",
        "icon_heading": "las la-gem",
        "top_subheading": "",
        "tophead_mb": 20,
        "collection": "hi-tech",
        "product_des": "2",
        "show_vendor": false,
        "image_ratio": "ratio1_1",
        "image_size": "cover",
        "image_position": "8",
        "content_align": "default",
        "limit": 8,
        "col_dk": "4",
        "col_tb": "2",
        "col_mb": "2",
        "space_h_item": "30",
        "space_v_item": "30",
        "space_h_item_mb": "10",
        "space_v_item_mb": "10",
        "layout_des": "1",
        "loop": true,
        "au_time": 0,
        "au_hover": true,
        "nav_btn": true,
        "btn_vi": "hover",
        "btn_owl": "default",
        "btn_shape": "none",
        "btn_cl": "dark",
        "btn_size": "small",
        "btn_hidden_mobile": false,
        "nav_dot": true,
        "dot_owl": "default",
        "dots_cl": "dark",
        "dots_round": false,
        "dots_space": 10,
        "dots_hidden_mobile": false,
        "use_pagination": "load-more",
        "enable_bar_lm": false,
        "btn_icon": true,
        "button_style": "default",
        "btns_size": "extra-medium",
        "btns_cl": "dark",
        "button_effect": "fade",
        "btn_pos": "t4s-text-center",
        "layout": "t4s-container-wrap",
        "cl_bg": "",
        "cl_bg_gradient": "",
        "mg": ",,50px,",
        "pd": "",
        "mg_mb": ",,30px,",
        "pd_mb": "",
        "use_cus_css": true,
        "code_cus_css": ".t4s-btn-size-extra-medium.t4s-btn-icon-true {\n    border-radius: 40px;\n}"
      }
    },
    "1646728152d03de759": {
      "type": "custom-section",
      "blocks": {
        "164672815247fdf7e0-0": {
          "type": "bl_col",
          "settings": {
            "col_dk": "12",
            "col_tb": "12",
            "col_mb": "12",
            "align_vertical": true,
            "content_align": "start",
            "content_align_mobile": "start",
            "padding_inner": "80px,30px,80px,80px,",
            "padding_inner_mb": "50px,30px,50px,30px,",
            "bg_cl": "rgba(0,0,0,0)"
          }
        },
        "164672815247fdf7e0-1": {
          "type": "custom_text",
          "settings": {
            "text": "Hear every note with EXTRA BASS",
            "remove_br_tag": false,
            "fontf": "inherit",
            "text_cl": "#1b2528",
            "text_fs": 45,
            "text_lh": 50,
            "text_fw": 500,
            "text_ls": 0,
            "font_italic": false,
            "text_shadow": false,
            "text_mgb": 20,
            "hidden_mobile": false,
            "text_fs_mb": 25,
            "text_lh_mb": 30,
            "text_ls_mb": 0,
            "text_mgb_mobile": 15
          }
        },
        "164672815247fdf7e0-2": {
          "type": "custom_text",
          "settings": {
            "text": "With exceptional bass and advanced noise cancelation, <br>WH-XB900N headphones put the focus firmly on<br>the music. Let your party for one begin.",
            "remove_br_tag": true,
            "fontf": "inherit",
            "text_cl": "#1b2528",
            "text_fs": 17,
            "text_lh": 26,
            "text_fw": 500,
            "text_ls": 0,
            "font_italic": false,
            "text_shadow": false,
            "text_mgb": 30,
            "hidden_mobile": true,
            "text_fs_mb": 15,
            "text_lh_mb": 24,
            "text_ls_mb": 0,
            "text_mgb_mobile": 10
          }
        },
        "6c7662ae-a13c-4632-b226-2073963b192f": {
          "type": "custom_button",
          "settings": {
            "button_text": "Discovery Now",
            "button_link": "#",
            "target_link": "_self",
            "fontf": "inherit",
            "button_icon_w": 0,
            "button_style": "default",
            "button_effect": "fade",
            "pri_cl": "#222222",
            "second_cl": "#ffffff",
            "pri_cl_hover": "#56cfe1",
            "second_cl_hover": "#ffffff",
            "fsbutton": 14,
            "fwbutton": 500,
            "button_ls": 0,
            "button_mh": 46,
            "button_bdr": 0,
            "button_pd_lr": 30,
            "button_mgb": 0,
            "hidden_mobile": false,
            "button_icon_w_mb": 0,
            "fsbutton_mb": 12,
            "button_mh_mb": 36,
            "button_pd_lr_mb": 15,
            "button_ls_mb": 0,
            "button_mgb_mb": 0
          }
        }
      },
      "block_order": [
        "164672815247fdf7e0-0",
        "164672815247fdf7e0-1",
        "164672815247fdf7e0-2",
        "6c7662ae-a13c-4632-b226-2073963b192f"
      ],
      "settings": {
        "space_h_item": "30",
        "space_v_item": "30",
        "space_h_item_mb": "10",
        "space_v_item_mb": "10",
        "layout": "t4s-se-container",
        "cl_bg": "",
        "cl_bg_gradient": "",
        "image_bg": "shopify:\/\/shop_images\/bn33.png",
        "mg": "100px,,50px,",
        "pd": "",
        "mg_mb": "50px,,30px,",
        "pd_mb": "20px,20px",
        "use_cus_css": false,
        "code_cus_css": ".SectionID {\nbackground-color:red\n}"
      }
    },
    "1646728810d0e271e1": {
      "type": "tabs-collection",
      "blocks": {
        "16467288099dcfc7ce-0": {
          "type": "tab_item",
          "settings": {
            "tab_title": "Accessories",
            "icon_title": "",
            "collection": "hi-tech",
            "product_des": "2",
            "show_vendor": false,
            "image_ratio": "ratio1_1",
            "image_size": "cover",
            "image_position": "8",
            "content_align": "default",
            "limit": 8,
            "col_dk": "4",
            "col_tb": "2",
            "col_mb": "2",
            "space_h_item": "30",
            "space_v_item": "30",
            "space_h_item_mb": "10",
            "space_v_item_mb": "10",
            "layout_des": "1",
            "loop": true,
            "au_time": 0,
            "au_hover": true,
            "nav_btn": true,
            "btn_vi": "hover",
            "btn_owl": "default",
            "btn_shape": "none",
            "btn_cl": "dark",
            "btn_size": "small",
            "btn_hidden_mobile": false,
            "nav_dot": true,
            "dot_owl": "default",
            "dots_cl": "dark",
            "dots_round": false,
            "dots_space": 10,
            "dots_hidden_mobile": false,
            "use_pagination": "none",
            "enable_bar_lm": true,
            "btn_icon": false,
            "button_style": "default",
            "btns_size": "medium",
            "btns_cl": "default",
            "button_effect": "fade",
            "btn_pos": "t4s-text-center"
          }
        },
        "16467288099dcfc7ce-1": {
          "type": "tab_item",
          "settings": {
            "tab_title": "Digital Technical",
            "icon_title": "",
            "collection": "hi-tech",
            "product_des": "2",
            "show_vendor": false,
            "image_ratio": "ratio1_1",
            "image_size": "cover",
            "image_position": "8",
            "content_align": "default",
            "limit": 8,
            "col_dk": "4",
            "col_tb": "2",
            "col_mb": "2",
            "space_h_item": "30",
            "space_v_item": "30",
            "space_h_item_mb": "10",
            "space_v_item_mb": "10",
            "layout_des": "1",
            "loop": true,
            "au_time": 0,
            "au_hover": true,
            "nav_btn": true,
            "btn_vi": "hover",
            "btn_owl": "default",
            "btn_shape": "none",
            "btn_cl": "dark",
            "btn_size": "small",
            "btn_hidden_mobile": false,
            "nav_dot": true,
            "dot_owl": "default",
            "dots_cl": "dark",
            "dots_round": false,
            "dots_space": 10,
            "dots_hidden_mobile": false,
            "use_pagination": "none",
            "enable_bar_lm": true,
            "btn_icon": false,
            "button_style": "default",
            "btns_size": "medium",
            "btns_cl": "default",
            "button_effect": "fade",
            "btn_pos": "t4s-text-center"
          }
        },
        "16467288099dcfc7ce-2": {
          "type": "tab_item",
          "settings": {
            "tab_title": "Speaker",
            "icon_title": "",
            "collection": "hi-tech",
            "product_des": "2",
            "show_vendor": false,
            "image_ratio": "ratio1_1",
            "image_size": "cover",
            "image_position": "8",
            "content_align": "default",
            "limit": 8,
            "col_dk": "4",
            "col_tb": "2",
            "col_mb": "2",
            "space_h_item": "30",
            "space_v_item": "30",
            "space_h_item_mb": "10",
            "space_v_item_mb": "10",
            "layout_des": "1",
            "loop": true,
            "au_time": 0,
            "au_hover": true,
            "nav_btn": true,
            "btn_vi": "hover",
            "btn_owl": "default",
            "btn_shape": "none",
            "btn_cl": "dark",
            "btn_size": "small",
            "btn_hidden_mobile": false,
            "nav_dot": true,
            "dot_owl": "default",
            "dots_cl": "dark",
            "dots_round": false,
            "dots_space": 10,
            "dots_hidden_mobile": false,
            "use_pagination": "none",
            "enable_bar_lm": true,
            "btn_icon": false,
            "button_style": "default",
            "btns_size": "medium",
            "btns_cl": "default",
            "button_effect": "fade",
            "btn_pos": "t4s-text-center"
          }
        }
      },
      "block_order": [
        "16467288099dcfc7ce-0",
        "16467288099dcfc7ce-1",
        "16467288099dcfc7ce-2"
      ],
      "settings": {
        "design_heading": "1",
        "heading_align": "t4s-text-center",
        "top_heading": "Shop Collection",
        "icon_heading": "las la-gem",
        "top_subheading": "",
        "tophead_mb": 30,
        "tabs_des": "border",
        "tabs_border": "dashed",
        "item_rounded": true,
        "item_cl": "#222222",
        "item_bg": "",
        "item_cl_active": "#222222",
        "item_bg_active": "#222222",
        "space_between": 5,
        "tabs_pos": "center",
        "tabslist_mb": 20,
        "layout": "t4s-container-wrap",
        "cl_bg": "",
        "cl_bg_gradient": "",
        "mg": "80px,0,50px,",
        "pd": "",
        "mg_mb": "30px,0,30px,",
        "pd_mb": "",
        "use_cus_css": false,
        "code_cus_css": ".SectionID {\nbackground-color:red\n}"
      }
    },
    "1646729087ecbca61d": {
      "type": "custom-section",
      "blocks": {
        "16467290871c604617-0": {
          "type": "bl_col",
          "settings": {
            "col_dk": "6",
            "col_tb": "12",
            "col_mb": "12",
            "align_vertical": true,
            "content_align": "start",
            "content_align_mobile": "center",
            "padding_inner": "80px,50px,80px,0",
            "padding_inner_mb": "50px,0px,0px,",
            "bg_cl": "rgba(0,0,0,0)"
          }
        },
        "16467290871c604617-2": {
          "type": "custom_text",
          "settings": {
            "text": "SUBSCRIBE TO OUR NEWSLETTERS",
            "remove_br_tag": false,
            "fontf": "inherit",
            "text_cl": "#000000",
            "text_fs": 14,
            "text_lh": 34,
            "text_fw": 400,
            "text_ls": 0,
            "font_italic": false,
            "text_shadow": false,
            "text_mgb": 0,
            "hidden_mobile": false,
            "text_fs_mb": 14,
            "text_lh_mb": 0,
            "text_ls_mb": 0,
            "text_mgb_mobile": 10
          }
        },
        "16467290871c604617-1": {
          "type": "custom_text",
          "settings": {
            "text": "Keep up to Date with Our New Collection and Exclusive Offers",
            "remove_br_tag": false,
            "fontf": "inherit",
            "text_cl": "#000000",
            "text_fs": 25,
            "text_lh": 30,
            "text_fw": 600,
            "text_ls": 0,
            "font_italic": false,
            "text_shadow": false,
            "text_mgb": 5,
            "hidden_mobile": false,
            "text_fs_mb": 20,
            "text_lh_mb": 28,
            "text_ls_mb": 0,
            "text_mgb_mobile": 10
          }
        },
        "16467290871c604617-3": {
          "type": "bl_col",
          "settings": {
            "col_dk": "6",
            "col_tb": "12",
            "col_mb": "12",
            "align_vertical": true,
            "content_align": "end",
            "content_align_mobile": "center",
            "padding_inner": "50px,0,50px,50px",
            "padding_inner_mb": "20px,0px,30px,",
            "bg_cl": "rgba(0,0,0,0)"
          }
        },
        "fc1b3112-eedc-4095-b938-5ce7b79a9467": {
          "type": "newsletter",
          "settings": {
            "form_width": 0,
            "form_width_mb": 0,
            "newl_des": "3",
            "news_align": "start",
            "newl_size": "medium",
            "btn_icon": false,
            "input_cl": "#878787",
            "border_cl": "#000000",
            "btn_cl": "#ffffff",
            "btn_bg_cl": "#000000",
            "btn_hover_cl": "#ffffff",
            "btn_hover_bg_cl": "#eb0f5c",
            "hidden_mobile": false,
            "mgb": 15,
            "mgb_mb": 10,
            "animation": "none"
          }
        }
      },
      "block_order": [
        "16467290871c604617-0",
        "16467290871c604617-2",
        "16467290871c604617-1",
        "16467290871c604617-3",
        "fc1b3112-eedc-4095-b938-5ce7b79a9467"
      ],
      "settings": {
        "space_h_item": "0",
        "space_v_item": "0",
        "space_h_item_mb": "0",
        "space_v_item_mb": "0",
        "layout": "t4s-container-wrap",
        "cl_bg": "",
        "cl_bg_gradient": "",
        "image_bg": "shopify:\/\/shop_images\/banner-Hi-tech_9f03cdd6-c788-49bf-b3a4-5728bb84c0d4.png",
        "mg": "80px,50px,80px,50px,",
        "pd": "35px,0,35px",
        "mg_mb": "50px,0,50px",
        "pd_mb": "",
        "use_cus_css": false,
        "code_cus_css": ".SectionID {\nbackground-color:red\n}"
      }
    },
    "1646729739a621ba3a": {
      "type": "shipping",
      "blocks": {
        "1646729739da8fd4b4-0": {
          "type": "shipping",
          "settings": {
            "icon_themes": "car",
            "image_icon": "shopify:\/\/shop_images\/shipping-icon.png",
            "icon": "las la-truck",
            "title": "FREE SHIPPING",
            "text": "<p>Whether it's a sofa or a sheet set, delivery's<br\/>on the house.<\/p>"
          }
        },
        "1646729739da8fd4b4-1": {
          "type": "shipping",
          "settings": {
            "icon_themes": "diamond",
            "icon": "life-ring",
            "title": "PREMIUM DESIGN",
            "text": "<p>Shop zillions of finds, with new arrivals<br\/>added daily.<\/p>"
          }
        },
        "1646729739da8fd4b4-2": {
          "type": "shipping",
          "settings": {
            "icon_themes": "gift",
            "icon": "undo-alt",
            "title": "BEAUTIFUL GIFT WRAPPING",
            "text": "<p>Use the Credit Card to save on your first<br\/>order over $250.<\/p>"
          }
        }
      },
      "block_order": [
        "1646729739da8fd4b4-0",
        "1646729739da8fd4b4-1",
        "1646729739da8fd4b4-2"
      ],
      "settings": {
        "design_heading": "1",
        "heading_align": "t4s-text-center",
        "top_heading": "",
        "icon_heading": "las la-gem",
        "top_subheading": "",
        "tophead_mb": 30,
        "content_align": "text-center",
        "align_vertical": false,
        "design_padding": "1",
        "source": "themes_icon",
        "icon_des": "deafult",
        "icon_size": "medium",
        "col_dk": "3",
        "col_tb": "2",
        "col_mb": "1",
        "border": false,
        "cl_bd": "#dddddd",
        "cl_ic": "#000000",
        "cl_hd": "#222222",
        "cl_cot": "#878787",
        "bg_item": "#ffffff",
        "space_h_item": "30",
        "space_v_item": "30",
        "space_h_item_mb": "10",
        "space_v_item_mb": "30",
        "carousel_mobile": true,
        "dots_cl": "dark",
        "dots_round": true,
        "layout": "t4s-container-wrap",
        "cl_bg": "",
        "cl_bg_gradient": "",
        "mg": ",,80px,",
        "pd": "",
        "mg_mb": ",,50px,",
        "pd_mb": "",
        "use_cus_css": false,
        "code_cus_css": ".SectionID {\nbackground-color:red\n}"
      }
    }
  },
  "order": [
    "164672682116aaeda7",
    "1646727442ba662921",
    "1646727636989af346",
    "1646728152d03de759",
    "1646728810d0e271e1",
    "1646729087ecbca61d",
    "1646729739a621ba3a"
  ]
}