{
  "sections": {
    "1646028739ae283905": {
      "type": "slideshow",
      "blocks": {
        "164602873867eb3815-0": {
          "type": "image_parent",
          "settings": {
            "image": "shopify:\/\/shop_images\/drone-1.jpg",
            "image_position": "8",
            "cl_img": "",
            "link_img1": "",
            "open_link": "_blank",
            "animate_slide": "zoom-out",
            "text_align": "start",
            "text_align_mb": "start",
            "content_width": "container",
            "cv_pos": 50,
            "ch_pos": 0,
            "cv_pos_mb": 50,
            "ch_pos_mb": 0,
            "bg_overlay": "#000000",
            "bg_opacity": 0,
            "bg_content_cl": "rgba(0,0,0,0)",
            "bg_content_op": 0,
            "content_pd_tb": 15,
            "content_pd_lr": 15,
            "content_pd_tb_mb": 10,
            "content_pd_lr_mb": 10,
            "border_bl": false,
            "br_color": "#222222",
            "br_bg": "#ffffff",
            "br_opacity": 50,
            "br_style": "solid",
            "br_pd": 20,
            "br_pd_mb": 10,
            "time_animation": 1,
            "animation_delay": 30
          }
        },
        "164602873867eb3815-1": {
          "type": "custom_text",
          "settings": {
            "text": "The Best Drone<br>\nfor a Great Video",
            "remove_br_tag": true,
            "fontf": "inherit",
            "text_cl": "#314584",
            "text_fs": 55,
            "text_lh": 60,
            "text_fw": 500,
            "text_ls": 1,
            "text_mgb": 15,
            "font_italic": false,
            "text_shadow": false,
            "hidden_mobile": false,
            "text_fs_mb": 30,
            "text_lh_mb": 36,
            "text_ls_mb": 0,
            "text_mgb_mobile": 15,
            "animation": "fadeInUp"
          }
        },
        "164602873867eb3815-2": {
          "type": "custom_text",
          "settings": {
            "text": "A wide array of intelligent features makes flying that<br>\nmuch easier. The Phantom 4 Pro V2.0 is a complete aerial <br>\nimaging solution, designed for the professional creator.",
            "remove_br_tag": true,
            "fontf": "inherit",
            "text_cl": "#a1a6ce",
            "text_fs": 16,
            "text_lh": 24,
            "text_fw": 400,
            "text_ls": 0,
            "text_mgb": 30,
            "font_italic": false,
            "text_shadow": false,
            "hidden_mobile": true,
            "text_fs_mb": 14,
            "text_lh_mb": 18,
            "text_ls_mb": 0,
            "text_mgb_mobile": 20,
            "animation": "fadeInUp"
          }
        },
        "390cb6f8-c5fc-44ed-badf-074a03818e5a": {
          "type": "custom_button",
          "settings": {
            "button_text": "Get Now",
            "button_link": "shopify:\/\/collections",
            "target_link": "_self",
            "fontf": "inherit",
            "button_icon_w": 0,
            "button_style": "default",
            "button_effect": "sweep-to-top",
            "pri_cl": "#eb4c4e",
            "second_cl": "#ffffff",
            "pri_cl_hover": "#d12f31",
            "second_cl_hover": "#ffffff",
            "fsbutton": 18,
            "fwbutton": 500,
            "button_ls": 0,
            "button_mh": 60,
            "button_bdr": 40,
            "button_pd_lr": 100,
            "button_mgb": 0,
            "hidden_mobile": false,
            "button_icon_w_mb": 0,
            "fsbutton_mb": 14,
            "button_mh_mb": 40,
            "button_pd_lr_mb": 30,
            "button_ls_mb": 0,
            "button_mgb_mb": 0,
            "animation": "fadeInUp"
          }
        }
      },
      "block_order": [
        "164602873867eb3815-0",
        "164602873867eb3815-1",
        "164602873867eb3815-2",
        "390cb6f8-c5fc-44ed-badf-074a03818e5a"
      ],
      "settings": {
        "se_height": "t4s_ratio_cuspx",
        "custom_dk": true,
        "height_dk": 850,
        "custom_tb": true,
        "height_tb": 600,
        "custom_mb": true,
        "height_mb": 400,
        "eff": "fade",
        "loop": true,
        "au_time": 8.5,
        "au_hover": true,
        "nav_btn": true,
        "btn_vi": "hover",
        "btn_owl": "default",
        "btn_shape": "round",
        "btn_cl": "primary",
        "btn_size": "small",
        "btn_hidden_mobile": false,
        "nav_dot": false,
        "dot_owl": "default",
        "dots_cl": "dark",
        "dots_round": true,
        "dots_space": 10,
        "dots_hidden_mobile": false,
        "layout": "t4s-container-fluid",
        "cl_bg": "",
        "cl_bg_gradient": "",
        "mg": ",,80px,",
        "pd": "",
        "mg_mb": ",,50px,",
        "pd_mb": "",
        "use_cus_css": false,
        "code_cus_css": ".SectionID {\nbackground-color:red\n}"
      }
    },
    "1653359900c9037440": {
      "type": "iconbox",
      "blocks": {
        "1653359900fdf2b29b-0": {
          "type": "item",
          "settings": {
            "link": "shopify:\/\/collections",
            "open_link": "_self",
            "icon_pos": "start",
            "icon": "las la-camera",
            "icon_awesome_fs": 50,
            "icon_image_width": 0,
            "img_svg": "<svg xmlns=\"http:\/\/www.w3.org\/2000\/svg\" version=\"1.0\" width=\"300.000000pt\" height=\"174.000000pt\" viewbox=\"0 0 300.000000 174.000000\" preserveaspectratio=\"xMidYMid meet\">\n<metadata>\nCreated by potrace 1.10, written by Peter Selinger 2001-2011\n<\/metadata>\n<g transform=\"translate(0.000000,174.000000) scale(0.100000,-0.100000)\" fill=\"currentColor\" stroke=\"none\">\n<path d=\"M890 1634 c-30 -37 -62 -74 -71 -83 -8 -9 -31 -36 -50 -61 -18 -25 -81 -102 -139 -171 -58 -70 -130 -157 -160 -194 -30 -37 -60 -73 -65 -79 -10 -10 -87 -105 -160 -196 -44 -56 -109 -134 -115 -140 -3 -3 -34 -40 -69 -84 l-63 -78 16 -52 c9 -28 20 -57 24 -63 6 -10 111 -13 448 -15 l439 -3 5 -195 5 -195 80 0 80 0 5 195 5 195 130 5 130 5 0 65 0 65 -130 5 -130 5 -5 565 -5 565 -75 3 -76 3 -54 -67z m35 -635 l0 -434 -345 -3 c-190 -1 -351 0 -358 3 -10 4 -10 9 -1 27 12 22 125 164 145 183 6 5 33 38 60 73 27 35 65 83 84 106 19 24 80 99 135 167 55 68 103 126 107 130 4 3 25 28 45 55 67 88 108 134 118 130 6 -2 10 -156 10 -437z\"><\/path>\n<path d=\"M1580 1684 c-7 -7 -9 -318 -8 -835 l3 -824 79 0 78 0 -1 219 0 219 181 184 c100 100 187 183 193 183 11 0 72 -68 135 -150 19 -25 48 -61 65 -81 16 -19 57 -70 90 -113 33 -43 65 -84 70 -90 6 -6 31 -38 57 -71 25 -33 54 -70 64 -82 11 -11 55 -66 99 -122 l79 -101 98 0 c64 0 98 4 98 11 0 9 -60 91 -80 109 -3 3 -27 33 -53 67 -26 34 -53 68 -60 75 -7 7 -42 50 -77 96 -36 46 -87 112 -115 146 -67 84 -250 317 -298 378 -21 27 -37 55 -35 63 2 7 116 129 253 271 396 407 435 448 429 453 -2 3 -48 4 -102 2 l-97 -2 -130 -133 c-71 -73 -173 -177 -225 -232 -555 -580 -600 -625 -618 -622 -16 3 -17 45 -19 492 -2 269 -4 490 -5 491 -2 2 -34 5 -71 7 -44 3 -71 0 -77 -8z\"><\/path>\n<\/g>\n<\/svg>",
            "w_image_svg": 100,
            "w_image_svg_mb": 40,
            "heading": "Camera",
            "des": "20MP  Resolution at 4k\/60fps"
          }
        },
        "351c10de-4ad5-4fc2-adf6-7da828b226e4": {
          "type": "item",
          "settings": {
            "link": "shopify:\/\/collections",
            "open_link": "_self",
            "icon_pos": "start",
            "icon": "las la-battery-full",
            "icon_awesome_fs": 50,
            "icon_image_width": 0,
            "img_svg": "<svg xmlns=\"http:\/\/www.w3.org\/2000\/svg\" version=\"1.0\" width=\"192.000000pt\" height=\"210.000000pt\" viewbox=\"0 0 192.000000 210.000000\" preserveaspectratio=\"xMidYMid meet\">\n<g transform=\"translate(0.000000,210.000000) scale(0.100000,-0.100000)\" fill=\"currentColor\" stroke=\"none\">\n<path d=\"M1097 2086 c-3 -8 -25 -20 -47 -26 -27 -7 -57 -27 -85 -55 -36 -38 -44 -53 -50 -100 -7 -59 -15 -67 -75 -80 -87 -19 -123 -74 -130 -200 l-5 -90 -60 -1 c-124 -2 -244 -30 -316 -74 -19 -11 -41 -23 -49 -27 -55 -24 -200 -181 -200 -215 0 -8 -5 -19 -12 -26 -30 -30 -60 -161 -61 -267 -1 -69 16 -181 32 -213 4 -9 16 -35 27 -57 49 -105 162 -220 266 -271 101 -49 136 -58 258 -64 l115 -5 5 -96 c4 -85 8 -100 33 -132 30 -39 51 -54 107 -74 55 -20 850 -18 908 2 60 21 80 35 105 75 l22 35 0 800 0 800 -22 28 c-38 49 -70 68 -125 74 -61 7 -78 17 -78 47 0 31 -22 87 -47 121 -22 31 -69 59 -115 69 -16 4 -28 13 -28 21 0 22 -365 22 -373 1z m432 -130 c23 -21 45 -86 33 -98 -5 -5 -132 -7 -283 -6 l-274 3 2 33 c1 35 25 69 58 83 11 4 115 7 231 6 192 -2 214 -4 233 -21z m217 -221 c63 -26 61 -1 60 -827 l-1 -748 -28 -27 -27 -28 -418 -3 c-229 -2 -435 0 -457 3 -59 9 -72 33 -76 145 -3 77 -1 94 11 97 30 8 106 46 137 69 17 13 35 24 39 24 16 0 131 132 147 170 4 8 11 22 15 30 48 85 72 179 72 286 0 101 -17 168 -68 274 -52 107 -161 215 -270 267 -45 21 -82 44 -84 52 -2 7 -1 52 2 99 5 85 6 87 39 109 l34 23 419 0 c345 0 425 -3 454 -15z m-931 -335 c78 -37 134 -76 182 -128 39 -43 103 -147 103 -170 1 -9 7 -28 15 -42 22 -38 19 -221 -4 -285 -50 -139 -109 -217 -221 -289 -96 -62 -165 -81 -285 -80 -127 0 -202 25 -300 99 -167 126 -245 330 -201 530 31 146 147 292 281 355 94 45 121 50 250 46 100 -3 116 -6 180 -36z\"><\/path>\n<path d=\"M536 1285 c-3 -9 -6 -97 -6 -195 l0 -178 33 -28 c19 -16 64 -54 102 -84 38 -30 86 -70 106 -88 25 -22 46 -32 61 -30 40 5 27 38 -32 86 -30 24 -66 54 -80 66 -13 11 -47 38 -75 59 l-50 38 -5 182 c-5 176 -6 182 -26 185 -13 2 -24 -4 -28 -13z\"><\/path>\n<\/g>\n<\/svg>",
            "w_image_svg": 55,
            "w_image_svg_mb": 40,
            "heading": "Battery",
            "des": "45-minutes Max Flight Time"
          }
        },
        "1653359900fdf2b29b-2": {
          "type": "item",
          "settings": {
            "link": "",
            "open_link": "_blank",
            "icon_pos": "start",
            "icon": "las la-robot",
            "icon_awesome_fs": 50,
            "icon_image_width": 0,
            "img_svg": "<svg xmlns=\"http:\/\/www.w3.org\/2000\/svg\" version=\"1.0\" width=\"165.000000pt\" height=\"192.000000pt\" viewbox=\"0 0 165.000000 192.000000\" preserveaspectratio=\"xMidYMid meet\">\n<g transform=\"translate(0.000000,192.000000) scale(0.100000,-0.100000)\" fill=\"currentColor\" stroke=\"none\">\n<path d=\"M403 1914 c3 -4 0 -16 -8 -28 -12 -15 -15 -54 -15 -161 l0 -140 -32 -16 c-18 -9 -55 -27 -83 -39 -59 -28 -172 -138 -199 -195 -10 -22 -24 -49 -29 -60 -6 -11 -15 -42 -21 -70 -14 -65 -13 -784 0 -845 37 -162 182 -310 339 -344 69 -15 854 -14 915 1 123 31 244 131 301 248 l34 70 3 438 c3 473 6 434 -51 557 -31 68 -140 172 -217 207 -36 17 -76 34 -90 38 -14 4 -28 13 -32 19 -4 6 -8 70 -8 142 0 130 -11 184 -37 184 -7 0 -13 -9 -13 -19 0 -11 -4 -23 -10 -26 -6 -4 -10 -58 -10 -130 0 -68 -3 -130 -6 -139 -5 -14 -45 -16 -340 -16 -319 0 -334 1 -344 19 -5 11 -10 75 -10 143 0 138 -5 168 -28 168 -8 0 -12 -3 -9 -6z m806 -413 c82 -23 100 -32 167 -82 69 -51 135 -153 157 -244 14 -59 17 -122 17 -399 0 -344 -4 -380 -49 -475 -21 -45 -116 -148 -155 -169 -96 -50 -105 -51 -536 -52 -378 0 -408 1 -456 20 -128 48 -213 133 -256 255 -15 44 -17 94 -18 430 0 409 -1 403 56 514 24 48 112 132 169 161 105 54 133 58 498 59 303 1 344 -1 406 -18z\"><\/path>\n<path d=\"M337 1205 c-47 -24 -80 -54 -109 -98 -25 -37 -28 -51 -28 -121 0 -63 4 -86 22 -115 31 -52 74 -88 126 -105 51 -18 138 -21 147 -6 3 6 16 10 28 10 13 0 41 21 72 54 40 42 54 66 65 109 23 99 -20 202 -108 257 -40 25 -57 30 -117 30 -42 0 -81 -6 -98 -15z m184 -77 c60 -47 82 -91 75 -155 -15 -161 -216 -211 -308 -78 -53 78 -31 177 52 234 64 43 123 43 181 -1z\"><\/path>\n<path d=\"M1058 1200 c-46 -25 -108 -87 -108 -110 0 -9 -5 -21 -12 -28 -18 -18 -13 -122 10 -173 22 -51 86 -108 143 -127 146 -49 309 68 309 222 0 90 -52 174 -132 216 -52 27 -158 27 -210 0z m176 -58 c46 -25 67 -48 88 -95 23 -50 23 -79 -1 -125 -57 -111 -192 -138 -275 -55 -49 49 -64 100 -47 161 28 106 145 162 235 114z\"><\/path>\n<\/g>\n<\/svg>",
            "w_image_svg": 52,
            "w_image_svg_mb": 40,
            "heading": "Control",
            "des": "Maximum Range of 2.5 Km"
          }
        }
      },
      "block_order": [
        "1653359900fdf2b29b-0",
        "351c10de-4ad5-4fc2-adf6-7da828b226e4",
        "1653359900fdf2b29b-2"
      ],
      "settings": {
        "design_heading": "1",
        "heading_align": "t4s-text-center",
        "top_heading": "",
        "icon_heading": "las la-gem",
        "top_subheading": "",
        "tophead_mb": 30,
        "source": "svg_icon",
        "pd_content": "20px,20px,20px,20px",
        "layout_des": "2",
        "col_dk": "3",
        "col_tb": "2",
        "col_mb": "1",
        "space_h_item": "30",
        "space_v_item": "30",
        "space_h_item_mb": "20",
        "space_v_item_mb": "10",
        "loop": true,
        "au_time": 0,
        "au_hover": true,
        "nav_btn": false,
        "btn_vi": "always",
        "btn_owl": "default",
        "btn_shape": "none",
        "btn_cl": "dark",
        "btn_size": "small",
        "btn_hidden_mobile": true,
        "nav_dot": true,
        "dot_owl": "default",
        "dots_cl": "dark",
        "dots_round": true,
        "dots_space": 10,
        "dots_hidden_mobile": false,
        "enable_border": true,
        "enable_shadow": true,
        "cl_border": "#f6f6f8",
        "cl_head": "#41538d",
        "cl_icon": "#ee6768",
        "cl_des": "#a2a7cf",
        "cl_box": "#ffffff",
        "cl_box_hover": "#eb4c4e",
        "cl_content_hover": "#ffffff",
        "layout": "t4s-container-wrap",
        "cl_bg": "",
        "cl_bg_gradient": "",
        "mg": ",,130px,",
        "pd": "",
        "mg_mb": ",,50px,",
        "pd_mb": "",
        "use_cus_css": false,
        "code_cus_css": ".SectionID {\nbackground-color:red\n}"
      }
    },
    "16534442751104de1f": {
      "type": "custom-section",
      "blocks": {
        "1653444274635454be-0": {
          "type": "bl_col",
          "settings": {
            "col_dk": "12",
            "col_tb": "12",
            "col_mb": "12",
            "align_vertical": true,
            "content_align": "center",
            "content_align_tablet": "center",
            "content_align_mobile": "center",
            "padding_inner": "30px,,30px",
            "padding_inner_mb": "",
            "bg_cl": "rgba(0,0,0,0)"
          }
        },
        "1653444274635454be-1": {
          "type": "custom_text",
          "settings": {
            "text": "AERIAL PHOTOGRAPHY",
            "remove_br_tag": false,
            "fontf": "inherit",
            "text_cl": "#3c4e89",
            "text_fs": 16,
            "text_lh": 24,
            "text_fw": 600,
            "text_ls": 0,
            "font_italic": false,
            "text_shadow": false,
            "text_mgb": 5,
            "hidden_mobile": false,
            "text_fs_mb": 16,
            "text_lh_mb": 0,
            "text_ls_mb": 0,
            "text_mgb_mobile": 10
          }
        },
        "1653444274635454be-2": {
          "type": "custom_text",
          "settings": {
            "text": "We Capture Objects And Spaces",
            "remove_br_tag": false,
            "fontf": "inherit",
            "text_cl": "#3c4e89",
            "text_fs": 48,
            "text_lh": 50,
            "text_fw": 600,
            "text_ls": 0,
            "font_italic": false,
            "text_shadow": false,
            "text_mgb": 0,
            "hidden_mobile": false,
            "text_fs_mb": 27,
            "text_lh_mb": 34,
            "text_ls_mb": 0,
            "text_mgb_mobile": 10
          }
        }
      },
      "block_order": [
        "1653444274635454be-0",
        "1653444274635454be-1",
        "1653444274635454be-2"
      ],
      "settings": {
        "space_h_item": "30",
        "space_v_item": "30",
        "space_h_item_mb": "10",
        "space_v_item_mb": "10",
        "layout": "t4s-container-wrap",
        "cl_bg": "",
        "cl_bg_gradient": "",
        "mg": ",,50px,",
        "pd": "",
        "mg_tb": ",,50px,",
        "pd_tb": "",
        "mg_mb": ",,30px,",
        "pd_mb": "",
        "use_cus_css": false,
        "code_cus_css": ".SectionID {\nbackground-color:red\n}"
      }
    },
    "16534444297e2acae0": {
      "type": "custom-section",
      "blocks": {
        "165344442973b6e286-0": {
          "type": "bl_col",
          "settings": {
            "col_dk": "3",
            "col_tb": "12",
            "col_mb": "12",
            "align_vertical": true,
            "content_align": "end",
            "content_align_tablet": "center",
            "content_align_mobile": "center",
            "padding_inner": "30px,,30px",
            "padding_inner_mb": "",
            "bg_cl": "rgba(0,0,0,0)"
          }
        },
        "165344442973b6e286-1": {
          "type": "custom_text",
          "settings": {
            "text": "<span style=\"display:inline-flex;align-items:center;justify-content: flex-end;text-align: right;\"><span style=\"margin: 0 10px;\">POWERFULL AERIAL PERFORMANCE <\/span><svg version=\"1.0\" xmlns=\"http:\/\/www.w3.org\/2000\/svg\" width=\"33px\" height=\"33px\" viewbox=\"0 0 99.000000 99.000000\" preserveaspectratio=\"xMidYMid meet\">\n<g transform=\"translate(0.000000,99.000000) scale(0.100000,-0.100000)\" fill=\"#3c4e89\" stroke=\"none\">\n<path d=\"M326 959 c-3 -17 -6 -46 -6 -64 0 -37 -15 -45 -92 -45 -38 0 -52 -5\n-77 -31 -26 -25 -31 -39 -31 -77 0 -80 -7 -92 -50 -92 -51 0 -70 -8 -70 -30 0\n-21 19 -30 65 -30 40 0 55 -20 55 -72 0 -46 -21 -73 -50 -65 -30 8 -70 -12\n-70 -34 0 -23 35 -42 67 -36 40 7 53 -16 53 -97 0 -66 3 -75 29 -105 26 -29\n37 -33 98 -39 l68 -7 3 -47 c2 -33 9 -51 21 -57 27 -15 39 0 43 54 l3 50 85 0\n85 0 3 -47 c6 -87 59 -91 64 -5 l3 52 69 7 c59 6 74 11 99 37 28 28 31 36 35\n115 l5 86 43 0 c25 0 49 6 58 15 31 32 -5 60 -82 64 -22 1 -23 4 -20 64 l3 62\n52 3 c86 5 82 58 -5 64 l-47 3 -8 69 c-6 61 -11 73 -39 98 -25 22 -41 28 -77\n28 -80 0 -91 7 -91 54 0 59 -10 86 -30 86 -19 0 -30 -36 -30 -95 0 -38 -15\n-45 -93 -45 -63 0 -87 13 -87 49 0 55 -12 91 -30 91 -12 0 -20 -11 -24 -31z\nm411 -192 c16 -16 18 -41 18 -267 0 -226 -2 -251 -18 -267 -16 -16 -41 -18\n-267 -18 -226 0 -251 2 -267 18 -16 16 -18 41 -18 266 0 272 1 276 58 284 18\n2 132 4 254 3 199 -1 224 -3 240 -19z\"><\/path>\n<path d=\"M324 637 c-2 -7 -3 -74 -2 -148 l3 -134 145 0 145 0 0 145 0 145\n-143 3 c-111 2 -144 0 -148 -11z m220 -63 c22 -21 22 -127 0 -148 -10 -11 -34\n-16 -74 -16 -77 0 -90 13 -90 90 0 40 5 64 16 74 10 11 34 16 74 16 40 0 64\n-5 74 -16z\"><\/path>\n<\/g>\n<\/svg><\/span>",
            "remove_br_tag": false,
            "fontf": "inherit",
            "text_cl": "#3c4e89",
            "text_fs": 20,
            "text_lh": 24,
            "text_fw": 600,
            "text_ls": 0,
            "font_italic": false,
            "text_shadow": false,
            "text_mgb": 20,
            "hidden_mobile": false,
            "text_fs_mb": 15,
            "text_lh_mb": 20,
            "text_ls_mb": 0,
            "text_mgb_mobile": 15
          }
        },
        "165344442973b6e286-2": {
          "type": "custom_text",
          "settings": {
            "text": "The Phantom 4 Pro V2.0 camera has an optimized f\/2.8 wide-angle lens, ensuring consistently detailed photos and videos that remain vivid and sharp.",
            "remove_br_tag": false,
            "fontf": "inherit",
            "text_cl": "#a2a7cf",
            "text_fs": 16,
            "text_lh": 24,
            "text_fw": 400,
            "text_ls": 0,
            "font_italic": false,
            "text_shadow": false,
            "text_mgb": 50,
            "hidden_mobile": false,
            "text_fs_mb": 14,
            "text_lh_mb": 22,
            "text_ls_mb": 0,
            "text_mgb_mobile": 50
          }
        },
        "e288951f-5ea0-4be3-88f7-daa361f872df": {
          "type": "space_html",
          "settings": {
            "color": "rgba(0,0,0,0)",
            "width": 30,
            "height": 1,
            "mgb": 100,
            "hidden_tablet": true,
            "width_tl": 40,
            "height_tl": 2,
            "mgb_tl": 20,
            "hidden_mobile": true,
            "width_mb": 40,
            "height_mb": 2,
            "mgb_mb": 20
          }
        },
        "922c0728-ca01-46dd-9fbd-780b1b18d7cd": {
          "type": "custom_text",
          "settings": {
            "text": "<span style=\"display:inline-flex;align-items:center;justify-content: flex-end;text-align: right;\"><span style=\"margin: 0 10px;\">INTELLIGENT FLIGHT MODES <\/span>\n\n<svg version=\"1.0\" xmlns=\"http:\/\/www.w3.org\/2000\/svg\" width=\"33px\" height=\"33px\" viewbox=\"0 0 90.000000 90.000000\" preserveaspectratio=\"xMidYMid meet\">\n<g transform=\"translate(0.000000,90.000000) scale(0.100000,-0.100000)\" fill=\"#3c4e89\" stroke=\"none\">\n<path d=\"M790 856 c-19 -6 -40 -14 -45 -18 -6 -3 -27 -9 -48 -13 -20 -4 -40\n-11 -43 -16 -3 -5 -13 -9 -22 -9 -9 0 -30 -7 -46 -15 -15 -8 -36 -15 -45 -15\n-9 0 -27 -6 -41 -13 -14 -7 -56 -23 -95 -36 -38 -12 -84 -29 -102 -37 -17 -8\n-38 -14 -46 -14 -8 0 -28 -7 -43 -15 -16 -8 -37 -15 -46 -15 -9 0 -19 -4 -22\n-9 -4 -5 -23 -12 -44 -16 -56 -9 -86 -36 -78 -69 4 -15 14 -30 24 -33 15 -5\n70 -28 127 -53 11 -5 55 -25 97 -44 42 -20 81 -36 86 -36 10 0 21 -20 80 -150\n63 -138 72 -159 72 -169 0 -5 12 -19 27 -30 23 -19 29 -20 47 -8 11 8 24 29\n29 48 4 19 15 48 23 66 7 17 14 38 14 46 0 8 7 28 15 43 8 16 15 37 15 46 0 9\n4 19 9 22 5 4 12 24 16 46 4 22 11 42 16 46 5 3 9 12 9 21 0 8 6 29 13 46 16\n36 28 71 63 177 14 41 32 89 40 107 8 17 14 39 14 50 0 10 5 25 10 33 6 10 4\n20 -7 32 -18 20 -24 21 -73 4z m-140 -145 c0 -16 -150 -176 -237 -254 -22 -19\n-17 -20 -180 54 -23 10 -47 19 -52 19 -19 0 -12 25 10 39 20 12 108 45 154 58\n11 3 34 11 52 19 17 8 38 14 46 14 9 0 18 4 21 9 3 5 23 12 43 16 21 4 43 10\n48 15 12 9 65 28 83 29 6 1 12 -8 12 -18z m90 -70 c0 -6 -4 -13 -10 -16 -5 -3\n-10 -16 -10 -28 0 -12 -6 -33 -13 -47 -7 -14 -23 -56 -36 -95 -12 -38 -29 -84\n-37 -102 -8 -17 -14 -40 -14 -51 0 -12 -4 -23 -9 -27 -5 -3 -13 -20 -16 -38\n-8 -36 -32 -67 -52 -67 -7 0 -13 7 -13 15 0 9 -16 50 -35 91 -19 41 -35 86\n-35 101 0 20 28 54 125 149 112 111 155 143 155 115z\"><\/path>\n<\/g>\n<\/svg>\n\n<\/span>",
            "remove_br_tag": false,
            "fontf": "inherit",
            "text_cl": "#3c4e89",
            "text_fs": 20,
            "text_lh": 24,
            "text_fw": 600,
            "text_ls": 0,
            "font_italic": false,
            "text_shadow": false,
            "text_mgb": 15,
            "hidden_mobile": false,
            "text_fs_mb": 15,
            "text_lh_mb": 20,
            "text_ls_mb": 0,
            "text_mgb_mobile": 10
          }
        },
        "49e5f86b-55d6-48cf-974a-c091a368f491": {
          "type": "custom_text",
          "settings": {
            "text": "The RTH feature automatically calculates an optimal route according to the environment and bypasses obstacles along the way.",
            "remove_br_tag": false,
            "fontf": "inherit",
            "text_cl": "#a2a7cf",
            "text_fs": 16,
            "text_lh": 24,
            "text_fw": 400,
            "text_ls": 0,
            "font_italic": false,
            "text_shadow": false,
            "text_mgb": 15,
            "hidden_mobile": false,
            "text_fs_mb": 14,
            "text_lh_mb": 22,
            "text_ls_mb": 0,
            "text_mgb_mobile": 20
          }
        },
        "165344442973b6e286-3": {
          "type": "bl_col",
          "settings": {
            "col_dk": "6",
            "col_tb": "12",
            "col_mb": "12",
            "align_vertical": true,
            "content_align": "center",
            "content_align_tablet": "center",
            "content_align_mobile": "center",
            "padding_inner": "30px,,30px",
            "padding_inner_mb": "",
            "bg_cl": "rgba(0,0,0,0)"
          }
        },
        "e333adbd-f2ba-4554-8332-667c85ef7cb2": {
          "type": "image",
          "settings": {
            "image_child": "shopify:\/\/shop_images\/fly.jpg",
            "img_width": 0,
            "img_width_mb": 0,
            "hidden_mobile": false,
            "mgb": 20,
            "mgb_mb": 20
          }
        },
        "0cafe11d-ac10-4df8-abee-97a72815352a": {
          "type": "bl_col",
          "settings": {
            "col_dk": "3",
            "col_tb": "12",
            "col_mb": "12",
            "align_vertical": true,
            "content_align": "start",
            "content_align_tablet": "center",
            "content_align_mobile": "center",
            "padding_inner": "",
            "padding_inner_mb": "",
            "bg_cl": "#ffffff"
          }
        },
        "49d30a75-809c-4c44-828e-c2dbd2ebcfd8": {
          "type": "custom_text",
          "settings": {
            "text": "<span style=\"display:inline-flex;align-items:center;text-align: left;\">\n<svg version=\"1.0\" xmlns=\"http:\/\/www.w3.org\/2000\/svg\" width=\"33px\" height=\"33px\" viewbox=\"0 0 90.000000 90.000000\" preserveaspectratio=\"xMidYMid meet\">\n\n<g transform=\"translate(0.000000,90.000000) scale(0.100000,-0.100000)\" fill=\"#3c4e89\" stroke=\"none\">\n<path d=\"M355 859 c-120 -17 -242 -107 -298 -220 -57 -114 -56 -295 2 -402 40\n-74 112 -148 176 -182 72 -38 199 -53 302 -36 43 7 80 16 83 20 3 3 22 15 43\n25 53 27 129 107 161 168 58 111 58 305 1 413 -58 111 -185 199 -308 215 -82\n11 -81 11 -162 -1z m193 -68 c9 -6 38 -20 65 -32 29 -14 47 -29 47 -40 0 -23\n-86 -109 -109 -109 -10 0 -40 7 -66 15 -28 8 -55 11 -64 6 -9 -5 -34 -12 -55\n-15 -37 -7 -42 -5 -87 40 -27 27 -49 55 -49 64 0 8 21 26 48 39 26 13 54 28\n62 32 21 11 187 11 208 0z m229 -210 c23 -49 27 -68 26 -146 0 -63 -5 -99 -17\n-120 -9 -16 -16 -36 -16 -42 0 -7 -4 -13 -9 -13 -5 0 -13 -9 -16 -20 -10 -32\n-28 -24 -84 35 -53 56 -56 67 -32 113 8 13 -1 102 -14 141 -5 16 6 33 50 76\n65 65 69 65 112 -24z m-553 20 c45 -45 47 -50 40 -87 -3 -21 -10 -46 -15 -55\n-5 -9 -2 -36 6 -64 8 -26 15 -56 15 -66 0 -22 -86 -109 -109 -109 -17 0 -37\n32 -65 104 -17 42 -22 185 -7 214 5 9 18 38 31 65 13 29 28 47 39 47 9 0 38\n-22 65 -49z m299 -74 c46 -42 57 -96 29 -146 -43 -79 -138 -91 -199 -24 -74\n80 -18 202 93 203 33 0 49 -7 77 -33z m-98 -276 c30 -4 60 -4 67 0 46 24 57\n21 113 -32 59 -56 67 -74 35 -84 -11 -3 -20 -11 -20 -16 0 -5 -6 -9 -12 -9 -7\n0 -26 -7 -43 -16 -21 -12 -57 -17 -120 -17 -78 -1 -97 3 -146 26 -89 43 -89\n47 -24 112 43 44 60 55 76 50 12 -4 45 -10 74 -14z\"><\/path>\n<\/g>\n<\/svg>\n<span style=\"margin: 0 10px;\">COMPREHENSIVE FLIGHT SAFETY <\/span><\/span>",
            "remove_br_tag": false,
            "fontf": "inherit",
            "text_cl": "#3c4e89",
            "text_fs": 20,
            "text_lh": 24,
            "text_fw": 600,
            "text_ls": 0,
            "font_italic": false,
            "text_shadow": false,
            "text_mgb": 15,
            "hidden_mobile": false,
            "text_fs_mb": 15,
            "text_lh_mb": 20,
            "text_ls_mb": 0,
            "text_mgb_mobile": 10
          }
        },
        "190568f3-0633-4e28-a6ed-7c3097d21d4f": {
          "type": "custom_text",
          "settings": {
            "text": "FlightAutonomy is an advanced aerial intelligence and flight automation platform, giving filmmakers the confidence to capture more complex images.",
            "remove_br_tag": false,
            "fontf": "inherit",
            "text_cl": "#a2a7cf",
            "text_fs": 16,
            "text_lh": 24,
            "text_fw": 400,
            "text_ls": 0,
            "font_italic": false,
            "text_shadow": false,
            "text_mgb": 50,
            "hidden_mobile": false,
            "text_fs_mb": 14,
            "text_lh_mb": 22,
            "text_ls_mb": 0,
            "text_mgb_mobile": 50
          }
        },
        "add6bd17-e1a7-4e51-85f6-6124cf38cf8e": {
          "type": "space_html",
          "settings": {
            "color": "rgba(0,0,0,0)",
            "width": 30,
            "height": 1,
            "mgb": 100,
            "hidden_tablet": false,
            "width_tl": 40,
            "height_tl": 2,
            "mgb_tl": 20,
            "hidden_mobile": true,
            "width_mb": 40,
            "height_mb": 2,
            "mgb_mb": 20
          }
        },
        "ee838db3-a95e-4964-8b0d-8a6e7473020a": {
          "type": "custom_text",
          "settings": {
            "text": "<span style=\"display:inline-flex;align-items:center;text-align: left;\">\n<svg version=\"1.0\" xmlns=\"http:\/\/www.w3.org\/2000\/svg\" width=\"33px\" height=\"33px\" viewbox=\"0 0 93.000000 93.000000\" preserveaspectratio=\"xMidYMid meet\">\n<g transform=\"translate(0.000000,93.000000) scale(0.100000,-0.100000)\" fill=\"#3c4e89\" stroke=\"none\">\n<path d=\"M420 882 c-132 -10 -277 -102 -337 -214 -70 -132 -70 -304 1 -437 20\n-37 107 -128 146 -152 68 -41 123 -54 235 -53 102 0 115 3 177 32 89 42 168\n121 209 210 30 63 32 74 33 182 1 117 -3 136 -51 225 -22 41 -126 141 -166\n159 -81 38 -168 55 -247 48z m101 -72 c84 -16 118 -34 189 -102 70 -67 99\n-125 117 -235 8 -48 -25 -162 -64 -220 -54 -81 -126 -132 -222 -157 -95 -24\n-122 -21 -234 27 -41 18 -114 79 -153 129 -65 82 -76 249 -23 357 48 99 158\n183 264 200 70 12 67 12 126 1z\"><\/path>\n<path d=\"M385 712 c-136 -39 -211 -154 -193 -296 13 -102 51 -156 143 -206 47\n-26 66 -30 130 -30 40 0 76 4 80 9 3 5 18 12 33 16 36 7 118 91 127 128 4 15\n11 30 16 33 5 3 9 38 9 79 0 111 -41 187 -130 242 -50 31 -152 43 -215 25z\nm165 -78 c72 -39 111 -103 111 -178 0 -66 -21 -115 -68 -157 -46 -40 -72 -49\n-139 -49 -71 0 -122 29 -163 92 -26 39 -31 56 -31 108 0 97 53 164 160 204 22\n8 101 -4 130 -20z\"><\/path>\n<path d=\"M379 531 c-39 -39 -41 -113 -6 -155 50 -58 164 -41 187 29 29 88 -15\n155 -102 155 -41 0 -54 -5 -79 -29z m104 -45 c32 -24 15 -76 -24 -76 -10 0\n-25 10 -33 22 -15 20 -14 24 6 45 25 27 27 27 51 9z\"><\/path>\n<\/g>\n<\/svg>\n<span style=\"margin: 0 10px;\">INTUITIVE REMOTE CONTROLLER<\/span><\/span>",
            "remove_br_tag": false,
            "fontf": "inherit",
            "text_cl": "#3c4e89",
            "text_fs": 20,
            "text_lh": 24,
            "text_fw": 600,
            "text_ls": 0,
            "font_italic": false,
            "text_shadow": false,
            "text_mgb": 15,
            "hidden_mobile": false,
            "text_fs_mb": 15,
            "text_lh_mb": 22,
            "text_ls_mb": 0,
            "text_mgb_mobile": 10
          }
        },
        "f6db30cc-4a52-40aa-9344-444299fe13de": {
          "type": "custom_text",
          "settings": {
            "text": "The remote controller features several different ports and a five-hour battery life making the Phantom 4 Pro V2.0 a comprehensive aerial imaging solution. [4]",
            "remove_br_tag": false,
            "fontf": "inherit",
            "text_cl": "#a2a7cf",
            "text_fs": 16,
            "text_lh": 24,
            "text_fw": 400,
            "text_ls": 0,
            "font_italic": false,
            "text_shadow": false,
            "text_mgb": 15,
            "hidden_mobile": false,
            "text_fs_mb": 14,
            "text_lh_mb": 22,
            "text_ls_mb": 0,
            "text_mgb_mobile": 10
          }
        }
      },
      "block_order": [
        "165344442973b6e286-0",
        "165344442973b6e286-1",
        "165344442973b6e286-2",
        "e288951f-5ea0-4be3-88f7-daa361f872df",
        "922c0728-ca01-46dd-9fbd-780b1b18d7cd",
        "49e5f86b-55d6-48cf-974a-c091a368f491",
        "165344442973b6e286-3",
        "e333adbd-f2ba-4554-8332-667c85ef7cb2",
        "0cafe11d-ac10-4df8-abee-97a72815352a",
        "49d30a75-809c-4c44-828e-c2dbd2ebcfd8",
        "190568f3-0633-4e28-a6ed-7c3097d21d4f",
        "add6bd17-e1a7-4e51-85f6-6124cf38cf8e",
        "ee838db3-a95e-4964-8b0d-8a6e7473020a",
        "f6db30cc-4a52-40aa-9344-444299fe13de"
      ],
      "settings": {
        "space_h_item": "30",
        "space_v_item": "30",
        "space_h_item_mb": "0",
        "space_v_item_mb": "30",
        "layout": "t4s-container-fluid",
        "cl_bg": "",
        "cl_bg_gradient": "",
        "mg": ",,80px,",
        "pd": ",70px,,70px",
        "mg_tb": ",,50px,",
        "pd_tb": "",
        "mg_mb": ",,30px,",
        "pd_mb": ",20px,,20px",
        "use_cus_css": false,
        "code_cus_css": ".SectionID {\nbackground-color:red\n}"
      }
    },
    "1653447717aea991fe": {
      "type": "banner",
      "blocks": {
        "1653447717bace0df7-0": {
          "type": "b_item",
          "settings": {
            "custom_dk": false,
            "height_dk": 600,
            "custom_tb": false,
            "height_tb": 400,
            "custom_mb": false,
            "height_mb": 300,
            "image": "shopify:\/\/shop_images\/bn-dr1.jpg",
            "b_link": "",
            "open_link": "_self",
            "img_effect": "zoom",
            "b_effect": "none",
            "col_dk": "6",
            "col_tb": "6",
            "col_mb": "12",
            "content_align": "center",
            "content_align_mobile": "center",
            "content_width": "auto",
            "cv_pos": 50,
            "ch_pos": 50,
            "cv_pos_mb": 50,
            "ch_pos_mb": 50,
            "bg_overlay": "#000000",
            "bg_opacity": 0,
            "bg_content_bl": true,
            "bg_content_cl": "#ffffff",
            "bg_content_op": 0,
            "content_pd_tb": 20,
            "content_pd_lr": 20,
            "content_pd_tb_mb": 15,
            "content_pd_lr_mb": 15,
            "border_bl": false,
            "br_color": "#222222",
            "br_bg": "#ffffff",
            "br_opacity": 0,
            "br_style": "solid",
            "br_pd": 20,
            "br_pd_mb": 10,
            "time_animation": 1,
            "animation_delay": 40
          }
        },
        "1653447717bace0df7-1": {
          "type": "custom_text",
          "settings": {
            "text": "4K Camera",
            "remove_br_tag": false,
            "fontf": "inherit",
            "text_cl": "#ffffff",
            "text_fs": 60,
            "text_lh": 60,
            "text_fw": 600,
            "text_ls": 0,
            "font_italic": false,
            "text_shadow": false,
            "text_mgb": 20,
            "hidden_mobile": false,
            "text_fs_mb": 30,
            "text_lh_mb": 34,
            "text_ls_mb": 0,
            "text_mgb_mobile": 10,
            "animation": "none"
          }
        },
        "1653447717bace0df7-2": {
          "type": "custom_text",
          "settings": {
            "text": "Take a beautiful capture with best camera<br>\n<strong>4K Video Resolution<\/strong>",
            "remove_br_tag": true,
            "fontf": "inherit",
            "text_cl": "#ffffff",
            "text_fs": 32,
            "text_lh": 48,
            "text_fw": 400,
            "text_ls": 0,
            "font_italic": false,
            "text_shadow": false,
            "text_mgb": 5,
            "hidden_mobile": false,
            "text_fs_mb": 16,
            "text_lh_mb": 22,
            "text_ls_mb": 0,
            "text_mgb_mobile": 10,
            "animation": "none"
          }
        },
        "1653447717bace0df7-3": {
          "type": "b_item",
          "settings": {
            "custom_dk": false,
            "height_dk": 600,
            "custom_tb": false,
            "height_tb": 400,
            "custom_mb": false,
            "height_mb": 300,
            "image": "shopify:\/\/shop_images\/bn-dr2.jpg",
            "b_link": "",
            "open_link": "_self",
            "img_effect": "zoom",
            "b_effect": "none",
            "col_dk": "6",
            "col_tb": "6",
            "col_mb": "12",
            "content_align": "center",
            "content_align_mobile": "center",
            "content_width": "auto",
            "cv_pos": 50,
            "ch_pos": 50,
            "cv_pos_mb": 50,
            "ch_pos_mb": 50,
            "bg_overlay": "#000000",
            "bg_opacity": 0,
            "bg_content_bl": true,
            "bg_content_cl": "#ffffff",
            "bg_content_op": 0,
            "content_pd_tb": 20,
            "content_pd_lr": 20,
            "content_pd_tb_mb": 15,
            "content_pd_lr_mb": 15,
            "border_bl": false,
            "br_color": "rgba(0,0,0,0)",
            "br_bg": "#ffffff",
            "br_opacity": 0,
            "br_style": "solid",
            "br_pd": 20,
            "br_pd_mb": 10,
            "time_animation": 1,
            "animation_delay": 40
          }
        },
        "1653447717bace0df7-4": {
          "type": "custom_text",
          "settings": {
            "text": "Wide Range Control",
            "remove_br_tag": false,
            "fontf": "inherit",
            "text_cl": "#ffffff",
            "text_fs": 60,
            "text_lh": 60,
            "text_fw": 600,
            "text_ls": 0,
            "font_italic": false,
            "text_shadow": false,
            "text_mgb": 20,
            "hidden_mobile": false,
            "text_fs_mb": 30,
            "text_lh_mb": 34,
            "text_ls_mb": 0,
            "text_mgb_mobile": 10,
            "animation": "none"
          }
        },
        "1653447717bace0df7-5": {
          "type": "custom_text",
          "settings": {
            "text": "Control range up to<br>\n<strong>10 Km and more<\/strong>",
            "remove_br_tag": true,
            "fontf": "inherit",
            "text_cl": "#ffffff",
            "text_fs": 32,
            "text_lh": 48,
            "text_fw": 400,
            "text_ls": 0,
            "font_italic": false,
            "text_shadow": false,
            "text_mgb": 5,
            "hidden_mobile": false,
            "text_fs_mb": 16,
            "text_lh_mb": 22,
            "text_ls_mb": 0,
            "text_mgb_mobile": 10,
            "animation": "none"
          }
        }
      },
      "block_order": [
        "1653447717bace0df7-0",
        "1653447717bace0df7-1",
        "1653447717bace0df7-2",
        "1653447717bace0df7-3",
        "1653447717bace0df7-4",
        "1653447717bace0df7-5"
      ],
      "settings": {
        "image_ratio": "ratioadapt",
        "image_size": "cover",
        "image_position": "8",
        "equal_height": true,
        "space_h_item": "0",
        "space_v_item": "0",
        "space_h_item_mb": "0",
        "space_v_item_mb": "0",
        "layout": "t4s-container-fluid",
        "cl_bg": "",
        "cl_bg_gradient": "",
        "mg": ",,160px,",
        "pd": "",
        "mg_mb": ",,50px,",
        "pd_mb": "",
        "use_cus_css": false,
        "code_cus_css": ".SectionID {\nbackground-color:red\n}"
      }
    },
    "1653383231749a215a": {
      "type": "featured-collection2",
      "blocks": {
        "7b478e6f-004e-4608-a8d5-ed9a886f1e58": {
          "type": "product",
          "settings": {
            "link_product": "shopify:\/\/products\/x-star-premium-drone-with-4k-camera",
            "image": "shopify:\/\/shop_images\/fly4.jpg",
            "title": "White DJI Phantom 4 Pro 2.0",
            "price": "$599.00",
            "desc": "GPS-backed navigation system. Up to 35 minutes flight time with 20PM built-in and 4k\/60fps Camera",
            "btn_txt": "Buy now",
            "btn_url": ""
          }
        },
        "d089b6f4-0f06-42fa-bff3-a6a69c2805c7": {
          "type": "product",
          "settings": {
            "link_product": "shopify:\/\/products\/x-star-premium-drone-with-4k-camera",
            "image": "shopify:\/\/shop_images\/fly2.jpg",
            "title": "Black DJI Phantom 4 Pro 2.0",
            "price": "$599.00",
            "desc": "GPS-backed navigation system. Up to 35 minutes flight time with 20PM built-in and 4k\/60fps Camera",
            "btn_txt": "Buy Now",
            "btn_url": "shopify:\/\/products\/x-star-premium-drone-with-4k-camera"
          }
        },
        "e4c09863-c97d-4799-8666-491c6da96f31": {
          "type": "product",
          "settings": {
            "link_product": "shopify:\/\/products\/x-star-premium-drone-with-4k-camera",
            "image": "shopify:\/\/shop_images\/fly3.jpg",
            "title": "DJI Mavick Pro",
            "price": "$449.00",
            "desc": "GPS-backed navigation system. Up to 35 minutes flight time with 20PM built-in and 4k\/60fps Camera",
            "btn_txt": "Buy Now",
            "btn_url": "shopify:\/\/products\/x-star-premium-drone-with-4k-camera"
          }
        }
      },
      "block_order": [
        "7b478e6f-004e-4608-a8d5-ed9a886f1e58",
        "d089b6f4-0f06-42fa-bff3-a6a69c2805c7",
        "e4c09863-c97d-4799-8666-491c6da96f31"
      ],
      "settings": {
        "design_heading": "1",
        "heading_align": "t4s-text-center",
        "top_heading": "Featured Products",
        "icon_heading": "las la-gem",
        "top_subheading": "",
        "tophead_mb": 30,
        "image_ratio": "ratioadapt",
        "image_size": "cover",
        "image_position": "8",
        "btn_icon": false,
        "button_style": "default",
        "btns_size": "large",
        "btns_cl": "primary",
        "button_effect": "sweep-to-top",
        "content_align": "center",
        "limit": 8,
        "col_dk": "3",
        "col_tb": "2",
        "col_mb": "1",
        "space_h_item": "30",
        "space_v_item": "30",
        "space_h_item_mb": "20",
        "space_v_item_mb": "20",
        "layout_des": "2",
        "loop": true,
        "au_time": 0,
        "au_hover": true,
        "nav_btn": false,
        "btn_vi": "hover",
        "btn_owl": "default",
        "btn_shape": "none",
        "btn_cl": "dark",
        "btn_size": "small",
        "btn_hidden_mobile": true,
        "nav_dot": true,
        "dot_owl": "default",
        "dots_cl": "dark",
        "dots_round": true,
        "dots_space": 10,
        "dots_hidden_mobile": false,
        "layout": "t4s-container-wrap",
        "cl_bg": "",
        "cl_bg_gradient": "",
        "mg": ",,130px,",
        "pd": "",
        "mg_mb": ",,50px,",
        "pd_mb": "",
        "use_cus_css": true,
        "code_cus_css": ".t4s-product2 .t4s-product-wrapper:hover {\n    top: -7px;\n}\n.t4s-product2 .t4s-product-wrapper {\n    position:relative;\ntop:0;\ntransition: 0.5s;\n}"
      }
    },
    "1653448848afa16f22": {
      "type": "custom-section",
      "blocks": {
        "1653448848dbd5d0a9-0": {
          "type": "bl_col",
          "settings": {
            "col_dk": "12",
            "col_tb": "12",
            "col_mb": "12",
            "align_vertical": true,
            "content_align": "center",
            "content_align_tablet": "center",
            "content_align_mobile": "center",
            "padding_inner": "30px,,30px",
            "padding_inner_mb": "",
            "bg_cl": "rgba(0,0,0,0)"
          }
        },
        "1653448848dbd5d0a9-1": {
          "type": "custom_text",
          "settings": {
            "text": "PHOTO GALLERY",
            "remove_br_tag": false,
            "fontf": "inherit",
            "text_cl": "#3c4e89",
            "text_fs": 16,
            "text_lh": 24,
            "text_fw": 600,
            "text_ls": 0,
            "font_italic": false,
            "text_shadow": false,
            "text_mgb": 15,
            "hidden_mobile": false,
            "text_fs_mb": 16,
            "text_lh_mb": 0,
            "text_ls_mb": 0,
            "text_mgb_mobile": 10
          }
        },
        "1653448848dbd5d0a9-2": {
          "type": "custom_text",
          "settings": {
            "text": "Check Out Some of Our Beautiful Moments",
            "remove_br_tag": false,
            "fontf": "inherit",
            "text_cl": "#3c4e89",
            "text_fs": 48,
            "text_lh": 50,
            "text_fw": 600,
            "text_ls": 0,
            "font_italic": false,
            "text_shadow": false,
            "text_mgb": 0,
            "hidden_mobile": false,
            "text_fs_mb": 27,
            "text_lh_mb": 36,
            "text_ls_mb": 0,
            "text_mgb_mobile": 10
          }
        }
      },
      "block_order": [
        "1653448848dbd5d0a9-0",
        "1653448848dbd5d0a9-1",
        "1653448848dbd5d0a9-2"
      ],
      "settings": {
        "space_h_item": "30",
        "space_v_item": "30",
        "space_h_item_mb": "10",
        "space_v_item_mb": "10",
        "layout": "t4s-container-wrap",
        "cl_bg": "",
        "cl_bg_gradient": "",
        "mg": ",,15px,",
        "pd": "",
        "mg_tb": ",,50px,",
        "pd_tb": "",
        "mg_mb": ",,15px,",
        "pd_mb": "",
        "use_cus_css": false,
        "code_cus_css": ".SectionID {\nbackground-color:red\n}"
      }
    },
    "1653449929ec03c5ef": {
      "type": "image-gallery-packery",
      "blocks": {
        "16534499297be85fc0-0": {
          "type": "image_item",
          "settings": {
            "image": "shopify:\/\/shop_images\/drone-camera-4k-1080-539124.jpg",
            "link": "#",
            "col_dk": "3",
            "col_tb": "3",
            "col_mb": "6"
          }
        },
        "16534499297be85fc0-1": {
          "type": "image_item",
          "settings": {
            "image": "shopify:\/\/shop_images\/pexels-photo-2271587.jpg",
            "link": "#",
            "col_dk": "3",
            "col_tb": "3",
            "col_mb": "6"
          }
        },
        "16534499297be85fc0-2": {
          "type": "image_item",
          "settings": {
            "image": "shopify:\/\/shop_images\/work-5.jpg",
            "link": "#",
            "col_dk": "3",
            "col_tb": "3",
            "col_mb": "6"
          }
        },
        "16534499297be85fc0-3": {
          "type": "image_item",
          "settings": {
            "image": "shopify:\/\/shop_images\/pexels-photo-3268262.jpg",
            "link": "#",
            "col_dk": "3",
            "col_tb": "3",
            "col_mb": "6"
          }
        },
        "55578fdd-7c4c-4e3e-b4b0-e1445d311dff": {
          "type": "image_item",
          "settings": {
            "image": "shopify:\/\/shop_images\/pexels-photo-1308660.jpg",
            "link": "#",
            "col_dk": "3",
            "col_tb": "3",
            "col_mb": "6"
          }
        },
        "3c8fecd2-8ba6-4b65-b6cf-72287791c2af": {
          "type": "image_item",
          "settings": {
            "image": "shopify:\/\/shop_images\/pexels-photo-1087182.jpg",
            "link": "#",
            "col_dk": "3",
            "col_tb": "3",
            "col_mb": "6"
          }
        },
        "fd16a32a-57e6-4d45-8e25-e0441aa9b005": {
          "type": "image_item",
          "settings": {
            "image": "shopify:\/\/shop_images\/pexels-photo-3094014.jpg",
            "link": "#",
            "col_dk": "3",
            "col_tb": "3",
            "col_mb": "6"
          }
        },
        "c7bacbdb-16d9-448b-a0c7-02237857d099": {
          "type": "image_item",
          "settings": {
            "image": "shopify:\/\/shop_images\/pexels-photo-690360.jpg",
            "link": "#",
            "col_dk": "3",
            "col_tb": "3",
            "col_mb": "6"
          }
        }
      },
      "block_order": [
        "16534499297be85fc0-0",
        "16534499297be85fc0-1",
        "16534499297be85fc0-2",
        "16534499297be85fc0-3",
        "55578fdd-7c4c-4e3e-b4b0-e1445d311dff",
        "3c8fecd2-8ba6-4b65-b6cf-72287791c2af",
        "fd16a32a-57e6-4d45-8e25-e0441aa9b005",
        "c7bacbdb-16d9-448b-a0c7-02237857d099"
      ],
      "settings": {
        "design_heading": "1",
        "heading_align": "t4s-text-center",
        "top_heading": "",
        "icon_heading": "las la-gem",
        "top_subheading": "",
        "tophead_mb": 30,
        "click_image": "data-t4s-gallery",
        "nav_thumbs": true,
        "open_link": "_blank",
        "item_rd": 4,
        "img_effect": "zoom",
        "b_effect": "plus-zoom-overlay",
        "image_ratio": "ratio4_3",
        "image_size": "cover",
        "image_position": "8",
        "space_item": "20",
        "space_item_mb": "10",
        "layout": "t4s-container-fluid",
        "cl_bg": "",
        "cl_bg_gradient": "",
        "mg": ",,80px,",
        "pd": ",130px,,130px",
        "mg_tb": ",,50px,",
        "pd_tb": ",15px,,15px",
        "mg_mb": ",,30px,",
        "pd_mb": ",15px,,15px",
        "use_cus_css": true,
        "code_cus_css": ".pswp__img--placeholder--blank {\n    background: transparent;\n}"
      }
    },
    "1653355389531e5cf9": {
      "type": "shipping",
      "blocks": {
        "165335538841cee376-0": {
          "type": "shipping",
          "settings": {
            "icon_themes": "car",
            "image_icon": "shopify:\/\/shop_images\/icon1_2x_161b6a31-4243-4930-a5ef-8cfbf248fec1.png",
            "icon": "tractor",
            "title": "SAFE SHIPPING",
            "text": "<p>Whether it's a sofa or a sheet set, delivery's <br\/>on the house.<\/p>"
          }
        },
        "165335538841cee376-1": {
          "type": "shipping",
          "settings": {
            "icon_themes": "diamond",
            "image_icon": "shopify:\/\/shop_images\/icon-33.png",
            "icon": "life-ring",
            "title": "PREMIUM DESIGN",
            "text": "<p>Shop zillions of finds, with new arrivals <br\/>added daily.<\/p>"
          }
        },
        "165335538841cee376-2": {
          "type": "shipping",
          "settings": {
            "icon_themes": "gift",
            "image_icon": "shopify:\/\/shop_images\/icon-22.png",
            "icon": "undo-alt",
            "title": "BEAUTIFUL GIFT WRAPPING",
            "text": "<p>Use the Credit Card to save on your first order over $250.<\/p>"
          }
        }
      },
      "block_order": [
        "165335538841cee376-0",
        "165335538841cee376-1",
        "165335538841cee376-2"
      ],
      "settings": {
        "design_heading": "1",
        "heading_align": "t4s-text-center",
        "top_heading": "",
        "icon_heading": "las la-gem",
        "top_subheading": "",
        "tophead_mb": 30,
        "content_align": "text-center",
        "align_vertical": false,
        "design_padding": "2",
        "source": "get_image",
        "icon_des": "deafult",
        "icon_size": "medium",
        "col_dk": "3",
        "col_tb": "3",
        "col_mb": "1",
        "border": false,
        "cl_bd": "#dddddd",
        "cl_ic": "#9e9e9e",
        "cl_hd": "#222222",
        "cl_cot": "#878787",
        "bg_item": "#ffffff",
        "space_h_item": "30",
        "space_v_item": "30",
        "space_h_item_mb": "15",
        "space_v_item_mb": "10",
        "carousel_mobile": true,
        "dots_cl": "dark",
        "dots_round": true,
        "layout": "t4s-container-wrap",
        "cl_bg": "",
        "cl_bg_gradient": "",
        "mg": ",,80px,",
        "pd": ",120px,,120px",
        "mg_tb": ",,50px,",
        "pd_tb": ",15px,,15px",
        "mg_mb": ",,50px,",
        "pd_mb": ",0px,,0px",
        "use_cus_css": true,
        "code_cus_css": ".t4s-shipping .t4s-shipping-content .t4s-shipping-des {\n    font-size: 16px;\n    font-weight: 300;\nmargin-top:5px; \n}\n.t4s-shipping .t4s-shipping-title {\n    font-size: 15px;\n}"
      }
    }
  },
  "order": [
    "1646028739ae283905",
    "1653359900c9037440",
    "16534442751104de1f",
    "16534444297e2acae0",
    "1653447717aea991fe",
    "1653383231749a215a",
    "1653448848afa16f22",
    "1653449929ec03c5ef",
    "1653355389531e5cf9"
  ]
}