{
  "current": {
    "header_design": "inline",
    "logo_svg": "https:\/\/cdn.shopify.com\/s\/files\/1\/0611\/6963\/1389\/files\/kalles.svg?v=1653551374",
    "logo": "shopify:\/\/shop_images\/kalles-lg.png",
    "logo_width": 95,
    "logos": "shopify:\/\/shop_images\/kalles-lg.png",
    "logos_width": 95,
    "logo_mb": "shopify:\/\/shop_images\/kalles-lg.png",
    "logo_mb_width": 95,
    "logo_tr_width": 95,
    "accent_color": "#eb4c4e",
    "secondary_color": "#3c4e89",
    "link_color_hover": "#eb4c4e",
    "font_source": "2",
    "fnt_fm_sp2": "poppins_n4",
    "fnt_fm_sp3": "libre_baskerville_n4",
    "fnt_fm_gg2": "Poppins",
    "fnt_fm_gg3": "Libre Baskerville",
    "hd_ffamily": "1",
    "enable_compe": true,
    "app_review": "2",
    "badge_shape": "1",
    "label_sale_style": "2",
    "use_new_badge": false,
    "use_soldout_badge": false,
    "show_qty": false,
    "enable_pr_color": true,
    "swatch_item_style": "1",
    "show_color_type": "1",
    "use_vimg": true,
    "sticky_atc": true,
    "use_change_variant_by_img": true,
    "enable_his": true,
    "pr_incoming_mess": true,
    "variant_remove": "2",
    "gift_wrap_pr": "gift-wrap",
    "filter_type_search": true,
    "show_search_suggest": true,
    "search_prs_suggest": "hi-tech",
    "show_search_hotkey": true,
    "currency_type": "1",
    "size_currency": "sm",
    "share_tumblr": true,
    "share_telegram": true,
    "share_whatsapp": false,
    "social_facebook_link": "#",
    "social_twitter_link": "#",
    "social_instagram_link": "#",
    "social_dribbble_link": "",
    "social_linkedin_link": "#",
    "social_pinterest_link": "#",
    "social_tumblr_link": "",
    "social_snapchat_link": "",
    "social_youtube_link": "",
    "social_vimeo_link": "",
    "social_behance_link": "",
    "social_soundcloud_link": "",
    "social_tiktok_link": "",
    "favicon": "shopify:\/\/shop_images\/k-fav.jpg",
    "favicon_apple": "shopify:\/\/shop_images\/k-fav_466e4d11-9abc-4b3a-87d1-77853c301551.jpg",
    "fnt_fm_button": "1",
    "sections": {
      "bottom-bar": {
        "type": "bottom-bar",
        "blocks": {
          "2433b4f1-5bdc-49a9-ba42-a51f4eb6d8e3": {
            "type": "bl_col",
            "settings": {
              "col_heading": "",
              "menu": "",
              "menu_style": "1",
              "col_dk": "6",
              "col_tb": "6",
              "col_mb": "12",
              "content_align": "t4s-text-md-start",
              "padding_inner": "",
              "col_heading_mobile": "",
              "content_align_mb": "t4s-text-center",
              "padding_inner_mb": ""
            }
          },
          "b3c6ceca-2d54-4a14-b482-bb86cbf25f08": {
            "type": "copyR",
            "settings": {
              "text": "Copyright © [year] <span class=\"t4s-cp\" style=\"color:#222;\">Kalles<\/span> all rights reserved. Powered by <a href=\"https:\/\/the4.co\" style=\"color: #222;\">The4<\/a>",
              "mgb": 0,
              "mgb_mb": 0
            }
          },
          "47f5eb4c-1063-495d-bfc4-a54c62d219aa": {
            "type": "bl_col",
            "settings": {
              "col_heading": "",
              "menu": "footer",
              "menu_style": "2",
              "col_dk": "6",
              "col_tb": "6",
              "col_mb": "12",
              "content_align": "t4s-text-md-end",
              "padding_inner": "",
              "col_heading_mobile": "",
              "content_align_mb": "t4s-text-center",
              "padding_inner_mb": ""
            }
          }
        },
        "block_order": [
          "2433b4f1-5bdc-49a9-ba42-a51f4eb6d8e3",
          "b3c6ceca-2d54-4a14-b482-bb86cbf25f08",
          "47f5eb4c-1063-495d-bfc4-a54c62d219aa"
        ],
        "settings": {
          "collapse": false,
          "border_top": false,
          "border_pos": "in",
          "space_h_item": "30",
          "space_v_item": "0",
          "space_h_item_mb": "0",
          "space_v_item_mb": "0",
          "heading_fontf": "inherit",
          "heading_fs": 16,
          "heading_lh": 22,
          "heading_fw": 500,
          "heading_ls": 0,
          "mgb": 30,
          "mgb_mb": 20,
          "text_fs": 14,
          "text_fw": 400,
          "heading_cl": "#222222",
          "text_cl": "#878787",
          "link_cl": "#878787",
          "link_hover_cl": "#eb4c4e",
          "border_cl": "#e6e6e6",
          "layout": "t4s-container-fluid",
          "cl_bg": "",
          "cl_bg_gradient": "",
          "mg": "",
          "pd": "20px,130px,5px,130px",
          "mg_tb": "",
          "pd_tb": "20px,15px,5px,15px",
          "mg_mb": "",
          "pd_mb": "20px,,5px,"
        }
      },
      "footer": {
        "type": "footer",
        "blocks": {
          "footer-6": {
            "type": "bl_col",
            "settings": {
              "col_heading": "ABOUT",
              "menu": "information",
              "menu_style": "1",
              "col_dk": "15",
              "col_tb": "4",
              "col_mb": "12",
              "content_align": "t4s-text-md-start",
              "padding_inner": "",
              "col_heading_mobile": "",
              "content_align_mb": "t4s-text-start",
              "padding_inner_mb": ""
            }
          },
          "f3e37ae7-14b3-4a9b-92a4-70cd668a3eba": {
            "type": "bl_col",
            "settings": {
              "col_heading": "QUICK LINKS",
              "menu": "categories",
              "menu_style": "1",
              "col_dk": "15",
              "col_tb": "4",
              "col_mb": "12",
              "content_align": "t4s-text-md-start",
              "padding_inner": "",
              "col_heading_mobile": "",
              "content_align_mb": "t4s-text-start",
              "padding_inner_mb": ""
            }
          },
          "footer-8": {
            "type": "bl_col",
            "settings": {
              "col_heading": "HELP",
              "menu": "useful-links",
              "menu_style": "1",
              "col_dk": "2",
              "col_tb": "4",
              "col_mb": "12",
              "content_align": "t4s-text-md-start",
              "padding_inner": "",
              "col_heading_mobile": "",
              "content_align_mb": "t4s-text-start",
              "padding_inner_mb": ""
            }
          },
          "footer-10": {
            "type": "bl_col",
            "settings": {
              "col_heading": "FOLLOW US",
              "menu": "",
              "menu_style": "1",
              "col_dk": "4",
              "col_tb": "12",
              "col_mb": "12",
              "content_align": "t4s-text-md-start",
              "padding_inner": "",
              "col_heading_mobile": "",
              "content_align_mb": "t4s-text-start",
              "padding_inner_mb": ""
            }
          },
          "419d6341-6677-4266-abd8-c1bd031cd8a5": {
            "type": "cus_socials",
            "settings": {
              "title": "",
              "social_mode": "1",
              "social_style": "1",
              "social_size": "small",
              "bd_radius": 0,
              "use_color_set": true,
              "icon_cl": "#193a43",
              "bg_cl": "#878787",
              "space_h_item": "20",
              "space_v_item": "10",
              "space_h_item_mb": "10",
              "space_v_item_mb": "10",
              "mgb": 20,
              "mgb_mb": 15
            }
          },
          "footer-11": {
            "type": "custom_text",
            "settings": {
              "text": "Subscribe to our newsletter and get 10%<br> off your first purchase",
              "remove_br_tag": true,
              "fontf": "inherit",
              "text_cl": "#878787",
              "text_fs": 16,
              "text_lh": 24,
              "text_fw": 400,
              "text_ls": 0,
              "font_italic": false,
              "text_shadow": false,
              "text_mgb": 18,
              "hidden_mobile": false,
              "text_fs_mb": 16,
              "text_lh_mb": 0,
              "text_ls_mb": 0,
              "text_mgb_mobile": 18
            }
          },
          "footer-12": {
            "type": "newsletter",
            "settings": {
              "form_width": 465,
              "form_width_mb": 0,
              "newl_des": "3",
              "news_align": "start",
              "newl_size": "medium",
              "btn_icon": false,
              "input_cl": "#878787",
              "border_cl": "#000000",
              "btn_cl": "#ffffff",
              "btn_bg_cl": "#eb4c4e",
              "btn_hover_cl": "#ffffff",
              "btn_hover_bg_cl": "#af2022",
              "hidden_mobile": false,
              "mgb": 22,
              "mgb_mb": 20
            }
          },
          "385c1474-1235-4a3d-b73c-9555b5f8dcfb": {
            "type": "image",
            "settings": {
              "img_width": 0,
              "img_width_mb": 0,
              "mgb": 20,
              "mgb_mb": 20
            }
          },
          "33eb929e-a001-4d96-82a0-5aab1aaabaea": {
            "type": "payments",
            "disabled": true,
            "settings": {
              "svg": "visa,paypal,maestro,american_express,discover",
              "height": 30,
              "hidden_mobile": false,
              "mgb": 20,
              "mgb_mb": 10
            }
          }
        },
        "block_order": [
          "footer-6",
          "f3e37ae7-14b3-4a9b-92a4-70cd668a3eba",
          "footer-8",
          "footer-10",
          "419d6341-6677-4266-abd8-c1bd031cd8a5",
          "footer-11",
          "footer-12",
          "385c1474-1235-4a3d-b73c-9555b5f8dcfb",
          "33eb929e-a001-4d96-82a0-5aab1aaabaea"
        ],
        "settings": {
          "sticky": false,
          "collapse": true,
          "border_top": false,
          "border_pos": "in",
          "space_h_item": "30",
          "space_v_item": "30",
          "space_h_item_mb": "0",
          "space_v_item_mb": "30",
          "heading_fontf": "inherit",
          "heading_fs": 16,
          "heading_lh": 22,
          "heading_fw": 500,
          "heading_ls": 0,
          "mgb": 30,
          "mgb_mb": 20,
          "text_fs": 16,
          "text_fw": 400,
          "heading_cl": "#222222",
          "text_cl": "#878787",
          "link_cl": "#878787",
          "link_hover_cl": "#eb4c4e",
          "border_cl": "#e6e6e6",
          "layout": "t4s-container-fluid",
          "cl_bg": "#f6f6f8",
          "cl_bg_gradient": "",
          "mg": "",
          "pd": "75px,130px,75px,130px",
          "mg_tb": "",
          "pd_tb": "45px,15px,45px,15px",
          "mg_mb": "",
          "pd_mb": "45px,,45px,"
        }
      },
      "announcement-bar": {
        "type": "announcement-bar",
        "blocks": {
          "announcement-bar-0": {
            "type": "announcement",
            "settings": {
              "link": "",
              "content": "<p>Today deal sale off <strong>70%<\/strong>. End in <strong>[countdown]<\/strong>. Hurry Up [icon_arrow]<\/p>",
              "countdown": "2022\/09\/19",
              "txt_day": "days",
              "dayx": 0
            }
          },
          "announcement-bar-1": {
            "type": "announcement",
            "settings": {
              "link": "",
              "content": "<p>Today deal sale off <strong>70%<\/strong>. End in <strong>[countdown]<\/strong>. Hurry Up [icon_arrow]<\/p>",
              "countdown": "2022\/09\/19",
              "txt_day": "days",
              "dayx": 0
            }
          },
          "announcement-bar-2": {
            "type": "announcement",
            "settings": {
              "link": "",
              "content": "<p>Today deal sale off <strong>70%<\/strong>. End in <strong>[countdown]<\/strong>. Hurry Up [icon_arrow]<\/p>",
              "countdown": "2022\/09\/19",
              "txt_day": "days",
              "dayx": 0
            }
          }
        },
        "block_order": [
          "announcement-bar-0",
          "announcement-bar-1",
          "announcement-bar-2"
        ],
        "settings": {
          "show_announcement": false,
          "effect": "1",
          "au_time": 3.5,
          "height": 45,
          "fontsize": 12,
          "cl": "#ffffff",
          "bg": "#e91e63",
          "bg_op": 100,
          "close": "1",
          "cl_btn": "#ffffff",
          "ver": 1,
          "date": 60
        }
      },
      "top-bar": {
        "type": "top-bar",
        "blocks": {
          "top-bar-0": {
            "type": "html",
            "settings": {
              "html": "<svg xmlns=\"http:\/\/www.w3.org\/2000\/svg\" width=\"16\" height=\"16\" viewbox=\"0 0 32 32\" xmlns:xlink=\"http:\/\/www.w3.org\/1999\/xlink\">\n   <path d=\"M23.407 30.394c-2.431 0-8.341-3.109-13.303-9.783-4.641-6.242-6.898-10.751-6.898-13.785 0-2.389 1.65-3.529 2.536-4.142l0.219-0.153c0.979-0.7 2.502-0.927 3.086-0.927 1.024 0 1.455 0.599 1.716 1.121 0.222 0.442 2.061 4.39 2.247 4.881 0.286 0.755 0.192 1.855-0.692 2.488l-0.155 0.108c-0.439 0.304-1.255 0.869-1.368 1.557-0.055 0.334 0.057 0.684 0.342 1.068 1.423 1.918 5.968 7.55 6.787 8.314 0.642 0.6 1.455 0.685 2.009 0.218 0.573-0.483 0.828-0.768 0.83-0.772l0.059-0.057c0.048-0.041 0.496-0.396 1.228-0.396 0.528 0 1.065 0.182 1.596 0.541 1.378 0.931 4.487 3.011 4.487 3.011l0.050 0.038c0.398 0.341 0.973 1.323 0.302 2.601-0.695 1.327-2.85 4.066-5.079 4.066zM9.046 2.672c-0.505 0-1.746 0.213-2.466 0.728l-0.232 0.162c-0.827 0.572-2.076 1.435-2.076 3.265 0 2.797 2.188 7.098 6.687 13.149 4.914 6.609 10.532 9.353 12.447 9.353 1.629 0 3.497-2.276 4.135-3.494 0.392-0.748 0.071-1.17-0.040-1.284-0.36-0.241-3.164-2.117-4.453-2.988-0.351-0.238-0.688-0.358-0.999-0.358-0.283 0-0.469 0.1-0.532 0.14-0.104 0.111-0.39 0.405-0.899 0.833-0.951 0.801-2.398 0.704-3.424-0.254-0.923-0.862-5.585-6.666-6.916-8.459-0.46-0.62-0.641-1.252-0.538-1.877 0.187-1.133 1.245-1.866 1.813-2.26l0.142-0.099c0.508-0.363 0.4-1.020 0.316-1.242-0.157-0.414-1.973-4.322-2.203-4.781-0.188-0.376-0.336-0.533-0.764-0.533z\" fill=\"currentColor\"><\/path>\n<\/svg>\n<a class=\"t4s-ct\" href=\"tel:%20+0123456789\"> +01 23456789<\/a> \n<svg class=\"ml__15\" xmlns=\"http:\/\/www.w3.org\/2000\/svg\" width=\"16\" height=\"16\" viewbox=\"0 0 32 32\" xmlns:xlink=\"http:\/\/www.w3.org\/1999\/xlink \">\n   <path d=\"M28.244 7.47h-25.572v17.060h26.656v-17.060h-1.084zM27.177 8.536l-10.298 10.298c-0.47 0.47-1.289 0.47-1.759 0l-10.3-10.298h22.356zM3.738 8.961l6.923 6.922-6.923 6.923v-13.846zM4.589 23.464l6.827-6.826 2.951 2.95c0.436 0.436 1.016 0.677 1.633 0.677s1.197-0.241 1.633-0.677l2.951-2.951 6.826 6.826h-22.822zM28.262 22.807l-6.923-6.924 6.923-6.924v13.848z\" fill=\"currentColor\"><\/path>\n<\/svg> \n<a class=\"t4s-ct\" href=\"mailto:kalles@domain.com\">Kalles@domain.com<\/a>",
              "hide": false,
              "text_align": "start",
              "col": "4"
            }
          },
          "top-bar-1": {
            "type": "text",
            "settings": {
              "text": "<p>Summer sale discount off <strong>50%<\/strong>! <a href=\"\/collections\" title=\"All collections\">Shop Now<\/a><\/p>",
              "countdown": "2022\/04\/19",
              "txt_day": "days",
              "dayx": 0,
              "effect": "1",
              "au_time": 3.5,
              "fw_bold": 400,
              "cl_a": "#222222",
              "cl_bold": "#ec0101",
              "cl_a_tr": "#ffffff",
              "cl_bold_tr": "#ec0101",
              "hide": false,
              "text_align": "center",
              "col": "4"
            }
          },
          "top-bar-2": {
            "type": "cur",
            "settings": {
              "show_currency": true,
              "show_language": true,
              "use_location": true,
              "txt_location": "Location",
              "url_location": "shopify:\/\/blogs\/lingeries\/5-best-swimsuits-for-big-busts",
              "open_link": "_self",
              "hide": false,
              "text_align": "end",
              "col": "4"
            }
          }
        },
        "block_order": [
          "top-bar-0",
          "top-bar-1",
          "top-bar-2"
        ],
        "settings": {
          "show_topbar": false,
          "topbar_transparent": false,
          "height": 45,
          "fontsize": 12,
          "cl": "#878787",
          "cl_a_hover": "#56cfe1",
          "bg": "#f6f6f8",
          "bg_op": 100,
          "show_border": false,
          "bd_cl": "#000000",
          "cl_tr": "#ffffff",
          "cl_a_hover_tr": "#56cfe1",
          "bg_tr": "#000000",
          "bg_op_tr": 10,
          "show_border_tr": false,
          "bd_cl_tr": "#b3b3b3"
        }
      },
      "header-inline": {
        "type": "header-inline",
        "blocks": {
          "b8674c61-16da-432b-a482-78ae6084aeda": {
            "type": "mega",
            "settings": {
              "title": "Demo",
              "url": "",
              "open_link": "_self",
              "icon": "",
              "cus_cl": false,
              "cl": "#ec0101",
              "lb": "",
              "lb_cl": "#00badb",
              "pos_sub": "bottom",
              "wid": "full",
              "cus_wid": 1200,
              "id": 16,
              "r_s_h_item": "20",
              "r_s_v_item": "30"
            }
          },
          "693870b2-3818-49dd-978e-611b705e9da0": {
            "type": "mega",
            "settings": {
              "title": "Shop",
              "url": "",
              "open_link": "_self",
              "icon": "",
              "cus_cl": false,
              "cl": "#ec0101",
              "lb": "",
              "lb_cl": "#00badb",
              "pos_sub": "bottom",
              "wid": "cus",
              "cus_wid": 1200,
              "id": 2,
              "r_s_h_item": "20",
              "r_s_v_item": "30"
            }
          },
          "636b9c83-9a0b-4658-8bd8-0107ce1a6a85": {
            "type": "mega",
            "settings": {
              "title": "Sale",
              "url": "",
              "open_link": "_self",
              "icon": "",
              "cus_cl": true,
              "cl": "#ec0101",
              "lb": "Sale",
              "lb_cl": "#ffa800",
              "pos_sub": "bottom",
              "wid": "cus",
              "cus_wid": 1200,
              "id": 4,
              "r_s_h_item": "30",
              "r_s_v_item": "0"
            }
          },
          "f617a6ab-4ca4-4182-83de-db2ec784688d": {
            "type": "mega",
            "settings": {
              "title": "Product",
              "url": "",
              "open_link": "_self",
              "icon": "",
              "cus_cl": false,
              "cl": "#ec0101",
              "lb": "",
              "lb_cl": "#00badb",
              "pos_sub": "bottom",
              "wid": "cus",
              "cus_wid": 1200,
              "id": 3,
              "r_s_h_item": "30",
              "r_s_v_item": "30"
            }
          },
          "72ed2a1a-2f02-45b9-b212-76c8d41160da": {
            "type": "mega",
            "settings": {
              "title": "Pages",
              "url": "",
              "open_link": "_self",
              "icon": "",
              "cus_cl": false,
              "cl": "#ec0101",
              "lb": "",
              "lb_cl": "#00badb",
              "pos_sub": "bottom",
              "wid": "cus",
              "cus_wid": 1200,
              "id": 15,
              "r_s_h_item": "20",
              "r_s_v_item": "30"
            }
          },
          "0c5a6240-c511-4211-927b-ab215c67661d": {
            "type": "drop",
            "settings": {
              "title": "Loobook",
              "url": "#",
              "open_link": "_self",
              "menu": "loobook",
              "icon": "",
              "cus_cl": false,
              "cl": "#ec0101",
              "lb": "",
              "lb_cl": "",
              "lazy_mn": true,
              "pos_sub": "bottom",
              "pos": "left"
            }
          },
          "7cd451ec-c262-4546-8e27-8308f79d9ec9": {
            "type": "drop",
            "settings": {
              "title": "Blog",
              "url": "",
              "open_link": "_self",
              "menu": "blogblog",
              "icon": "",
              "cus_cl": false,
              "cl": "#ec0101",
              "lb": "",
              "lb_cl": "",
              "lazy_mn": true,
              "pos_sub": "bottom",
              "pos": "left"
            }
          }
        },
        "block_order": [
          "b8674c61-16da-432b-a482-78ae6084aeda",
          "693870b2-3818-49dd-978e-611b705e9da0",
          "636b9c83-9a0b-4658-8bd8-0107ce1a6a85",
          "f617a6ab-4ca4-4182-83de-db2ec784688d",
          "72ed2a1a-2f02-45b9-b212-76c8d41160da",
          "0c5a6240-c511-4211-927b-ab215c67661d",
          "7cd451ec-c262-4546-8e27-8308f79d9ec9"
        ],
        "settings": {
          "layout": "logo_center",
          "full_header": true,
          "height": 70,
          "arrow": false,
          "align": "start",
          "hover": "hover_sideup",
          "h_navmb": 60,
          "bgnav": "#ffffff",
          "opnav": 100,
          "clnav": "#222222",
          "clnav_hover": "#3c4e89",
          "h_icon": "line",
          "hover_icon": "2",
          "show_search": true,
          "show_acc": true,
          "show_wis": true,
          "cart_des": "1",
          "bg_hc": "#000000",
          "cl_hc": "#ffffff",
          "sticky_header": true,
          "scroll_header": true,
          "bgnavst": "#ffffff",
          "opnavst": 100,
          "clnavst": "#222222",
          "clnavst_hover": "#3c4e89",
          "transparent_header": false,
          "space_transparent_header": false,
          "bgnavtr": "#000000",
          "opnavtr": 40,
          "clnavtr": "#ffffff",
          "clnavtr_hover": "#3c4e89",
          "fm_nav": "1",
          "fs_nav": 16,
          "fw_nav": 400,
          "ls_nav": 0
        }
      },
      "title_config": {
        "type": "title_config",
        "blocks": {
          "title_config-0": {
            "type": "title",
            "settings": {
              "color": "#3c4e89",
              "family": "2",
              "size": 48,
              "weight": 600,
              "lh": 50,
              "ls": 0,
              "space": 0,
              "size_mb": 27,
              "lh_mb": 40,
              "ls_mb": 0,
              "space_mb": 0
            }
          },
          "title_config-1": {
            "type": "subtitle",
            "settings": {
              "italic": true,
              "color": "#878787",
              "family": "3",
              "size": 14,
              "weight": 400,
              "lh": 0,
              "ls": 0,
              "space": 0,
              "size_mb": 14,
              "lh_mb": 0,
              "ls_mb": 0,
              "space_mb": 0
            }
          }
        },
        "block_order": [
          "title_config-0",
          "title_config-1"
        ],
        "settings": {
          "design_heading": "1",
          "heading_align": "t4s-text-center",
          "top_heading": "Accordion",
          "icon_heading": "las la-gem",
          "top_subheading": "",
          "tophead_mb": 30
        }
      },
      "pr_item_config": {
        "type": "pr_item_config",
        "blocks": {
          "pr_item_config-0": {
            "type": "1",
            "settings": {
              "heading": "Product desgin 01",
              "addtocart_color": "#ffffff",
              "addtocart_color_hover": "#222222",
              "quickview_color": "#ffffff",
              "quickview_color_hover": "#222222",
              "wishlist_color": "#ffffff",
              "wishlist_color_hover": "#222222",
              "wishlist_color_active": "#e81e63",
              "compare_color": "#ffffff",
              "compare_color_hover": "#222222",
              "size_list_color": "#ffffff"
            }
          },
          "pr_item_config-1": {
            "type": "2",
            "settings": {
              "heading": "Product desgin 02",
              "addtocart_color": "#ffffff",
              "addtocart_color_hover": "#222222",
              "quickview_color": "#ffffff",
              "quickview_color_hover": "#222222",
              "wishlist_color": "#ffffff",
              "wishlist_color_hover": "#222222",
              "wishlist_color_active": "#e81e63",
              "compare_color": "#ffffff",
              "compare_color_hover": "#222222",
              "size_list_color": "#ffffff"
            }
          },
          "977f60cb-440c-4e8e-beaa-b55b503aaa7c": {
            "type": "3",
            "settings": {
              "heading": "Product design 03",
              "addtocart_color": "#ffffff",
              "addtocart_color_hover": "#222222",
              "quickview_color": "#ffffff",
              "quickview_color_hover": "#222222",
              "wishlist_color": "#ffffff",
              "wishlist_color_hover": "#222222",
              "wishlist_color_active": "#e81e63",
              "compare_color": "#ffffff",
              "compare_color_hover": "#222222",
              "size_list_color": "#ffffff"
            }
          },
          "fca180ab-ad71-42a7-a8a9-ed91fbebd0ac": {
            "type": "4",
            "settings": {
              "heading": "Product design 04",
              "addtocart_color": "#ffffff",
              "addtocart_color_hover": "#222222",
              "quickview_color": "#ffffff",
              "quickview_color_hover": "#222222",
              "wishlist_color": "#ffffff",
              "wishlist_color_hover": "#222222",
              "wishlist_color_active": "#e81e63",
              "compare_color": "#ffffff",
              "compare_color_hover": "#222222",
              "pr_btn_round": 0,
              "size_list_color": "#ffffff"
            }
          },
          "6fdc3407-75d0-4c09-92f9-138646c4699e": {
            "type": "5",
            "settings": {
              "heading": "Product design 05",
              "addtocart_color": "#ffffff",
              "addtocart_color_hover": "#222222",
              "quickview_color": "#ffffff",
              "quickview_color_hover": "#222222",
              "wishlist_color": "#ffffff",
              "wishlist_color_hover": "#222222",
              "wishlist_color_active": "#e81e63",
              "compare_color": "#ffffff",
              "compare_color_hover": "#222222",
              "size_list_color": "#ffffff"
            }
          },
          "16ce1932-676d-4dcd-bdbf-356d813613c5": {
            "type": "6",
            "settings": {
              "heading": "Product design 06",
              "addtocart_color": "#56cfe1",
              "addtocart_color_hover": "#00badb",
              "quickview_color": "#ffffff",
              "quickview_color_hover": "#222222",
              "wishlist_color": "#ffffff",
              "wishlist_color_hover": "#222222",
              "wishlist_color_active": "#e81e63",
              "compare_color": "#ffffff",
              "compare_color_hover": "#222222",
              "size_list_color": "#ffffff"
            }
          },
          "83670c68-17f0-43a9-8caa-b96cca9a3b05": {
            "type": "list",
            "settings": {
              "heading": "Product list",
              "content_color": "#878787",
              "addtocart_color": "#56cfe1",
              "addtocart_color_hover": "#222222",
              "quickview_color": "#56cfe1",
              "quickview_color_hover": "#222222",
              "wishlist_color": "#ffffff",
              "wishlist_color_hover": "#222222",
              "wishlist_color_active": "#e81e63",
              "compare_color": "#ffffff",
              "compare_color_hover": "#222222",
              "size_list_color": "#ffffff"
            }
          },
          "a8021fa1-2248-47ff-a3a7-9433011a17bc": {
            "type": "packery",
            "settings": {
              "heading": "Product packery",
              "pr_title_color": "#ffffff",
              "pr_title_color_hover": "#56cfe1",
              "price_color": "#ffffff",
              "price_sale_color": "#ec0101",
              "addtocart_color": "#ffffff",
              "addtocart_color_hover": "#222222",
              "quickview_color": "#ffffff",
              "quickview_color_hover": "#222222",
              "wishlist_color": "#ffffff",
              "wishlist_color_hover": "#222222",
              "wishlist_color_active": "#e81e63",
              "compare_color": "#ffffff",
              "compare_color_hover": "#222222",
              "size_list_color": "#ffffff"
            }
          }
        },
        "block_order": [
          "pr_item_config-0",
          "pr_item_config-1",
          "977f60cb-440c-4e8e-beaa-b55b503aaa7c",
          "fca180ab-ad71-42a7-a8a9-ed91fbebd0ac",
          "6fdc3407-75d0-4c09-92f9-138646c4699e",
          "16ce1932-676d-4dcd-bdbf-356d813613c5",
          "83670c68-17f0-43a9-8caa-b96cca9a3b05",
          "a8021fa1-2248-47ff-a3a7-9433011a17bc"
        ],
        "settings": {
          "txt_tr_pr": "none",
          "fnt_df_pr": "1",
          "size_pr": 14,
          "fw_pr": 500,
          "lh_pr": 20,
          "ls_pr": 0,
          "size_price_pr": 14,
          "fw_price_pr": 400,
          "space_img_content": 15,
          "space_elements": 0,
          "swatch_color_size": 16,
          "swatch_color_size_mb": 20,
          "pr_btn_round": 40,
          "pr_title_color": "#222222",
          "pr_title_color_hover": "#56cfe1",
          "price_color": "#696969",
          "price_sale_color": "#ec0101",
          "vendors_color": "#878787",
          "vendors_color_hover": "#56cfe1",
          "pr_bg_overlay": "#000000",
          "pr_overlay": 10
        }
      },
      "btn_config": {
        "type": "btn_config",
        "blocks": {
          "btn_config-0": {
            "type": "custom1",
            "settings": {
              "color_primary": "#ffb100",
              "color_second": "#ffffff",
              "color_primary_hover": "#ff4e00",
              "color_second_hover": "#ffffff"
            }
          },
          "btn_config-1": {
            "type": "custom2",
            "settings": {
              "color_primary": "#f7f7f7",
              "color_second": "#222222",
              "color_primary_hover": "#ffffff",
              "color_second_hover": "#222222"
            }
          }
        },
        "block_order": [
          "btn_config-0",
          "btn_config-1"
        ],
        "settings": {
          "fnt_fm_button": "--font-family-1",
          "btn_fw": 600,
          "btn_bdr": 60,
          "button_effect": "default"
        }
      },
      "toolbar_mobile": {
        "type": "toolbar_mobile",
        "blocks": {
          "toolbar_mobile-0": {
            "type": "shop",
            "settings": {
              "title": "Shop",
              "link": ""
            }
          },
          "toolbar_mobile-1": {
            "type": "wish",
            "settings": {
              "title": "Wishlist"
            }
          },
          "toolbar_mobile-2": {
            "type": "cart",
            "settings": {
              "title": "Cart"
            }
          },
          "toolbar_mobile-3": {
            "type": "account",
            "settings": {
              "title": "Account"
            }
          },
          "toolbar_mobile-4": {
            "type": "search",
            "settings": {
              "title": "Search"
            }
          }
        },
        "block_order": [
          "toolbar_mobile-0",
          "toolbar_mobile-1",
          "toolbar_mobile-2",
          "toolbar_mobile-3",
          "toolbar_mobile-4"
        ],
        "settings": {
          "enable_toolbar": true,
          "show_txt": true
        }
      },
      "back_top": {
        "type": "back_top",
        "settings": {
          "enable_backtop": true,
          "enable_hidden_mobile": false,
          "backtop_des": "1"
        }
      },
      "mega-menu": {
        "type": "mega-menu",
        "blocks": {
          "583a30c7-369d-4a64-a51d-ca53c1685206": {
            "type": "mega",
            "settings": {
              "id": 1
            }
          },
          "b901e578-00f1-4aa2-8d5e-dacc4cffc4cc": {
            "type": "html",
            "settings": {
              "html": "",
              "page": "demo-short",
              "col": "12"
            }
          },
          "45fa281e-2be5-4727-bd01-942824713769": {
            "type": "mega",
            "settings": {
              "id": 2
            }
          },
          "02beea21-3cb9-41ce-a1ab-04ae44b7f47e": {
            "type": "link",
            "settings": {
              "tt_hd": "SHOP PAGES",
              "url": "",
              "open_link": "_self",
              "menu": "shop-pagesshop",
              "col": "2"
            }
          },
          "ff494243-e58b-40e9-a2ea-e64ccd58a624": {
            "type": "link",
            "settings": {
              "tt_hd": "FEATURES",
              "url": "",
              "open_link": "_self",
              "menu": "featuresshop",
              "col": "2"
            }
          },
          "df53f7ec-a812-46d9-bcda-923a5e52a7e5": {
            "type": "link",
            "settings": {
              "tt_hd": "Hover Style",
              "url": "",
              "open_link": "_self",
              "menu": "hover-style",
              "col": "2"
            }
          },
          "cec6a189-3084-497a-b4a8-b391531b2503": {
            "type": "cat",
            "settings": {
              "collection": "hi-tech",
              "collection_title": "FlyCam",
              "collection_subtitle": "",
              "image": "shopify:\/\/shop_images\/phor.jpg",
              "collection_des": "1",
              "title_cl": "#ffffff",
              "title_cl_hover": "#222222",
              "subtitle_cl": "#878787",
              "count_cl": "#222222",
              "border_cl": "#e5e5e5",
              "open_link": "_self",
              "space_bottom": 20,
              "space_bottom_mb": 10,
              "border": false,
              "item_pd": 0,
              "item_rd": 0,
              "img_effect": "zoom",
              "b_effect": "none",
              "image_ratio": "rationt",
              "image_size": "cover",
              "image_position": "8",
              "collection_link": "",
              "col": "3"
            }
          },
          "95da8d7e-67f2-4ebd-b1ad-e83d518cb37e": {
            "type": "cat",
            "settings": {
              "collection": "hi-tech",
              "collection_title": "",
              "collection_subtitle": "",
              "image": "shopify:\/\/shop_images\/phs.jpg",
              "collection_des": "1",
              "title_cl": "#ffffff",
              "title_cl_hover": "#222222",
              "subtitle_cl": "#878787",
              "count_cl": "#222222",
              "border_cl": "#e5e5e5",
              "open_link": "_self",
              "space_bottom": 20,
              "space_bottom_mb": 10,
              "border": false,
              "item_pd": 0,
              "item_rd": 0,
              "img_effect": "none",
              "b_effect": "none",
              "image_ratio": "rationt",
              "image_size": "cover",
              "image_position": "8",
              "collection_link": "",
              "col": "3"
            }
          },
          "5bdb6eec-e820-4415-ac9b-9c6096eb20c1": {
            "type": "mega",
            "settings": {
              "id": 3
            }
          },
          "cc1a7875-8010-421e-b69c-efc19a6043d6": {
            "type": "link",
            "settings": {
              "tt_hd": "PRODUCT LAYOUTS",
              "url": "",
              "open_link": "_self",
              "menu": "product-layout",
              "col": "3"
            }
          },
          "e17e717c-01e0-4704-92bc-92c339ee6148": {
            "type": "link",
            "settings": {
              "tt_hd": "PRODUCT DETAILS",
              "url": "",
              "open_link": "_self",
              "menu": "product-detail",
              "col": "3"
            }
          },
          "27ca598d-2e3f-44fc-a790-64783d37de5e": {
            "type": "link",
            "settings": {
              "tt_hd": "PRODUCT SWATCH",
              "url": "",
              "open_link": "_self",
              "menu": "product-swatch",
              "col": "3"
            }
          },
          "bdfaa837-86a3-4159-805a-668060142b0d": {
            "type": "link",
            "settings": {
              "tt_hd": "PRODUCT FEATURES",
              "url": "",
              "open_link": "_self",
              "menu": "product-features",
              "col": "3"
            }
          },
          "5952e385-42a5-4603-9be9-64b76f15ef48": {
            "type": "mega",
            "settings": {
              "id": 4
            }
          },
          "400a038a-cb32-4aae-a66d-7d4cd404ccd6": {
            "type": "link2",
            "settings": {
              "col": "2",
              "menu": "categoriessale"
            }
          },
          "41ee689a-9ef7-46ab-a5a6-5fa4776a9af6": {
            "type": "pr",
            "settings": {
              "collection": "hi-tech",
              "product_des": "1",
              "show_vendor": false,
              "image_ratio": "rationt",
              "image_size": "cover",
              "image_position": "8",
              "content_align": "default",
              "limit": 6,
              "col_dk": "4",
              "space_h_item": "30",
              "space_v_item": "30",
              "layout_des": "2",
              "nav_btn": true,
              "btn_vi": "always",
              "btn_owl": "outline",
              "btn_shape": "round",
              "btn_cl": "dark",
              "btn_size": "small",
              "btn_hidden_mobile": true,
              "col": "10"
            }
          },
          "758ddd07-8ea5-4c0e-80a1-e7eef279fa5f": {
            "type": "mega",
            "settings": {
              "id": 5
            }
          },
          "5665b9cc-d2a6-42e0-b267-e4b36da8a05e": {
            "type": "link",
            "settings": {
              "tt_hd": "BLOG LAYOUT",
              "url": "https:\/\/demo-kalles-4-1.myshopify.com\/blogs\/fashion?preview_theme_id=",
              "open_link": "_self",
              "menu": "",
              "col": "4"
            }
          },
          "552902be-02b1-40ca-8475-982bbdb75ed7": {
            "type": "blogs",
            "settings": {
              "blog": "fashion",
              "post_des": "1",
              "show_cate": false,
              "show_tags": true,
              "show_cnt": false,
              "show_au": true,
              "show_dt": true,
              "show_cm": true,
              "show_rm": false,
              "show_irm": false,
              "date": "date",
              "content_align": "t4s-text-center",
              "limit": 8,
              "img_effect": "zoom",
              "b_effect": "none",
              "image_ratio": "ratio4_3",
              "image_size": "cover",
              "image_position": "8",
              "col_dk": "2",
              "space_h_item": "30",
              "space_v_item": "30",
              "layout_des": "2",
              "nav_btn": true,
              "btn_vi": "always",
              "btn_owl": "outline",
              "btn_shape": "round",
              "btn_cl": "dark",
              "btn_size": "small",
              "btn_hidden_mobile": true,
              "col": "8"
            }
          },
          "bf024582-34f7-430d-83cb-162805521c80": {
            "type": "mega",
            "settings": {
              "id": 16
            }
          },
          "d95fe7d1-b368-4577-b24a-a93d0152aadd": {
            "type": "html",
            "settings": {
              "html": "",
              "page": "demos-short",
              "col": "12"
            }
          },
          "bdb65ce8-ad87-4908-8f5f-24193a3bede4": {
            "type": "mega",
            "settings": {
              "id": 15
            }
          },
          "591443f5-a85a-4543-8da4-bd6005b869c7": {
            "type": "link",
            "settings": {
              "tt_hd": "Portfolio",
              "url": "",
              "open_link": "_self",
              "menu": "portfolio",
              "col": "3"
            }
          },
          "1f90cea5-04fb-4ef3-822b-5f987845e5c4": {
            "type": "link",
            "settings": {
              "tt_hd": "HEADER LAYOUTS",
              "url": "",
              "open_link": "_self",
              "menu": "header-layouts",
              "col": "3"
            }
          },
          "d4a558a8-7f26-4259-9795-1831014aa833": {
            "type": "link",
            "settings": {
              "tt_hd": "FEATURES",
              "url": "",
              "open_link": "_self",
              "menu": "feature-pages",
              "col": "3"
            }
          },
          "1f1e2466-17a5-4e20-bc44-07a3ef8bdba6": {
            "type": "link",
            "settings": {
              "tt_hd": "Other pages",
              "url": "",
              "open_link": "_self",
              "menu": "other-pages",
              "col": "3"
            }
          }
        },
        "block_order": [
          "583a30c7-369d-4a64-a51d-ca53c1685206",
          "b901e578-00f1-4aa2-8d5e-dacc4cffc4cc",
          "45fa281e-2be5-4727-bd01-942824713769",
          "02beea21-3cb9-41ce-a1ab-04ae44b7f47e",
          "ff494243-e58b-40e9-a2ea-e64ccd58a624",
          "df53f7ec-a812-46d9-bcda-923a5e52a7e5",
          "cec6a189-3084-497a-b4a8-b391531b2503",
          "95da8d7e-67f2-4ebd-b1ad-e83d518cb37e",
          "5bdb6eec-e820-4415-ac9b-9c6096eb20c1",
          "cc1a7875-8010-421e-b69c-efc19a6043d6",
          "e17e717c-01e0-4704-92bc-92c339ee6148",
          "27ca598d-2e3f-44fc-a790-64783d37de5e",
          "bdfaa837-86a3-4159-805a-668060142b0d",
          "5952e385-42a5-4603-9be9-64b76f15ef48",
          "400a038a-cb32-4aae-a66d-7d4cd404ccd6",
          "41ee689a-9ef7-46ab-a5a6-5fa4776a9af6",
          "758ddd07-8ea5-4c0e-80a1-e7eef279fa5f",
          "5665b9cc-d2a6-42e0-b267-e4b36da8a05e",
          "552902be-02b1-40ca-8475-982bbdb75ed7",
          "bf024582-34f7-430d-83cb-162805521c80",
          "d95fe7d1-b368-4577-b24a-a93d0152aadd",
          "bdb65ce8-ad87-4908-8f5f-24193a3bede4",
          "591443f5-a85a-4543-8da4-bd6005b869c7",
          "1f90cea5-04fb-4ef3-822b-5f987845e5c4",
          "d4a558a8-7f26-4259-9795-1831014aa833",
          "1f1e2466-17a5-4e20-bc44-07a3ef8bdba6"
        ],
        "settings": {
        }
      },
      "mb_nav": {
        "type": "mb_nav",
        "blocks": {
          "mb_nav-0": {
            "type": "menu",
            "settings": {
              "title": "Demo",
              "url": "",
              "open_link": "_self",
              "menu": "mobile-home-menu",
              "icon": "",
              "lb": "",
              "lb_cl": ""
            }
          },
          "mb_nav-1": {
            "type": "menu",
            "settings": {
              "title": "Shop",
              "url": "shopify:\/\/collections\/women",
              "open_link": "_self",
              "menu": "mobile-shop-menu",
              "icon": "",
              "lb": "",
              "lb_cl": ""
            }
          },
          "mb_nav-2": {
            "type": "menu",
            "settings": {
              "title": "Product",
              "url": "shopify:\/\/products\/analogue-resin-strap",
              "open_link": "_self",
              "menu": "mobile-products-mobile",
              "icon": "",
              "lb": "",
              "lb_cl": ""
            }
          },
          "25fa7ecf-2db0-4747-b093-a1299099917e": {
            "type": "menu",
            "settings": {
              "title": "Portfolio",
              "url": "",
              "open_link": "_self",
              "menu": "portfolio",
              "icon": "",
              "lb": "",
              "lb_cl": ""
            }
          },
          "58800ed8-befe-449a-b8f8-ea86620bef6f": {
            "type": "menu",
            "settings": {
              "title": "Lookbook",
              "url": "",
              "open_link": "_self",
              "menu": "loobook",
              "icon": "",
              "lb": "",
              "lb_cl": ""
            }
          },
          "mb_nav-3": {
            "type": "menu",
            "settings": {
              "title": "Blog",
              "url": "shopify:\/\/blogs\/fashion",
              "open_link": "_self",
              "menu": "blogblog",
              "icon": "",
              "lb": "",
              "lb_cl": ""
            }
          },
          "mb_nav-4": {
            "type": "wis",
            "settings": {
            }
          },
          "mb_nav-5": {
            "type": "sea",
            "settings": {
            }
          },
          "mb_nav-6": {
            "type": "acc",
            "settings": {
            }
          },
          "mb_nav-7": {
            "type": "help",
            "settings": {
              "title": "Need help?",
              "text": "<a href=\"tel:%20+0123456789\">\n<svg xmlns=\"http:\/\/www.w3.org\/2000\/svg\" viewbox=\"0 0 32 32\" fill=\"currentColor\"><path d=\"M 8.65625 3 C 8.132813 3 7.617188 3.1875 7.1875 3.53125 L 7.125 3.5625 L 7.09375 3.59375 L 3.96875 6.8125 L 4 6.84375 C 3.035156 7.734375 2.738281 9.066406 3.15625 10.21875 C 3.160156 10.226563 3.152344 10.242188 3.15625 10.25 C 4.003906 12.675781 6.171875 17.359375 10.40625 21.59375 C 14.65625 25.84375 19.402344 27.925781 21.75 28.84375 L 21.78125 28.84375 C 22.996094 29.25 24.3125 28.960938 25.25 28.15625 L 28.40625 25 C 29.234375 24.171875 29.234375 22.734375 28.40625 21.90625 L 24.34375 17.84375 L 24.3125 17.78125 C 23.484375 16.953125 22.015625 16.953125 21.1875 17.78125 L 19.1875 19.78125 C 18.464844 19.433594 16.742188 18.542969 15.09375 16.96875 C 13.457031 15.40625 12.621094 13.609375 12.3125 12.90625 L 14.3125 10.90625 C 15.152344 10.066406 15.167969 8.667969 14.28125 7.84375 L 14.3125 7.8125 L 14.21875 7.71875 L 10.21875 3.59375 L 10.1875 3.5625 L 10.125 3.53125 C 9.695313 3.1875 9.179688 3 8.65625 3 Z M 8.65625 5 C 8.730469 5 8.804688 5.035156 8.875 5.09375 L 12.875 9.1875 L 12.96875 9.28125 C 12.960938 9.273438 13.027344 9.378906 12.90625 9.5 L 10.40625 12 L 9.9375 12.4375 L 10.15625 13.0625 C 10.15625 13.0625 11.304688 16.136719 13.71875 18.4375 L 13.9375 18.625 C 16.261719 20.746094 19 21.90625 19 21.90625 L 19.625 22.1875 L 22.59375 19.21875 C 22.765625 19.046875 22.734375 19.046875 22.90625 19.21875 L 27 23.3125 C 27.171875 23.484375 27.171875 23.421875 27 23.59375 L 23.9375 26.65625 C 23.476563 27.050781 22.988281 27.132813 22.40625 26.9375 C 20.140625 26.046875 15.738281 24.113281 11.8125 20.1875 C 7.855469 16.230469 5.789063 11.742188 5.03125 9.5625 C 4.878906 9.15625 4.988281 8.554688 5.34375 8.25 L 5.40625 8.1875 L 8.4375 5.09375 C 8.507813 5.035156 8.582031 5 8.65625 5 Z\"><\/path><\/svg> +01 23456789<\/a>\n<br>\n<a href=\"mailto:kalles@domain.com\">\n<svg xmlns=\"http:\/\/www.w3.org\/2000\/svg\" viewbox=\"0 0 32 32\" fill=\"currentColor\"><path d=\"M 3 8 L 3 26 L 29 26 L 29 8 Z M 7.3125 10 L 24.6875 10 L 16 15.78125 Z M 5 10.875 L 15.4375 17.84375 L 16 18.1875 L 16.5625 17.84375 L 27 10.875 L 27 24 L 5 24 Z\"><\/path><\/svg>\nkalles@domain.com<\/a>"
            }
          },
          "mb_nav-8": {
            "type": "lang",
            "settings": {
            }
          },
          "mb_nav-9": {
            "type": "cur",
            "settings": {
            }
          }
        },
        "block_order": [
          "mb_nav-0",
          "mb_nav-1",
          "mb_nav-2",
          "25fa7ecf-2db0-4747-b093-a1299099917e",
          "58800ed8-befe-449a-b8f8-ea86620bef6f",
          "mb_nav-3",
          "mb_nav-4",
          "mb_nav-5",
          "mb_nav-6",
          "mb_nav-7",
          "mb_nav-8",
          "mb_nav-9"
        ],
        "settings": {
        }
      },
      "mb_cat": {
        "type": "mb_cat",
        "blocks": {
          "f03a2313-84f9-4ce7-af4d-0a2ec38cb860": {
            "type": "cat",
            "settings": {
              "cat": "",
              "title": "Women’s Clothing",
              "url": "https:\/\/demo-kalles-4-1.myshopify.com\/collections\/default-3",
              "menu": "",
              "lb": "",
              "lb_cl": "#e91e63",
              "icons_op": "2",
              "icon": "las la-female"
            }
          },
          "f4a35f80-4e7d-4014-adbc-7b2fd7858b92": {
            "type": "cat",
            "settings": {
              "cat": "",
              "title": "Men’s Clothing",
              "url": "https:\/\/demo-kalles-4-1.myshopify.com\/collections\/default-2",
              "menu": "",
              "lb": "",
              "lb_cl": "#e91e63",
              "icons_op": "2",
              "icon": "las la-male"
            }
          },
          "a7417cbd-5494-47f5-939f-846413f93756": {
            "type": "cat",
            "settings": {
              "cat": "watches",
              "title": "Watches",
              "url": "https:\/\/demo-kalles-4-1.myshopify.com\/collections\/dress",
              "menu": "",
              "lb": "",
              "lb_cl": "#e91e63",
              "icons_op": "2",
              "icon": "las la-clock"
            }
          },
          "cc4f8bf3-b555-4ec8-abbf-0550baab0110": {
            "type": "cat",
            "settings": {
              "cat": "accessories",
              "title": "Accessories",
              "url": "https:\/\/demo-kalles-4-1.myshopify.com\/collections\/hats",
              "menu": "",
              "lb": "",
              "lb_cl": "#e91e63",
              "icons_op": "2",
              "icon": "las la-glasses"
            }
          },
          "105ae66a-c868-49af-8eaa-f2da5085f0e3": {
            "type": "cat",
            "settings": {
              "cat": "",
              "title": "Electric",
              "url": "https:\/\/demo-kalles-4-1.myshopify.com\/collections\/frontpage",
              "menu": "",
              "lb": "",
              "lb_cl": "#e91e63",
              "icons_op": "2",
              "icon": "las la-camera-retro"
            }
          },
          "3de6db21-79e9-41b8-a318-a92371cda9fc": {
            "type": "cat",
            "settings": {
              "cat": "",
              "title": "Shoes",
              "url": "https:\/\/demo-kalles-4-1.myshopify.com\/collections\/sale",
              "menu": "",
              "lb": "",
              "lb_cl": "#e91e63",
              "icons_op": "2",
              "icon": "las la-shoe-prints"
            }
          },
          "4bf23bfd-b1a6-480a-b5df-216c60615774": {
            "type": "cat",
            "settings": {
              "cat": "jewellery",
              "title": "Jewellery",
              "url": "https:\/\/demo-kalles-4-1.myshopify.com\/collections\/shoes",
              "menu": "",
              "lb": "",
              "lb_cl": "#e91e63",
              "icons_op": "2",
              "icon": "las la-gem"
            }
          },
          "5161bece-1f47-47e4-b9c0-f96d1125cb7b": {
            "type": "cat",
            "settings": {
              "cat": "",
              "title": "T-Shirt",
              "url": "https:\/\/demo-kalles-4-1.myshopify.com\/collections\/women",
              "menu": "",
              "lb": "",
              "lb_cl": "#e91e63",
              "icons_op": "2",
              "icon": "las la-tshirt"
            }
          },
          "2d16f160-ac4b-4c6c-9140-bd49e2b2fd0e": {
            "type": "cat",
            "settings": {
              "cat": "",
              "title": "Toys, Kids & Baby",
              "url": "#",
              "menu": "",
              "lb": "",
              "lb_cl": "#e91e63",
              "icons_op": "2",
              "icon": "las la-child"
            }
          },
          "0f345d5e-61b0-41ee-98a6-cf7a5f93c8d7": {
            "type": "cat",
            "settings": {
              "cat": "",
              "title": "Decor",
              "url": "https:\/\/demo-kalles-4-1.myshopify.com\/collections\/decor",
              "menu": "",
              "lb": "",
              "lb_cl": "#e91e63",
              "icons_op": "2",
              "icon": "las la-chair"
            }
          }
        },
        "block_order": [
          "f03a2313-84f9-4ce7-af4d-0a2ec38cb860",
          "f4a35f80-4e7d-4014-adbc-7b2fd7858b92",
          "a7417cbd-5494-47f5-939f-846413f93756",
          "cc4f8bf3-b555-4ec8-abbf-0550baab0110",
          "105ae66a-c868-49af-8eaa-f2da5085f0e3",
          "3de6db21-79e9-41b8-a318-a92371cda9fc",
          "4bf23bfd-b1a6-480a-b5df-216c60615774",
          "5161bece-1f47-47e4-b9c0-f96d1125cb7b",
          "2d16f160-ac4b-4c6c-9140-bd49e2b2fd0e",
          "0f345d5e-61b0-41ee-98a6-cf7a5f93c8d7"
        ],
        "settings": {
        }
      },
      "mini_cart": {
        "type": "mini_cart",
        "blocks": {
          "mini_cart-0": {
            "type": "price",
            "settings": {
            }
          },
          "mini_cart-1": {
            "type": "tax",
            "settings": {
              "image": ""
            }
          },
          "mini_cart-2": {
            "type": "agree",
            "settings": {
            }
          },
          "mini_cart-3": {
            "type": "btnc",
            "settings": {
              "btn_icon": false,
              "button_style": "default",
              "btn_cl": "custom2",
              "button_effect": "default"
            }
          },
          "mini_cart-4": {
            "type": "btnck",
            "settings": {
              "btn_icon": false,
              "button_style": "default",
              "btn_cl": "primary",
              "button_effect": "default"
            }
          },
          "mini_cart-5": {
            "type": "img",
            "settings": {
            }
          },
          "mini_cart-6": {
            "type": "btn",
            "settings": {
              "title": "Return To Shop",
              "url": "",
              "btn_icon": false,
              "button_style": "default",
              "btn_cl": "primary",
              "button_effect": "fade"
            }
          }
        },
        "block_order": [
          "mini_cart-0",
          "mini_cart-1",
          "mini_cart-2",
          "mini_cart-3",
          "mini_cart-4",
          "mini_cart-5",
          "mini_cart-6"
        ],
        "settings": {
          "style": "1",
          "enable_pr": true,
          "enable_calc_ship": true,
          "enable_note": true,
          "enable_rates": true,
          "enable_discount": true,
          "enable_gift_wrap": true,
          "ship_df_country": "United States"
        }
      },
      "main-qv": {
        "type": "main-qv",
        "blocks": {
          "main-qv-0": {
            "type": "title",
            "settings": {
              "txt_tr_pr": "none",
              "fnt_df_pr": "1",
              "size_pr": 16,
              "fw_pr": 600,
              "lh_pr": 0,
              "ls_pr": 0,
              "pr_title_color": "#222222",
              "pr_title_color_hover": "#56cfe1"
            }
          },
          "main-qv-1": {
            "type": "price_review",
            "settings": {
              "price": "0",
              "txt_sale": "0",
              "tax_ship": true,
              "rating": true,
              "review_liquid": "",
              "size_price_pr": 22,
              "fw_price_pr": 400,
              "price_color": "#696969",
              "price_sale_color": "#ec0101"
            }
          },
          "main-qv-2": {
            "type": "description",
            "settings": {
              "des": "2",
              "text": "<p>Go kalles this summer with this vintage navy and white striped v-neck t-shirt from the Nike. Perfect for pairing with denim and white kicks for a stylish kalles vibe.<\/p>",
              "length": 31,
              "readm": false,
              "readm_txt": "Read more"
            }
          },
          "main-qv-3": {
            "type": "form",
            "settings": {
              "selector_mode": "circle",
              "color_mode": "color is-sw-cl__round",
              "use_fimg": false,
              "color_size": "medium",
              "show_qty": true,
              "enable_wishlist": true,
              "enable_compare": true,
              "btn_atc_full": false,
              "pr_btn_round": 40,
              "ani": "t4s-ani-tada",
              "time": 6,
              "btn_txt": "3",
              "btn_icon": false,
              "button_style": "default",
              "button_color": "primary",
              "button_effect": "sweep-to-bottom",
              "show_dynamic_checkout": true,
              "btn_txt2": "3",
              "button_color_payment": "dark",
              "product_list": [

              ],
              "show_product_current": true,
              "qty_val": "0"
            }
          },
          "main-qv-4": {
            "type": "size_delivery_ask",
            "settings": {
              "size_chart": "3",
              "pos_sizeg": "1",
              "sc_type": "1",
              "page": "size-chart",
              "size_ck": "",
              "delivery": true,
              "page_dr": "delivery-return",
              "ask": true
            }
          },
          "main-qv-5": {
            "type": "meta",
            "settings": {
              "show_options": true,
              "show_vendor": false,
              "show_type": false,
              "show_sku": true,
              "show_barcode": false,
              "show_available": true,
              "show_category": true,
              "show_tags": true
            }
          },
          "main-qv-6": {
            "type": "social",
            "settings": {
              "class": "tc"
            }
          }
        },
        "block_order": [
          "main-qv-0",
          "main-qv-1",
          "main-qv-2",
          "main-qv-3",
          "main-qv-4",
          "main-qv-5",
          "main-qv-6"
        ],
        "settings": {
          "demo_pr": "",
          "image_ratio": "ratioadapt",
          "image_size": "cover",
          "image_position": "8"
        }
      },
      "slider_config": {
        "type": "slider_config",
        "blocks": {
          "ef55a72d-2a3a-4be2-b303-7904b5feef29": {
            "type": "custom1",
            "settings": {
              "btn_color_primary": "#abb1b4",
              "btn_color_second": "#ffffff",
              "btn_color_primary_hover": "#56cfe1",
              "btn_color_second_hover": "#ffffff"
            }
          }
        },
        "block_order": [
          "ef55a72d-2a3a-4be2-b303-7904b5feef29"
        ],
        "settings": {
          "btn_vi": "hover",
          "btn_owl": "default",
          "btn_shape": "none",
          "btn_size": "small",
          "dot_owl": "default",
          "dots_round": true,
          "dots_space": 10
        }
      },
      "search-hidden": {
        "type": "search-hidden",
        "settings": {
        }
      },
      "login-sidebar": {
        "type": "login-sidebar",
        "settings": {
          "content_align": "start",
          "btn_width": "full",
          "button_style": "default",
          "btns_size": "medium",
          "btns_cl": "primary",
          "button_effect": "default"
        }
      },
      "facets": {
        "type": "facets",
        "settings": {
          "style_color_filter": "Color, color, Colour , colour",
          "style_tag_filter": ""
        }
      },
      "heading-template": {
        "type": "heading-template",
        "blocks": {
          "heading-template-0": {
            "type": "1",
            "settings": {
              "heading": "",
              "fontf": "inherit",
              "text_cl": "#ffffff",
              "text_fs": 20,
              "text_lh": 20,
              "text_fw": 500,
              "text_ls": 0,
              "font_italic": false,
              "font_uppercase": false,
              "text_shadow": false,
              "text_mgb": 0,
              "hidden_mobile": false,
              "text_fs_mb": 20,
              "text_lh_mb": 20,
              "text_ls_mb": 0,
              "text_mgb_mobile": 0
            }
          }
        },
        "block_order": [
          "heading-template-0"
        ],
        "settings": {
          "image": "shopify:\/\/shop_images\/shopping-cart-head.jpg",
          "parallax": false,
          "color": "#000000",
          "overlay": 54,
          "padding": 50,
          "paddingmb": 50,
          "mg_b": 50,
          "mg_bmb": 50,
          "content_align": "t4s-text-center",
          "bg_pos": "center center",
          "bg_repeat": "no-repeat",
          "bg_size": "cover",
          "bg_att": "scroll",
          "use_cus_css": false,
          "code_cus_css": ".SectionID {\nbackground-color:red\n}"
        }
      },
      "main-wishlist": {
        "type": "main-wishlist",
        "blocks": {
          "main-wishlist-0": {
            "type": "layout",
            "settings": {
            }
          }
        },
        "block_order": [
          "main-wishlist-0"
        ],
        "settings": {
          "product_des": "1",
          "show_vendor": false,
          "image_ratio": "rationt",
          "image_size": "cover",
          "image_position": "8",
          "content_align": "default",
          "limit": 12,
          "enable_listing": true,
          "enable_listing_default": false,
          "col_dk": "4",
          "col_tb": "2",
          "col_mb": "2",
          "space_h_item": "30",
          "space_v_item": "30",
          "space_h_item_mb": "10",
          "space_v_item_mb": "10",
          "layout_des": "1",
          "use_pagination": "default",
          "enable_bar_lm": true,
          "btn_icon": false,
          "button_style": "default",
          "btns_size": "large",
          "btns_cl": "dark",
          "button_effect": "default",
          "btn_pos": "t4s-text-center",
          "layout": "t4s-container-wrap",
          "cl_bg": "",
          "cl_bg_gradient": "",
          "mg": ",,50px,",
          "pd": "",
          "mg_mb": ",,30px,",
          "pd_mb": ""
        }
      },
      "main-compare": {
        "type": "main-compare",
        "blocks": {
          "main-compare-0": {
            "type": "basic",
            "settings": {
            }
          },
          "main-compare-1": {
            "type": "availability",
            "settings": {
              "title": "Availability"
            }
          },
          "main-compare-2": {
            "type": "vendor",
            "settings": {
              "title": "Vendor"
            }
          },
          "main-compare-3": {
            "type": "variants",
            "settings": {
              "title": "Color"
            }
          },
          "main-compare-4": {
            "type": "btn",
            "settings": {
              "title": "RETURN TO SHOP",
              "url": "",
              "open_link": "_self",
              "btn_icon": false,
              "button_style": "default",
              "btns_size": "medium",
              "btns_cl": "primary",
              "button_effect": "default"
            }
          }
        },
        "block_order": [
          "main-compare-0",
          "main-compare-1",
          "main-compare-2",
          "main-compare-3",
          "main-compare-4"
        ],
        "settings": {
          "cl_price": "#95bf46",
          "cl_price_sale": "#ec0101",
          "cl_in": "#95bf46",
          "cl_out": "#e1b878",
          "image_ratio": "rationt",
          "image_size": "cover",
          "image_position": "8",
          "content_align": "center",
          "layout": "t4s-container-wrap",
          "cl_bg": "",
          "cl_bg_gradient": "",
          "mg": ",,50px,",
          "pd": "",
          "mg_mb": ",,30px,",
          "pd_mb": ""
        }
      },
      "header-vertical": {
        "type": "header-vertical",
        "blocks": {
          "header-vertical-0": {
            "type": "mega",
            "settings": {
              "title": "Home",
              "url": "",
              "open_link": "_self",
              "icon": "",
              "cus_cl": false,
              "cl": "#ec0101",
              "lb": "",
              "lb_cl": "#00BADB",
              "wid": "cus",
              "cus_wid": 1200,
              "id": 1,
              "r_s_h_item": "30",
              "r_s_v_item": "30"
            }
          },
          "header-vertical-1": {
            "type": "mega",
            "settings": {
              "title": "mega",
              "url": "",
              "open_link": "_self",
              "icon": "",
              "cus_cl": false,
              "cl": "#ec0101",
              "lb": "",
              "lb_cl": "#00BADB",
              "wid": "cus",
              "cus_wid": 1200,
              "id": 1,
              "r_s_h_item": "30",
              "r_s_v_item": "30"
            }
          },
          "header-vertical-2": {
            "type": "base",
            "settings": {
              "title": "base",
              "url": "\/",
              "open_link": "_self",
              "icon": "",
              "cus_cl": false,
              "cl": "#ec0101",
              "lb": "",
              "lb_cl": ""
            }
          },
          "0dec03c0-f79c-4d2b-946e-0a9c5d0a0d9a": {
            "type": "drop",
            "settings": {
              "title": "Dropdown",
              "url": "",
              "open_link": "_self",
              "menu": "main-menu",
              "icon": "",
              "cus_cl": false,
              "cl": "#ec0101",
              "lb": "",
              "lb_cl": ""
            }
          }
        },
        "block_order": [
          "header-vertical-0",
          "header-vertical-1",
          "header-vertical-2",
          "0dec03c0-f79c-4d2b-946e-0a9c5d0a0d9a"
        ],
        "settings": {
          "show_currency": true,
          "show_language": true,
          "arrow": true,
          "bgnav": "#ffffff",
          "opnav": 100,
          "clnav": "#222222",
          "clnav_hover": "#56cfe1",
          "h_icon": "kalles",
          "show_search": true,
          "show_acc": true,
          "show_wis": true,
          "cart_des": "1",
          "bg_hc": "#000000",
          "cl_hc": "#ffffff",
          "source": "2",
          "txt": "<p>Welcome to our store!<\/p>",
          "h_navmb": 62,
          "sticky_header": true,
          "scroll_header": true,
          "bgnavst": "#ffffff",
          "opnavst": 100,
          "clnavst": "#222222",
          "clnavst_hover": "#56cfe1",
          "fm_nav": "1",
          "fs_nav": 14,
          "fw_nav": 500,
          "ls_nav": 0.2
        }
      },
      "t4s_custom_color": {
        "type": "t4s_custom_color",
        "blocks": {
          "ce6f9ff4-0a9c-4307-a0e3-80cfbc584682": {
            "type": "lb_menu",
            "settings": {
              "title": "hot",
              "color": "#eb4c4e",
              "cl_gradient": "",
              "color_txt": "#ffffff"
            }
          }
        },
        "block_order": [
          "ce6f9ff4-0a9c-4307-a0e3-80cfbc584682"
        ],
        "settings": {
        }
      },
      "popups": {
        "type": "popups",
        "blocks": {
          "d516dd80-a322-4771-870a-2376eeca13a7": {
            "type": "age",
            "disabled": true,
            "settings": {
              "age_limit": 18,
              "date_of_birth": false,
              "heading": "Are you over 18?",
              "sub": "You must be 18 years of age or older to view page. Please verify your age to enter.",
              "age_enter": "I am 18 or Older",
              "age_exit": "I am Under 18",
              "txt": "Access forbidden",
              "txt2": "Your access is restricted because of your age.",
              "day_next": 30,
              "month": "- Month -",
              "month1": "January",
              "month2": "February",
              "month3": "March",
              "month4": "April",
              "month5": "May",
              "month6": "June",
              "month7": "July",
              "month8": "August",
              "month9": "September",
              "month10": "October",
              "month11": "November",
              "month12": "December",
              "day": "- Day -",
              "year": "- Year -",
              "cl_bg": "#56cfe1",
              "cl_gradient": "",
              "cl_btn": "#007e91",
              "cl_btn_hover": "#035f6d",
              "overlay": 0
            }
          },
          "b356428a-4081-45d8-b968-114fc98aaa65": {
            "type": "newsletter",
            "settings": {
              "heading": "Sign up our newsletter and save 25% off for the next purchase!",
              "sub_heading": "Subscribe to our newsletters and don’t miss new arrivals, the latest fashion updates and our promotions.",
              "txt": "Your Information will never be shared with any third party.",
              "btn_ck": true,
              "txt2": "Do not show it anymore.",
              "input_cl": "#ff4e00",
              "border_cl": "#000000",
              "btn_cl": "#ffffff",
              "btn_bg_cl": "#222222",
              "btn_hover_cl": "#ffffff",
              "btn_hover_bg_cl": "#56cfe1",
              "image": "shopify:\/\/shop_images\/pexels-photo-3268262.jpg",
              "news_layout": "2",
              "mb": true,
              "index": true,
              "product": false,
              "collection": false,
              "article": false,
              "blog": false,
              "cart": false,
              "page": false,
              "number_pages": 0,
              "pp_version": 1,
              "day_next": 7,
              "after": "scroll",
              "time_delay": 2,
              "scroll_delay": 800
            }
          },
          "28aabb75-938d-4bb1-a96f-669b0084cd9d": {
            "type": "cookie",
            "settings": {
              "text": "We use cookies to improve your experience on our website. By browsing this website, you agree to our use of cookies.",
              "accept": "Accept",
              "decline": "Decline",
              "more": "More info",
              "links": "",
              "cl_btn": "#56cfe1",
              "cl_btn_hover": "#007e91"
            }
          },
          "212d5b9e-7f63-4525-a686-d78266a331f5": {
            "type": "sales",
            "disabled": true,
            "settings": {
              "product_list": [

              ],
              "mb": true,
              "index": true,
              "product": true,
              "collection": true,
              "article": true,
              "blog": true,
              "cart": true,
              "page": true,
              "pp_type": "2",
              "start_time": 5,
              "start_time_unit": "1000",
              "stay_time": 4,
              "stay_time_unit": "1000",
              "enable_cl": true,
              "close": "Close",
              "enable_qv": true,
              "enable_progressbar": true,
              "list_user": "Nathan (California) | Alex (Texas) | Henry (New York) | Kiti (Ohio) | Daniel (Washington) | Hau (California) | Van (Ohio) | Sara (Montana)  | Kate (Georgia)",
              "enable_time": true,
              "list_time": "4 hours ago | 2 hours ago | 45 minutes ago | 1 day ago | 8 hours ago | 10 hours ago | 25 minutes ago | 2 day ago | 5 hours ago | 40 minutes ago",
              "enable_verify": true,
              "des": "1",
              "pp_ani": "anislideInUp",
              "txt1": "purchased",
              "txt2": "Verified"
            }
          },
          "16052f58-a309-4ab2-b002-c5bdb3f61778": {
            "type": "exit",
            "disabled": true,
            "settings": {
              "design_heading": "1",
              "heading_align": "t4s-text-center",
              "top_heading": "Wait! Can't find what you're looking for ?",
              "icon_heading": "las la-gem",
              "top_subheading": "Maybe this will help...",
              "tophead_mb": 30,
              "product_list": [
                "3ce-body-whitening-shampoo",
                "copy-of-12-ply-gauze-sponges-3",
                "91-short-sleeve-shirt",
                "adidas-copa-primeknit-sneakers",
                "copy-of-antique-sewing-scissors",
                "disney-silver-rings",
                "capri-fiore-lowtop-men-koio-shoes",
                "copy-of-3ce-body-whitening-shampoo"
              ],
              "product_des": "1",
              "show_vendor": false,
              "image_ratio": "ratio1_1",
              "image_size": "cover",
              "image_position": "8",
              "content_align": "center",
              "col_dk": "4",
              "space_h_item": "30",
              "loop": true,
              "au_time": 0,
              "au_hover": true,
              "nav_btn": true,
              "btn_vi": "hover",
              "btn_owl": "outline",
              "btn_shape": "round",
              "btn_cl": "dark",
              "btn_size": "small",
              "btn_hidden_mobile": true,
              "nav_dot": true,
              "dot_owl": "default",
              "dots_cl": "dark",
              "dots_round": true,
              "dots_space": 10,
              "dots_hidden_mobile": false,
              "index": true,
              "product": false,
              "collection": false,
              "article": false,
              "blog": false,
              "cart": false,
              "page": false,
              "day_next": 7
            }
          }
        },
        "block_order": [
          "d516dd80-a322-4771-870a-2376eeca13a7",
          "b356428a-4081-45d8-b968-114fc98aaa65",
          "28aabb75-938d-4bb1-a96f-669b0084cd9d",
          "212d5b9e-7f63-4525-a686-d78266a331f5",
          "16052f58-a309-4ab2-b002-c5bdb3f61778"
        ],
        "settings": {
        }
      },
      "header-categories-menu": {
        "type": "header-categories-menu",
        "blocks": {
          "header-categories-menu-0": {
            "type": "mega",
            "settings": {
              "title": "mega",
              "url": "",
              "open_link": "_self",
              "icon": "",
              "cus_cl": false,
              "cl": "#ec0101",
              "lb": "",
              "lb_cl": "#00BADB",
              "pos_sub": "bottom",
              "wid": "cus",
              "cus_wid": 1200,
              "id": 1,
              "r_s_h_item": "30",
              "r_s_v_item": "30"
            }
          },
          "header-categories-menu-1": {
            "type": "mega",
            "settings": {
              "title": "mega",
              "url": "",
              "open_link": "_self",
              "icon": "",
              "cus_cl": false,
              "cl": "#ec0101",
              "lb": "",
              "lb_cl": "#00BADB",
              "pos_sub": "bottom",
              "wid": "cus",
              "cus_wid": 1200,
              "id": 1,
              "r_s_h_item": "30",
              "r_s_v_item": "30"
            }
          },
          "header-categories-menu-2": {
            "type": "base",
            "settings": {
              "title": "base",
              "url": "\/",
              "open_link": "_self",
              "icon": "",
              "cus_cl": false,
              "cl": "#ec0101",
              "lb": "",
              "lb_cl": ""
            }
          }
        },
        "block_order": [
          "header-categories-menu-0",
          "header-categories-menu-1",
          "header-categories-menu-2"
        ],
        "settings": {
          "full_header": false,
          "height": 90,
          "frm_sea_mw": 600,
          "height2": 50,
          "arrow": false,
          "border": false,
          "align": "start",
          "hover": "hover_sideup",
          "h_navmb": 62,
          "bgnav": "#ffffff",
          "opnav": 100,
          "clnav": "#222222",
          "clnav_hover": "#56cfe1",
          "clsea": "#56cfe1",
          "bgnav2": "#56CFE1",
          "clnav2": "#fff",
          "bgcategory": "#007e91",
          "h_icon": "kalles",
          "show_search": true,
          "show_acc": true,
          "show_wis": true,
          "cart_des": "1",
          "bg_hc": "#000000",
          "cl_hc": "#ffffff",
          "sticky_header": true,
          "scroll_header": true,
          "bgnavst": "#ffffff",
          "opnavst": 100,
          "clnavst": "#222222",
          "clnavst_hover": "#56cfe1",
          "clseast": "#56cfe1",
          "transparent_header": false,
          "space_transparent_header": false,
          "bgnavtr": "#000000",
          "opnavtr": 40,
          "clnavtr": "#ffffff",
          "clnavtr_hover": "#ffffff",
          "clseatr": "#56cfe1",
          "fm_nav": "1",
          "fs_nav": 14,
          "fw_nav": 400,
          "ls_nav": 0,
          "txt_cat": "SHOP BY CATEGORY",
          "text": "<i class=\"las la-phone fs__14\"><\/i> +01 23456789 <i class=\"las la-envelope fs__14 ml__15\"><\/i> <a class=\"cg\" href=\"mailto:kalles@domain.com\">kalles@domain.com<\/a>",
          "shop_cat": true
        }
      },
      "header-categories": {
        "type": "header-categories",
        "blocks": {
          "header-categories-0": {
            "type": "lv0_mega",
            "settings": {
              "title": "mega",
              "url": "",
              "open_link": "_self",
              "icon": "",
              "cus_cl": false,
              "cl": "#ec0101",
              "lb": "",
              "lb_cl": "#00BADB",
              "pos_sub": "right-start",
              "wid": "cus",
              "cus_wid": 1200,
              "r_s_h_item": "20",
              "r_s_v_item": "30"
            }
          },
          "header-categories-1": {
            "type": "lv0_mega",
            "settings": {
              "title": "mega",
              "url": "",
              "open_link": "_self",
              "icon": "",
              "cus_cl": false,
              "cl": "#ec0101",
              "lb": "",
              "lb_cl": "#00BADB",
              "pos_sub": "right-start",
              "wid": "cus",
              "cus_wid": 1200,
              "r_s_h_item": "20",
              "r_s_v_item": "30"
            }
          },
          "header-categories-2": {
            "type": "lv0_base",
            "settings": {
              "title": "base",
              "url": "\/",
              "open_link": "_self",
              "icon": "",
              "cus_cl": false,
              "cl": "#ec0101",
              "lb": "",
              "lb_cl": ""
            }
          }
        },
        "block_order": [
          "header-categories-0",
          "header-categories-1",
          "header-categories-2"
        ],
        "settings": {
          "arrow": true
        }
      }
    },
    "content_for_index": [

    ]
  }
}