{
  "sections": {
    "164679487424973fe7": {
      "type": "slideshow",
      "blocks": {
        "1646794873c20a81c8-4": {
          "type": "image_parent",
          "settings": {
            "image": "shopify:\/\/shop_images\/SLIDE5_1950x_ca59dab1-ca4d-4813-a3cd-ee46b4aadbe5.jpg",
            "image_position": "8",
            "cl_img": "",
            "link_img1": "",
            "open_link": "_blank",
            "animate_slide": "none",
            "text_align": "center",
            "text_align_mb": "center",
            "content_width": "auto",
            "cv_pos": 50,
            "ch_pos": 50,
            "cv_pos_mb": 50,
            "ch_pos_mb": 50,
            "bg_overlay": "#000000",
            "bg_opacity": 0,
            "bg_content_cl": "#ffffff",
            "bg_content_op": 0,
            "content_pd_tb": 20,
            "content_pd_lr": 20,
            "content_pd_tb_mb": 10,
            "content_pd_lr_mb": 10,
            "border_bl": false,
            "br_color": "#222222",
            "br_bg": "#ffffff",
            "br_opacity": 50,
            "br_style": "solid",
            "br_pd": 20,
            "br_pd_mb": 10,
            "time_animation": 1,
            "animation_delay": 40
          }
        },
        "1646794873c20a81c8-1": {
          "type": "custom_text",
          "settings": {
            "text": "MEN’S SUNGLASSES <br>LOOKBOOK",
            "remove_br_tag": false,
            "fontf": "inherit",
            "text_cl": "#ffffff",
            "text_fs": 60,
            "text_lh": 60,
            "text_fw": 600,
            "text_ls": 0,
            "text_mgb": 15,
            "font_italic": false,
            "text_shadow": false,
            "hidden_mobile": false,
            "text_fs_mb": 30,
            "text_lh_mb": 40,
            "text_ls_mb": 0,
            "text_mgb_mobile": 10,
            "animation": "fadeInUp"
          }
        },
        "1646794873c20a81c8-2": {
          "type": "custom_text",
          "settings": {
            "text": "Brighten up your day and keep the rays at bay with our collection of women’s sunglasses <br>you’ll want to book a holiday just to wear them.",
            "remove_br_tag": true,
            "fontf": "2",
            "text_cl": "#ffffff",
            "text_fs": 16,
            "text_lh": 19,
            "text_fw": 400,
            "text_ls": 0,
            "text_mgb": 20,
            "font_italic": false,
            "text_shadow": false,
            "hidden_mobile": false,
            "text_fs_mb": 14,
            "text_lh_mb": 19,
            "text_ls_mb": 0,
            "text_mgb_mobile": 10,
            "animation": "fadeInUp"
          }
        },
        "99e6f7b0-f2f9-4348-a01f-a40d82b2e6be": {
          "type": "custom_button",
          "settings": {
            "button_text": "VIEW THE LOOK",
            "button_link": "shopify:\/\/collections",
            "target_link": "_self",
            "fontf": "2",
            "button_icon_w": 0,
            "button_style": "default",
            "button_effect": "fade",
            "pri_cl": "#c39d62",
            "second_cl": "#ffffff",
            "pri_cl_hover": "#ff8400",
            "second_cl_hover": "#ffffff",
            "fsbutton": 14,
            "fwbutton": 500,
            "button_ls": 0,
            "button_mh": 50,
            "button_bdr": 0,
            "button_pd_lr": 25,
            "button_mgb": 0,
            "hidden_mobile": false,
            "button_icon_w_mb": 0,
            "fsbutton_mb": 14,
            "button_mh_mb": 40,
            "button_pd_lr_mb": 15,
            "button_ls_mb": 0,
            "button_mgb_mb": 0,
            "animation": "none"
          }
        },
        "359bba28-6f4f-4ba3-a12a-10cdc5c3d97c": {
          "type": "image_parent",
          "settings": {
            "image": "shopify:\/\/shop_images\/SLIDE6_1950x_e9a5befe-7151-4376-a2c7-17326bb92f63.jpg",
            "image_position": "8",
            "cl_img": "",
            "link_img1": "",
            "open_link": "_blank",
            "animate_slide": "none",
            "text_align": "center",
            "text_align_mb": "center",
            "content_width": "auto",
            "cv_pos": 50,
            "ch_pos": 50,
            "cv_pos_mb": 50,
            "ch_pos_mb": 50,
            "bg_overlay": "#000000",
            "bg_opacity": 0,
            "bg_content_cl": "#ffffff",
            "bg_content_op": 0,
            "content_pd_tb": 20,
            "content_pd_lr": 20,
            "content_pd_tb_mb": 10,
            "content_pd_lr_mb": 10,
            "border_bl": false,
            "br_color": "#222222",
            "br_bg": "#ffffff",
            "br_opacity": 50,
            "br_style": "solid",
            "br_pd": 20,
            "br_pd_mb": 10,
            "time_animation": 1,
            "animation_delay": 40
          }
        },
        "1646794873c20a81c8-5": {
          "type": "custom_text",
          "settings": {
            "text": "COME & GET OUR NEW LOOKBOOK",
            "remove_br_tag": false,
            "fontf": "inherit",
            "text_cl": "#ffffff",
            "text_fs": 24,
            "text_lh": 24,
            "text_fw": 500,
            "text_ls": 0,
            "text_mgb": 15,
            "font_italic": false,
            "text_shadow": false,
            "hidden_mobile": false,
            "text_fs_mb": 16,
            "text_lh_mb": 20,
            "text_ls_mb": 0,
            "text_mgb_mobile": 10,
            "animation": "fadeInDown"
          }
        },
        "1646794873c20a81c8-6": {
          "type": "custom_text",
          "settings": {
            "text": "RX EYEWEAR ESSENTIAL<br>\nLOOKBOOK",
            "remove_br_tag": true,
            "fontf": "inherit",
            "text_cl": "#ffffff",
            "text_fs": 60,
            "text_lh": 60,
            "text_fw": 600,
            "text_ls": 0,
            "text_mgb": 15,
            "font_italic": false,
            "text_shadow": false,
            "hidden_mobile": false,
            "text_fs_mb": 24,
            "text_lh_mb": 30,
            "text_ls_mb": 0.5,
            "text_mgb_mobile": 10,
            "animation": "fadeInDown"
          }
        },
        "0c3a311d-49be-4549-b026-3467d2a7a0b0": {
          "type": "custom_button",
          "settings": {
            "button_text": "EXPLORE NOW",
            "button_link": "shopify:\/\/collections",
            "target_link": "_self",
            "fontf": "2",
            "button_icon_w": 0,
            "button_style": "default",
            "button_effect": "default",
            "pri_cl": "#c39d62",
            "second_cl": "#ffffff",
            "pri_cl_hover": "#ff8400",
            "second_cl_hover": "#ffffff",
            "fsbutton": 14,
            "fwbutton": 500,
            "button_ls": 0,
            "button_mh": 50,
            "button_bdr": 0,
            "button_pd_lr": 25,
            "button_mgb": 0,
            "hidden_mobile": false,
            "button_icon_w_mb": 0,
            "fsbutton_mb": 14,
            "button_mh_mb": 40,
            "button_pd_lr_mb": 20,
            "button_ls_mb": 0,
            "button_mgb_mb": 0,
            "animation": "none"
          }
        },
        "1646794873c20a81c8-0": {
          "type": "image_parent",
          "settings": {
            "image": "shopify:\/\/shop_images\/slide4_1950x_03e744aa-de55-4806-88a3-57cbc24d355d.jpg",
            "image_position": "8",
            "cl_img": "",
            "link_img1": "",
            "open_link": "_blank",
            "animate_slide": "none",
            "text_align": "center",
            "text_align_mb": "center",
            "content_width": "auto",
            "cv_pos": 50,
            "ch_pos": 50,
            "cv_pos_mb": 50,
            "ch_pos_mb": 50,
            "bg_overlay": "#000000",
            "bg_opacity": 0,
            "bg_content_cl": "#ffffff",
            "bg_content_op": 0,
            "content_pd_tb": 20,
            "content_pd_lr": 20,
            "content_pd_tb_mb": 10,
            "content_pd_lr_mb": 10,
            "border_bl": false,
            "br_color": "#222222",
            "br_bg": "#ffffff",
            "br_opacity": 50,
            "br_style": "solid",
            "br_pd": 20,
            "br_pd_mb": 10,
            "time_animation": 1,
            "animation_delay": 40
          }
        },
        "62fc4fec-6c82-4527-afd3-31170cb23f3c": {
          "type": "custom_text",
          "settings": {
            "text": "SUMMER CLEARANCE",
            "remove_br_tag": false,
            "fontf": "inherit",
            "text_cl": "#ffffff",
            "text_fs": 60,
            "text_lh": 60,
            "text_fw": 600,
            "text_ls": 0,
            "text_mgb": 15,
            "font_italic": false,
            "text_shadow": false,
            "hidden_mobile": false,
            "text_fs_mb": 40,
            "text_lh_mb": 40,
            "text_ls_mb": 0,
            "text_mgb_mobile": 10,
            "animation": "fadeInUp"
          }
        },
        "767d9e64-b4cf-43d1-b2f3-b98f0002ebc7": {
          "type": "custom_text",
          "settings": {
            "text": "Code Z7922G8 to Get 25% OFF!",
            "remove_br_tag": false,
            "fontf": "inherit",
            "text_cl": "#ffffff",
            "text_fs": 24,
            "text_lh": 30,
            "text_fw": 500,
            "text_ls": 0,
            "text_mgb": 30,
            "font_italic": false,
            "text_shadow": false,
            "hidden_mobile": false,
            "text_fs_mb": 18,
            "text_lh_mb": 24,
            "text_ls_mb": 0,
            "text_mgb_mobile": 20,
            "animation": "fadeInUp"
          }
        },
        "eae6850d-ce4b-4c04-926a-f24f4b2c2f47": {
          "type": "custom_button",
          "settings": {
            "button_text": "SHOP NOW",
            "button_link": "shopify:\/\/collections",
            "target_link": "_self",
            "fontf": "2",
            "button_icon_w": 0,
            "button_style": "default",
            "button_effect": "fade",
            "pri_cl": "#c39d62",
            "second_cl": "#ffffff",
            "pri_cl_hover": "#ff8400",
            "second_cl_hover": "#ffffff",
            "fsbutton": 14,
            "fwbutton": 500,
            "button_ls": 0,
            "button_mh": 50,
            "button_bdr": 0,
            "button_pd_lr": 37,
            "button_mgb": 0,
            "hidden_mobile": false,
            "button_icon_w_mb": 0,
            "fsbutton_mb": 14,
            "button_mh_mb": 40,
            "button_pd_lr_mb": 15,
            "button_ls_mb": 0,
            "button_mgb_mb": 0,
            "animation": "fadeInLeft"
          }
        },
        "358c2d3d-98da-4dd7-8957-b0cfedff3892": {
          "type": "custom_button",
          "settings": {
            "button_text": "VIEW PROMOTION",
            "button_link": "shopify:\/\/collections",
            "target_link": "_self",
            "fontf": "2",
            "button_icon_w": 0,
            "button_style": "outline",
            "button_effect": "fade",
            "pri_cl": "#ffffff",
            "second_cl": "",
            "pri_cl_hover": "#ff8400",
            "second_cl_hover": "#ffffff",
            "fsbutton": 14,
            "fwbutton": 500,
            "button_ls": 0,
            "button_mh": 50,
            "button_bdr": 0,
            "button_pd_lr": 18,
            "button_mgb": 0,
            "hidden_mobile": false,
            "button_icon_w_mb": 0,
            "fsbutton_mb": 14,
            "button_mh_mb": 40,
            "button_pd_lr_mb": 15,
            "button_ls_mb": 0,
            "button_mgb_mb": 0,
            "animation": "fadeInRight"
          }
        }
      },
      "block_order": [
        "1646794873c20a81c8-4",
        "1646794873c20a81c8-1",
        "1646794873c20a81c8-2",
        "99e6f7b0-f2f9-4348-a01f-a40d82b2e6be",
        "359bba28-6f4f-4ba3-a12a-10cdc5c3d97c",
        "1646794873c20a81c8-5",
        "1646794873c20a81c8-6",
        "0c3a311d-49be-4549-b026-3467d2a7a0b0",
        "1646794873c20a81c8-0",
        "62fc4fec-6c82-4527-afd3-31170cb23f3c",
        "767d9e64-b4cf-43d1-b2f3-b98f0002ebc7",
        "eae6850d-ce4b-4c04-926a-f24f4b2c2f47",
        "358c2d3d-98da-4dd7-8957-b0cfedff3892"
      ],
      "settings": {
        "se_height": "t4s_ratio_cuspx",
        "custom_dk": true,
        "height_dk": 700,
        "custom_tb": true,
        "height_tb": 500,
        "custom_mb": true,
        "height_mb": 350,
        "eff": "slide",
        "loop": true,
        "au_time": 0,
        "au_hover": true,
        "nav_btn": false,
        "btn_vi": "hover",
        "btn_owl": "default",
        "btn_shape": "none",
        "btn_cl": "dark",
        "btn_size": "small",
        "btn_hidden_mobile": false,
        "nav_dot": true,
        "dot_owl": "default",
        "dots_cl": "primary",
        "dots_round": true,
        "dots_space": 10,
        "dots_hidden_mobile": false,
        "layout": "t4s-container-fluid",
        "cl_bg": "",
        "cl_bg_gradient": "",
        "mg": ",,30px,",
        "pd": "",
        "mg_mb": ",,10px,",
        "pd_mb": "",
        "use_cus_css": false,
        "code_cus_css": ".SectionID {\nbackground-color:red\n}"
      }
    },
    "16468819339b263c11": {
      "type": "banner",
      "blocks": {
        "1646881932b764ef92-0": {
          "type": "b_item",
          "settings": {
            "custom_dk": true,
            "height_dk": 600,
            "custom_tb": true,
            "height_tb": 400,
            "custom_mb": true,
            "height_mb": 300,
            "image": "shopify:\/\/shop_images\/bg-banner-8_720x_94cac9db-c2d2-4e46-8ef5-471524d25831.jpg",
            "b_link": "",
            "open_link": "_self",
            "img_effect": "zoom",
            "b_effect": "none",
            "col_dk": "6",
            "col_tb": "6",
            "col_mb": "12",
            "content_align": "end",
            "content_align_mobile": "end",
            "content_width": "auto",
            "cv_pos": 50,
            "ch_pos": 90,
            "cv_pos_mb": 50,
            "ch_pos_mb": 90,
            "bg_overlay": "#000000",
            "bg_opacity": 0,
            "bg_content_bl": false,
            "bg_content_cl": "#ffffff",
            "bg_content_op": 50,
            "content_pd_tb": 20,
            "content_pd_lr": 20,
            "content_pd_tb_mb": 10,
            "content_pd_lr_mb": 10,
            "border_bl": false,
            "br_color": "#222222",
            "br_bg": "#ffffff",
            "br_opacity": 50,
            "br_style": "solid",
            "br_pd": 20,
            "br_pd_mb": 10,
            "time_animation": 1,
            "animation_delay": 40
          }
        },
        "1646881932b764ef92-1": {
          "type": "custom_text",
          "settings": {
            "text": "The classic aviator",
            "remove_br_tag": true,
            "fontf": "3",
            "text_cl": "#d0b78f",
            "text_fs": 28,
            "text_lh": 30,
            "text_fw": 800,
            "text_ls": 1,
            "font_italic": false,
            "text_shadow": false,
            "text_mgb": 10,
            "hidden_mobile": false,
            "text_fs_mb": 16,
            "text_lh_mb": 0,
            "text_ls_mb": 0,
            "text_mgb_mobile": 10,
            "animation": "fadeInRight"
          }
        },
        "d1143335-73eb-41ce-8508-076c21df4830": {
          "type": "custom_text",
          "settings": {
            "text": "MEN’S EYEWEAR <br> ORIGINALS",
            "remove_br_tag": false,
            "fontf": "1",
            "text_cl": "#222222",
            "text_fs": 31,
            "text_lh": 33,
            "text_fw": 600,
            "text_ls": 0,
            "font_italic": false,
            "text_shadow": false,
            "text_mgb": 0,
            "hidden_mobile": false,
            "text_fs_mb": 16,
            "text_lh_mb": 0,
            "text_ls_mb": 0,
            "text_mgb_mobile": 0,
            "animation": "none"
          }
        },
        "1646881932b764ef92-3": {
          "type": "b_item",
          "settings": {
            "custom_dk": true,
            "height_dk": 600,
            "custom_tb": true,
            "height_tb": 400,
            "custom_mb": true,
            "height_mb": 300,
            "image": "shopify:\/\/shop_images\/bg-banner-7_720x_9b23e4ea-1e3b-4f31-b70f-5cbd0b742f71.jpg",
            "b_link": "",
            "open_link": "_self",
            "img_effect": "zoom",
            "b_effect": "none",
            "col_dk": "6",
            "col_tb": "6",
            "col_mb": "12",
            "content_align": "end",
            "content_align_mobile": "end",
            "content_width": "auto",
            "cv_pos": 50,
            "ch_pos": 90,
            "cv_pos_mb": 50,
            "ch_pos_mb": 90,
            "bg_overlay": "#000000",
            "bg_opacity": 0,
            "bg_content_bl": false,
            "bg_content_cl": "#ffffff",
            "bg_content_op": 50,
            "content_pd_tb": 20,
            "content_pd_lr": 20,
            "content_pd_tb_mb": 10,
            "content_pd_lr_mb": 10,
            "border_bl": false,
            "br_color": "#222222",
            "br_bg": "#ffffff",
            "br_opacity": 50,
            "br_style": "solid",
            "br_pd": 20,
            "br_pd_mb": 10,
            "time_animation": 1,
            "animation_delay": 40
          }
        },
        "1646881932b764ef92-4": {
          "type": "custom_text",
          "settings": {
            "text": "a rectangular shape",
            "remove_br_tag": false,
            "fontf": "3",
            "text_cl": "#d0b78f",
            "text_fs": 28,
            "text_lh": 30,
            "text_fw": 800,
            "text_ls": 0,
            "font_italic": false,
            "text_shadow": false,
            "text_mgb": 10,
            "hidden_mobile": false,
            "text_fs_mb": 16,
            "text_lh_mb": 0,
            "text_ls_mb": 0,
            "text_mgb_mobile": 10,
            "animation": "fadeInLeft"
          }
        },
        "faeeaf91-2269-4f75-bed8-486d99e7b78f": {
          "type": "custom_text",
          "settings": {
            "text": "WOMEN’S <br> SUNGLASSES",
            "remove_br_tag": false,
            "fontf": "1",
            "text_cl": "#222222",
            "text_fs": 31,
            "text_lh": 33,
            "text_fw": 600,
            "text_ls": 0,
            "font_italic": false,
            "text_shadow": false,
            "text_mgb": 0,
            "hidden_mobile": false,
            "text_fs_mb": 16,
            "text_lh_mb": 0,
            "text_ls_mb": 0,
            "text_mgb_mobile": 0,
            "animation": "none"
          }
        }
      },
      "block_order": [
        "1646881932b764ef92-0",
        "1646881932b764ef92-1",
        "d1143335-73eb-41ce-8508-076c21df4830",
        "1646881932b764ef92-3",
        "1646881932b764ef92-4",
        "faeeaf91-2269-4f75-bed8-486d99e7b78f"
      ],
      "settings": {
        "image_ratio": "ratioadapt",
        "image_size": "cover",
        "image_position": "8",
        "equal_height": false,
        "space_h_item": "30",
        "space_v_item": "30",
        "space_h_item_mb": "10",
        "space_v_item_mb": "10",
        "layout": "t4s-container-wrap",
        "cl_bg": "",
        "cl_bg_gradient": "",
        "mg": ",,75px,",
        "pd": "",
        "mg_mb": ",,30px,",
        "pd_mb": "",
        "use_cus_css": false,
        "code_cus_css": ".SectionID {\nbackground-color:red\n}"
      }
    },
    "164690219036e203f0": {
      "type": "tabs-collection",
      "blocks": {
        "1646902189374f4c9b-0": {
          "type": "tab_item",
          "settings": {
            "tab_title": "FEATURED",
            "icon_title": "",
            "collection": "glasses",
            "product_des": "1",
            "show_vendor": false,
            "image_ratio": "ratio1_1",
            "image_size": "cover",
            "image_position": "8",
            "content_align": "center",
            "limit": 4,
            "col_dk": "4",
            "col_tb": "2",
            "col_mb": "2",
            "space_h_item": "30",
            "space_v_item": "30",
            "space_h_item_mb": "10",
            "space_v_item_mb": "10",
            "layout_des": "2",
            "loop": true,
            "au_time": 0,
            "au_hover": true,
            "nav_btn": true,
            "btn_vi": "hover",
            "btn_owl": "default",
            "btn_shape": "round",
            "btn_cl": "light",
            "btn_size": "small",
            "btn_hidden_mobile": false,
            "nav_dot": true,
            "dot_owl": "default",
            "dots_cl": "dark",
            "dots_round": false,
            "dots_space": 10,
            "dots_hidden_mobile": false,
            "use_pagination": "none",
            "enable_bar_lm": true,
            "btn_icon": false,
            "button_style": "default",
            "btns_size": "medium",
            "btns_cl": "default",
            "button_effect": "fade",
            "btn_pos": "t4s-text-center"
          }
        },
        "1646902189374f4c9b-1": {
          "type": "tab_item",
          "settings": {
            "tab_title": "NEW ARRIVALS",
            "icon_title": "",
            "collection": "sunglasses",
            "product_des": "1",
            "show_vendor": false,
            "image_ratio": "ratio1_1",
            "image_size": "cover",
            "image_position": "8",
            "content_align": "center",
            "limit": 4,
            "col_dk": "4",
            "col_tb": "2",
            "col_mb": "2",
            "space_h_item": "30",
            "space_v_item": "30",
            "space_h_item_mb": "10",
            "space_v_item_mb": "10",
            "layout_des": "2",
            "loop": true,
            "au_time": 0,
            "au_hover": true,
            "nav_btn": true,
            "btn_vi": "hover",
            "btn_owl": "default",
            "btn_shape": "round",
            "btn_cl": "light",
            "btn_size": "small",
            "btn_hidden_mobile": false,
            "nav_dot": true,
            "dot_owl": "default",
            "dots_cl": "dark",
            "dots_round": false,
            "dots_space": 10,
            "dots_hidden_mobile": false,
            "use_pagination": "none",
            "enable_bar_lm": true,
            "btn_icon": false,
            "button_style": "default",
            "btns_size": "medium",
            "btns_cl": "default",
            "button_effect": "fade",
            "btn_pos": "t4s-text-center"
          }
        },
        "1646902189374f4c9b-2": {
          "type": "tab_item",
          "settings": {
            "tab_title": "ON SALE",
            "icon_title": "",
            "collection": "glasses",
            "product_des": "1",
            "show_vendor": false,
            "image_ratio": "ratio1_1",
            "image_size": "cover",
            "image_position": "8",
            "content_align": "center",
            "limit": 4,
            "col_dk": "4",
            "col_tb": "2",
            "col_mb": "2",
            "space_h_item": "30",
            "space_v_item": "30",
            "space_h_item_mb": "10",
            "space_v_item_mb": "10",
            "layout_des": "2",
            "loop": true,
            "au_time": 0,
            "au_hover": true,
            "nav_btn": true,
            "btn_vi": "hover",
            "btn_owl": "default",
            "btn_shape": "round",
            "btn_cl": "light",
            "btn_size": "small",
            "btn_hidden_mobile": false,
            "nav_dot": true,
            "dot_owl": "default",
            "dots_cl": "dark",
            "dots_round": false,
            "dots_space": 10,
            "dots_hidden_mobile": false,
            "use_pagination": "none",
            "enable_bar_lm": true,
            "btn_icon": false,
            "button_style": "default",
            "btns_size": "medium",
            "btns_cl": "default",
            "button_effect": "fade",
            "btn_pos": "t4s-text-center"
          }
        }
      },
      "block_order": [
        "1646902189374f4c9b-0",
        "1646902189374f4c9b-1",
        "1646902189374f4c9b-2"
      ],
      "settings": {
        "design_heading": "1",
        "heading_align": "t4s-text-center",
        "top_heading": "Our Products",
        "icon_heading": "la la-glasses",
        "top_subheading": "Eyeglasses teamed up to design a performance cycling frame inspired by the French outfitter’s ability to honor classic<br>\ndesign while elevating technical capabilities.",
        "tophead_mb": 30,
        "tabs_des": "underline",
        "tabs_border": "solid",
        "item_rounded": false,
        "item_cl": "#222222",
        "item_bg": "",
        "item_cl_active": "#222222",
        "item_bg_active": "#ff8400",
        "space_between": 30,
        "tabs_pos": "center",
        "tabslist_mb": 30,
        "layout": "t4s-container-wrap",
        "cl_bg": "",
        "cl_bg_gradient": "",
        "mg": ",,70px,",
        "pd": "",
        "mg_mb": ",,30px,",
        "pd_mb": "",
        "use_cus_css": false,
        "code_cus_css": ".SectionID {\nbackground-color:red\n}"
      }
    },
    "1646902550964ce096": {
      "type": "line",
      "settings": {
        "line_style": "solid",
        "line_width": 100,
        "line_height": 1,
        "line_cl": "#e6e6e6",
        "line_pos": "t4s-text-start",
        "layout": "t4s-container-wrap",
        "mg": ",,50px,",
        "mg_mb": ",,30px,",
        "use_cus_css": false,
        "code_cus_css": ".SectionID {\nbackground-color:red\n}"
      }
    },
    "16469025603bd0c5fa": {
      "type": "shipping",
      "blocks": {
        "16469025596e458709-0": {
          "type": "shipping",
          "settings": {
            "icon_themes": "car",
            "icon": "las la-truck",
            "title": "FREE SHIPPING UK&UK",
            "text": "<p>Free shipping on all orders above $100<\/p>"
          }
        },
        "16469025596e458709-1": {
          "type": "shipping",
          "settings": {
            "icon_themes": "headphones",
            "icon": "las la-headset",
            "title": "SUPPORT 24\/7",
            "text": "<p>Contact us 24 hours a day, 7 days a week<\/p>"
          }
        },
        "16469025596e458709-2": {
          "type": "shipping",
          "settings": {
            "icon_themes": "cash",
            "icon": "las la-donate",
            "title": "30 DAYS MONEY BACK",
            "text": "<p>Simply return it within 30 days for an exchange.<\/p>"
          }
        }
      },
      "block_order": [
        "16469025596e458709-0",
        "16469025596e458709-1",
        "16469025596e458709-2"
      ],
      "settings": {
        "design_heading": "1",
        "heading_align": "t4s-text-center",
        "top_heading": "",
        "icon_heading": "las la-gem",
        "top_subheading": "",
        "tophead_mb": 30,
        "content_align": "text-center",
        "align_vertical": false,
        "design_padding": "1",
        "source": "line_awe",
        "icon_des": "deafult",
        "icon_size": "large",
        "col_dk": "3",
        "col_tb": "2",
        "col_mb": "1",
        "border": false,
        "cl_bd": "#dddddd",
        "cl_ic": "#c39d62",
        "cl_hd": "#222222",
        "cl_cot": "#878787",
        "bg_item": "#ffffff",
        "space_h_item": "30",
        "space_v_item": "30",
        "space_h_item_mb": "0",
        "space_v_item_mb": "30",
        "carousel_mobile": true,
        "dots_cl": "dark",
        "dots_round": true,
        "layout": "t4s-container-wrap",
        "cl_bg": "",
        "cl_bg_gradient": "",
        "mg": ",,50px,",
        "pd": "0,0,30px,0",
        "mg_mb": ",,30px,",
        "pd_mb": "",
        "use_cus_css": false,
        "code_cus_css": ".SectionID {\nbackground-color:red\n}"
      }
    },
    "1646902722917905c4": {
      "type": "line",
      "settings": {
        "line_style": "solid",
        "line_width": 100,
        "line_height": 1,
        "line_cl": "#e6e6e6",
        "line_pos": "t4s-text-start",
        "layout": "t4s-container-wrap",
        "mg": ",,50px,",
        "mg_mb": ",,30px,",
        "use_cus_css": false,
        "code_cus_css": ".SectionID {\nbackground-color:red\n}"
      }
    },
    "1646881640f2c9849d": {
      "type": "blog-post",
      "settings": {
        "design_heading": "1",
        "heading_align": "t4s-text-center",
        "top_heading": "Latest News",
        "icon_heading": "la la-glasses",
        "top_subheading": "Finding eyeglasses with the qualities that are most important to you could be as simple as choosing a frame material <br>\neach distinguished by its own strengths.",
        "tophead_mb": 30,
        "blog": "glasses",
        "post_des": "1",
        "show_cate": false,
        "show_tags": false,
        "show_cnt": true,
        "show_au": false,
        "show_dt": true,
        "show_cm": false,
        "show_rm": false,
        "show_irm": false,
        "date": "date",
        "content_align": "t4s-text-start",
        "limit": 8,
        "img_effect": "zoom",
        "b_effect": "none",
        "image_ratio": "ratio4_3",
        "image_size": "cover",
        "image_position": "8",
        "col_dk": "3",
        "col_tb": "2",
        "col_mb": "1",
        "space_h_item": "30",
        "space_v_item": "30",
        "space_h_item_mb": "10",
        "space_v_item_mb": "10",
        "layout_des": "2",
        "loop": true,
        "au_time": 0,
        "au_hover": true,
        "nav_btn": false,
        "btn_vi": "hover",
        "btn_owl": "default",
        "btn_shape": "none",
        "btn_cl": "dark",
        "btn_size": "small",
        "btn_hidden_mobile": false,
        "nav_dot": false,
        "dot_owl": "default",
        "dots_cl": "dark",
        "dots_round": false,
        "dots_space": 10,
        "dots_hidden_mobile": false,
        "use_pagination": "none",
        "enable_bar_lm": true,
        "btn_icon": false,
        "button_style": "default",
        "btns_size": "medium",
        "btns_cl": "default",
        "button_effect": "fade",
        "btn_pos": "t4s-text-center",
        "layout": "t4s-container-wrap",
        "cl_bg": "",
        "cl_bg_gradient": "",
        "mg": ",,75px,",
        "pd": "",
        "mg_mb": ",,30px,",
        "pd_mb": "",
        "use_cus_css": false,
        "code_cus_css": ".SectionID {\nbackground-color:red\n}"
      }
    },
    "16469028888a1e2321": {
      "type": "line",
      "settings": {
        "line_style": "solid",
        "line_width": 100,
        "line_height": 1,
        "line_cl": "#e6e6e6",
        "line_pos": "t4s-text-start",
        "layout": "t4s-container-wrap",
        "mg": ",,85px,",
        "mg_mb": ",,30px,",
        "use_cus_css": false,
        "code_cus_css": ".SectionID {\nbackground-color:red\n}"
      }
    },
    "16469029127137c041": {
      "type": "collection-group",
      "blocks": {
        "16469029128ccbdbee-0": {
          "type": "product",
          "settings": {
            "heading": "MOST REVIEW",
            "collection": "glasses",
            "content_align": "default",
            "limit": 3,
            "space_v_item": "30",
            "space_v_item_mb": "10"
          }
        },
        "16469029128ccbdbee-1": {
          "type": "product",
          "settings": {
            "heading": "TOP RATE",
            "collection": "sunglasses",
            "content_align": "default",
            "limit": 3,
            "space_v_item": "30",
            "space_v_item_mb": "10"
          }
        },
        "16469029128ccbdbee-2": {
          "type": "product",
          "settings": {
            "heading": "RECENT ITEMS",
            "collection": "glasses",
            "content_align": "default",
            "limit": 3,
            "space_v_item": "30",
            "space_v_item_mb": "10"
          }
        },
        "baefd1f0-fecc-44b3-80f0-66b3b31a353c": {
          "type": "product",
          "settings": {
            "heading": "POPULAR ITEMS",
            "collection": "sunglasses",
            "content_align": "default",
            "limit": 3,
            "space_v_item": "30",
            "space_v_item_mb": "10"
          }
        }
      },
      "block_order": [
        "16469029128ccbdbee-0",
        "16469029128ccbdbee-1",
        "16469029128ccbdbee-2",
        "baefd1f0-fecc-44b3-80f0-66b3b31a353c"
      ],
      "settings": {
        "design_heading": "1",
        "heading_align": "t4s-text-center",
        "top_heading": "",
        "icon_heading": "las la-gem",
        "top_subheading": "",
        "tophead_mb": 30,
        "image_ratio": "ratio1_1",
        "image_size": "cover",
        "image_position": "8",
        "col_dk": "4",
        "col_tb": "2",
        "col_mb": "1",
        "space_h_item": "30",
        "space_v_item": "30",
        "space_h_item_mb": "10",
        "space_v_item_mb": "30",
        "layout": "t4s-container-wrap",
        "cl_bg": "",
        "cl_bg_gradient": "",
        "mg": ",,80px,",
        "pd": "",
        "mg_mb": ",,30px,",
        "pd_mb": "",
        "use_cus_css": false,
        "code_cus_css": ".SectionID {\nbackground-color:red\n}"
      }
    }
  },
  "order": [
    "164679487424973fe7",
    "16468819339b263c11",
    "164690219036e203f0",
    "1646902550964ce096",
    "16469025603bd0c5fa",
    "1646902722917905c4",
    "1646881640f2c9849d",
    "16469028888a1e2321",
    "16469029127137c041"
  ]
}