{
  "sections": {
    "16461627553debd4ba": {
      "type": "slideshow",
      "blocks": {
        "8adc670f-f61c-4f65-9861-48f0087ac750": {
          "type": "image_parent",
          "settings": {
            "image": "shopify:\/\/shop_images\/hk2d.jpg",
            "image_position": "8",
            "cl_img": "",
            "link_img1": "",
            "open_link": "_blank",
            "animate_slide": "none",
            "text_align": "center",
            "text_align_mb": "center",
            "content_width": "auto",
            "cv_pos": 50,
            "ch_pos": 50,
            "cv_pos_mb": 50,
            "ch_pos_mb": 50,
            "bg_overlay": "#000000",
            "bg_opacity": 0,
            "bg_content_cl": "#ffffff",
            "bg_content_op": 0,
            "content_pd_tb": 20,
            "content_pd_lr": 20,
            "content_pd_tb_mb": 10,
            "content_pd_lr_mb": 10,
            "border_bl": false,
            "br_color": "#222222",
            "br_bg": "#ffffff",
            "br_opacity": 50,
            "br_style": "solid",
            "br_pd": 20,
            "br_pd_mb": 10,
            "time_animation": 1,
            "animation_delay": 40
          }
        },
        "164616275497118f56-2": {
          "type": "custom_text",
          "settings": {
            "text": "SALE UPTO 50% OFF",
            "remove_br_tag": false,
            "fontf": "inherit",
            "text_cl": "#ffffff",
            "text_fs": 20,
            "text_lh": 40,
            "text_fw": 600,
            "text_ls": 4.5,
            "text_mgb": 15,
            "font_italic": false,
            "text_shadow": false,
            "hidden_mobile": false,
            "text_fs_mb": 18,
            "text_lh_mb": 20,
            "text_ls_mb": 2,
            "text_mgb_mobile": 10,
            "animation": "fadeInTopLeft"
          }
        },
        "164616275497118f56-1": {
          "type": "custom_text",
          "settings": {
            "text": "RUCKSACKS",
            "remove_br_tag": false,
            "fontf": "2",
            "text_cl": "#ffffff",
            "text_fs": 70,
            "text_lh": 80,
            "text_fw": 600,
            "text_ls": 1,
            "text_mgb": 30,
            "font_italic": false,
            "text_shadow": false,
            "hidden_mobile": false,
            "text_fs_mb": 40,
            "text_lh_mb": 44,
            "text_ls_mb": 0,
            "text_mgb_mobile": 20,
            "animation": "fadeInLeft"
          }
        },
        "164616275497118f56-3": {
          "type": "custom_button",
          "settings": {
            "button_text": "PURCHASE NOW",
            "button_link": "shopify:\/\/collections",
            "target_link": "_self",
            "fontf": "inherit",
            "button_icon_w": 0,
            "button_style": "default",
            "button_effect": "fade",
            "pri_cl": "#ffc501",
            "second_cl": "#222222",
            "pri_cl_hover": "#e4b411",
            "second_cl_hover": "#222222",
            "fsbutton": 14,
            "fwbutton": 600,
            "button_ls": 0,
            "button_mh": 46,
            "button_bdr": 0,
            "button_pd_lr": 40,
            "button_mgb": 0,
            "hidden_mobile": false,
            "button_icon_w_mb": 0,
            "fsbutton_mb": 14,
            "button_mh_mb": 36,
            "button_pd_lr_mb": 30,
            "button_ls_mb": 0,
            "button_mgb_mb": 0,
            "animation": "fadeInUp"
          }
        },
        "a4bcd9b0-9ebe-4877-96a3-9f12b84ebaea": {
          "type": "image_parent",
          "settings": {
            "image": "shopify:\/\/shop_images\/hk1.jpg",
            "image_position": "8",
            "cl_img": "",
            "link_img1": "",
            "open_link": "_blank",
            "animate_slide": "none",
            "text_align": "center",
            "text_align_mb": "center",
            "content_width": "auto",
            "cv_pos": 50,
            "ch_pos": 50,
            "cv_pos_mb": 50,
            "ch_pos_mb": 50,
            "bg_overlay": "#000000",
            "bg_opacity": 0,
            "bg_content_cl": "#ffffff",
            "bg_content_op": 0,
            "content_pd_tb": 20,
            "content_pd_lr": 20,
            "content_pd_tb_mb": 10,
            "content_pd_lr_mb": 10,
            "border_bl": false,
            "br_color": "#222222",
            "br_bg": "#ffffff",
            "br_opacity": 50,
            "br_style": "solid",
            "br_pd": 20,
            "br_pd_mb": 10,
            "time_animation": 1,
            "animation_delay": 40
          }
        },
        "164616275497118f56-6": {
          "type": "custom_text",
          "settings": {
            "text": "SALE UPTO 50% OFF",
            "remove_br_tag": false,
            "fontf": "inherit",
            "text_cl": "#ffffff",
            "text_fs": 20,
            "text_lh": 24,
            "text_fw": 600,
            "text_ls": 4.5,
            "text_mgb": 10,
            "font_italic": false,
            "text_shadow": false,
            "hidden_mobile": false,
            "text_fs_mb": 16,
            "text_lh_mb": 25,
            "text_ls_mb": 2,
            "text_mgb_mobile": 10,
            "animation": "none"
          }
        },
        "164616275497118f56-5": {
          "type": "custom_text",
          "settings": {
            "text": "BACKPACKS",
            "remove_br_tag": false,
            "fontf": "2",
            "text_cl": "#ffffff",
            "text_fs": 70,
            "text_lh": 80,
            "text_fw": 600,
            "text_ls": 0,
            "text_mgb": 30,
            "font_italic": false,
            "text_shadow": false,
            "hidden_mobile": false,
            "text_fs_mb": 40,
            "text_lh_mb": 44,
            "text_ls_mb": 1,
            "text_mgb_mobile": 20,
            "animation": "none"
          }
        },
        "164616275497118f56-7": {
          "type": "custom_button",
          "settings": {
            "button_text": "DISCOVER MORE",
            "button_link": "#",
            "target_link": "_self",
            "fontf": "inherit",
            "button_icon_w": 0,
            "button_style": "default",
            "button_effect": "fade",
            "pri_cl": "#ffc501",
            "second_cl": "#222222",
            "pri_cl_hover": "#e4b411",
            "second_cl_hover": "#222222",
            "fsbutton": 14,
            "fwbutton": 600,
            "button_ls": 0,
            "button_mh": 46,
            "button_bdr": 0,
            "button_pd_lr": 40,
            "button_mgb": 0,
            "hidden_mobile": false,
            "button_icon_w_mb": 0,
            "fsbutton_mb": 14,
            "button_mh_mb": 36,
            "button_pd_lr_mb": 30,
            "button_ls_mb": 2,
            "button_mgb_mb": 0,
            "animation": "none"
          }
        }
      },
      "block_order": [
        "8adc670f-f61c-4f65-9861-48f0087ac750",
        "164616275497118f56-2",
        "164616275497118f56-1",
        "164616275497118f56-3",
        "a4bcd9b0-9ebe-4877-96a3-9f12b84ebaea",
        "164616275497118f56-6",
        "164616275497118f56-5",
        "164616275497118f56-7"
      ],
      "settings": {
        "se_height": "t4s_ratio_cuspx",
        "custom_dk": true,
        "height_dk": 980,
        "custom_tb": true,
        "height_tb": 480,
        "custom_mb": true,
        "height_mb": 400,
        "eff": "slide",
        "loop": true,
        "au_time": 0,
        "au_hover": true,
        "nav_btn": false,
        "btn_vi": "hover",
        "btn_owl": "default",
        "btn_shape": "none",
        "btn_cl": "dark",
        "btn_size": "small",
        "btn_hidden_mobile": false,
        "nav_dot": true,
        "dot_owl": "default",
        "dots_cl": "2",
        "dots_round": true,
        "dots_space": 10,
        "dots_hidden_mobile": false,
        "layout": "t4s-container-fluid",
        "cl_bg": "",
        "cl_bg_gradient": "",
        "mg": "0",
        "pd": "",
        "mg_mb": "0",
        "pd_mb": "",
        "use_cus_css": false,
        "code_cus_css": ".SectionID {\nbackground-color:red\n}"
      }
    },
    "16464627089860d251": {
      "type": "shipping",
      "blocks": {
        "1646462708af9e6f7c-0": {
          "type": "shipping",
          "settings": {
            "icon_themes": "car",
            "image_icon": "shopify:\/\/shop_images\/h-shipping-icon.png",
            "icon": "las la-truck",
            "title": "Free Shipping",
            "text": "<p>on all orders over $100<\/p>"
          }
        },
        "1646462708af9e6f7c-1": {
          "type": "shipping",
          "settings": {
            "icon_themes": "refesh",
            "image_icon": "shopify:\/\/shop_images\/h-hhipping-icon-2.png",
            "icon": "Easy & Fast Return",
            "title": "Easy & Fast Return",
            "text": "<p>30 days money guarantee<\/p>"
          }
        },
        "1646462708af9e6f7c-2": {
          "type": "shipping",
          "settings": {
            "icon_themes": "wallet",
            "image_icon": "shopify:\/\/shop_images\/h-shipping-icon-3.png",
            "icon": "undo-alt",
            "title": "100% Secure Payment",
            "text": "<p>Paypal\/ Mastercard\/ Visa<\/p>"
          }
        },
        "1646462708af9e6f7c-3": {
          "type": "shipping",
          "settings": {
            "icon_themes": "gift",
            "image_icon": "shopify:\/\/shop_images\/h-shipping-icon-4.png",
            "icon": "lock",
            "title": "24\/7 Customer Help",
            "text": "<p>Online customer support<\/p>"
          }
        }
      },
      "block_order": [
        "1646462708af9e6f7c-0",
        "1646462708af9e6f7c-1",
        "1646462708af9e6f7c-2",
        "1646462708af9e6f7c-3"
      ],
      "settings": {
        "design_heading": "1",
        "heading_align": "t4s-text-center",
        "top_heading": "Welcome to Kalles Hiking",
        "icon_heading": "gem",
        "top_subheading": "I feel so proud of my website now! I want everyone to see it and find myself sharing the link anywhere I can. I feel<br>\nso relieved that this foundational part of my business is finally 'done' and the best part",
        "tophead_mb": 30,
        "content_align": "text-center",
        "align_vertical": false,
        "design_padding": "1",
        "source": "get_image",
        "icon_des": "deafult",
        "icon_size": "medium",
        "col_dk": "4",
        "col_tb": "2",
        "col_mb": "1",
        "border": true,
        "cl_bd": "#dddddd",
        "cl_ic": "#ffc501",
        "cl_hd": "#222222",
        "cl_cot": "#878787",
        "bg_item": "#ffffff",
        "space_h_item": "30",
        "space_v_item": "30",
        "space_h_item_mb": "10",
        "space_v_item_mb": "10",
        "carousel_mobile": false,
        "dots_cl": "dark",
        "dots_round": true,
        "layout": "t4s-container-wrap",
        "cl_bg": "",
        "cl_bg_gradient": "",
        "mg": "80px,,100px,",
        "pd": "0",
        "mg_mb": "50px,,50px,",
        "pd_mb": "",
        "use_cus_css": true,
        "code_cus_css": ".t4s-shipping .t4s-shipping-title{\nfont-family: var(--font-family-2);\n}"
      }
    },
    "1646463500d94c5226": {
      "type": "collection-products-banner",
      "blocks": {
        "1646463500c5485ffe-0": {
          "type": "b_item",
          "settings": {
            "image": "shopify:\/\/shop_images\/bn-h1.jpg",
            "b_link": "",
            "open_link": "_self",
            "img_effect": "none",
            "b_effect": "none",
            "content_align": "center",
            "content_align_mobile": "center",
            "custom_height": 250,
            "content_width": "auto",
            "cv_pos": 50,
            "ch_pos": 50,
            "cv_pos_mb": 50,
            "ch_pos_mb": 50,
            "bg_overlay": "#000000",
            "bg_opacity": 0,
            "bg_content_bl": false,
            "bg_content_cl": "#ffffff",
            "bg_content_op": 50,
            "content_pd_tb": 20,
            "content_pd_lr": 20,
            "content_pd_tb_mb": 10,
            "content_pd_lr_mb": 10,
            "border_bl": false,
            "br_color": "#222222",
            "br_bg": "#ffffff",
            "br_opacity": 50,
            "br_style": "solid",
            "br_pd": 20,
            "br_pd_mb": 10,
            "time_animation": 1,
            "animation_delay": 40
          }
        }
      },
      "block_order": [
        "1646463500c5485ffe-0"
      ],
      "settings": {
        "coll_pos": "right",
        "collection": "hiking",
        "product_des": "2",
        "show_vendor": false,
        "image_ratio": "ratio1_1",
        "image_size": "cover",
        "image_position": "7",
        "content_align": "center",
        "limit": 4,
        "col_dk": 2,
        "col_tb": 2,
        "col_mb": 2,
        "space_h_item": "30",
        "space_v_item": "30",
        "space_h_item_mb": "10",
        "space_v_item_mb": "30",
        "layout_des": "1",
        "loop": true,
        "au_time": 0,
        "au_hover": true,
        "nav_btn": true,
        "btn_vi": "hover",
        "btn_owl": "default",
        "btn_shape": "none",
        "btn_cl": "dark",
        "btn_size": "small",
        "btn_hidden_mobile": false,
        "nav_dot": true,
        "dot_owl": "default",
        "dots_cl": "dark",
        "dots_round": false,
        "dots_space": 10,
        "dots_hidden_mobile": false,
        "layout": "t4s-container-wrap",
        "cl_bg": "",
        "cl_bg_gradient": "",
        "mg": ",,100px,",
        "pd": "",
        "mg_mb": ",,50px,",
        "pd_mb": "",
        "use_cus_css": false,
        "code_cus_css": ".SectionID {\nbackground-color:red\n}"
      }
    },
    "16464637514fb893b9": {
      "type": "lookbook-img",
      "blocks": {
        "a1701652-db6b-46e7-96ea-ccd7918c4653": {
          "type": "pr",
          "settings": {
            "pos_t": 73,
            "pos_l": 64,
            "type": "2",
            "shorttxt": "$59",
            "pos_size": "medium",
            "bg_cl": "#ffc501",
            "cl_text": "#ffffff",
            "pos_popup": "top",
            "size_popup": "medium",
            "product": "copy-of-adhesive-tape-dispenser"
          }
        },
        "19988430-daad-424b-afb3-82545012fa2d": {
          "type": "pr",
          "settings": {
            "pos_t": 30,
            "pos_l": 46,
            "type": "2",
            "shorttxt": "$59",
            "pos_size": "medium",
            "bg_cl": "#ffc501",
            "cl_text": "#ffffff",
            "pos_popup": "top",
            "size_popup": "medium",
            "product": "copy-of-12-ply-gauze-sponges-3"
          }
        },
        "1ccddc12-3abe-42c5-92b6-c63dbe0cca1d": {
          "type": "pr",
          "settings": {
            "pos_t": 50,
            "pos_l": 72,
            "type": "2",
            "shorttxt": "$59",
            "pos_size": "medium",
            "bg_cl": "#ffc501",
            "cl_text": "#ffffff",
            "pos_popup": "top",
            "size_popup": "medium",
            "product": "disney-silver-rings"
          }
        },
        "30072ab4-13e3-4acb-9f55-3890c31f8cdd": {
          "type": "pr",
          "settings": {
            "pos_t": 37,
            "pos_l": 82,
            "type": "2",
            "shorttxt": "$59",
            "pos_size": "medium",
            "bg_cl": "#ffc501",
            "cl_text": "#ffffff",
            "pos_popup": "top",
            "size_popup": "medium",
            "product": "91-short-sleeve-shirt"
          }
        }
      },
      "block_order": [
        "a1701652-db6b-46e7-96ea-ccd7918c4653",
        "19988430-daad-424b-afb3-82545012fa2d",
        "1ccddc12-3abe-42c5-92b6-c63dbe0cca1d",
        "30072ab4-13e3-4acb-9f55-3890c31f8cdd"
      ],
      "settings": {
        "design_heading": "1",
        "heading_align": "t4s-text-center",
        "top_heading": "",
        "icon_heading": "gem",
        "top_subheading": "",
        "tophead_mb": 30,
        "img_size": "1",
        "image": "shopify:\/\/shop_images\/bn-pin.jpg",
        "pr_pin_des": "2",
        "layout": "t4s-container-fluid",
        "cl_bg": "",
        "cl_bg_gradient": "",
        "mg": "80px,,50px,",
        "pd": "",
        "mg_mb": "50px,,50px,",
        "pd_mb": ""
      }
    },
    "16462941386b111e9b": {
      "type": "featured-collection",
      "settings": {
        "design_heading": "1",
        "heading_align": "t4s-text-center",
        "top_heading": "Choose What You Need",
        "icon_heading": "las la-spa",
        "top_subheading": "Product to survive toughest challenges.",
        "tophead_mb": 50,
        "collection": "hiking",
        "product_des": "2",
        "show_vendor": false,
        "image_ratio": "ratio1_1",
        "image_size": "cover",
        "image_position": "7",
        "content_align": "center",
        "limit": 8,
        "col_dk": "4",
        "col_tb": "2",
        "col_mb": "2",
        "space_h_item": "30",
        "space_v_item": "30",
        "space_h_item_mb": "10",
        "space_v_item_mb": "20",
        "layout_des": "1",
        "loop": true,
        "au_time": 0,
        "au_hover": true,
        "nav_btn": true,
        "btn_vi": "hover",
        "btn_owl": "default",
        "btn_shape": "round",
        "btn_cl": "1",
        "btn_size": "small",
        "btn_hidden_mobile": false,
        "nav_dot": false,
        "dot_owl": "outline",
        "dots_cl": "1",
        "dots_round": false,
        "dots_space": 10,
        "dots_hidden_mobile": false,
        "use_pagination": "none",
        "enable_bar_lm": true,
        "btn_icon": false,
        "button_style": "default",
        "btns_size": "medium",
        "btns_cl": "default",
        "button_effect": "fade",
        "btn_pos": "t4s-text-center",
        "layout": "t4s-container-wrap",
        "cl_bg": "",
        "cl_bg_gradient": "",
        "mg": "80px,0,80px",
        "pd": "",
        "mg_mb": "50px,0,50px",
        "pd_mb": "",
        "use_cus_css": false,
        "code_cus_css": ".SectionID {\nbackground-color:red\n}"
      }
    },
    "16464637586ef5aa90": {
      "type": "blog-post",
      "settings": {
        "design_heading": "1",
        "heading_align": "t4s-text-center",
        "top_heading": "Bring Hiking To World",
        "icon_heading": "gem",
        "top_subheading": "Read our latest news and event here.",
        "tophead_mb": 30,
        "blog": "hiking",
        "post_des": "2",
        "show_cate": false,
        "show_tags": false,
        "show_cnt": true,
        "show_au": true,
        "show_dt": true,
        "show_cm": false,
        "show_rm": false,
        "show_irm": false,
        "date": "date",
        "content_align": "t4s-text-start",
        "limit": 8,
        "img_effect": "none",
        "b_effect": "pervasive-circle",
        "image_ratio": "ratioadapt",
        "image_size": "cover",
        "image_position": "8",
        "col_dk": "2",
        "col_tb": "2",
        "col_mb": "1",
        "space_h_item": "30",
        "space_v_item": "30",
        "space_h_item_mb": "10",
        "space_v_item_mb": "10",
        "layout_des": "2",
        "loop": true,
        "au_time": 0,
        "au_hover": true,
        "nav_btn": true,
        "btn_vi": "hover",
        "btn_owl": "default",
        "btn_shape": "round",
        "btn_cl": "2",
        "btn_size": "small",
        "btn_hidden_mobile": false,
        "nav_dot": false,
        "dot_owl": "default",
        "dots_cl": "2",
        "dots_round": true,
        "dots_space": 10,
        "dots_hidden_mobile": false,
        "use_pagination": "none",
        "enable_bar_lm": true,
        "btn_icon": false,
        "button_style": "default",
        "btns_size": "medium",
        "btns_cl": "default",
        "button_effect": "fade",
        "btn_pos": "t4s-text-center",
        "layout": "t4s-container-wrap",
        "cl_bg": "",
        "cl_bg_gradient": "",
        "mg": ",,50px,",
        "pd": "",
        "mg_mb": ",,30px,",
        "pd_mb": "",
        "use_cus_css": true,
        "code_cus_css": ".t4s-post-item .t4s-post-title {\n    margin-top: 10px;\n    margin-bottom: 0;\n    font-family: var(--font-body-family);\n}"
      }
    },
    "16464641414af36374": {
      "type": "hero_image",
      "blocks": {
        "16464641409ade696c-0": {
          "type": "custom_text",
          "settings": {
            "text": "SALE UPTO 50% OFF",
            "remove_br_tag": false,
            "fontf": "inherit",
            "text_cl": "#ffffff",
            "text_fs": 20,
            "text_lh": 36,
            "text_fw": 500,
            "text_ls": 4.5,
            "text_mgb": 15,
            "font_italic": false,
            "text_shadow": false,
            "hidden_mobile": false,
            "text_fs_mb": 20,
            "text_lh_mb": 26,
            "text_ls_mb": 2,
            "text_mgb_mobile": 10,
            "animation": "none"
          }
        },
        "16464641409ade696c-1": {
          "type": "custom_text",
          "settings": {
            "text": "SAVE ON CAMP",
            "remove_br_tag": false,
            "fontf": "2",
            "text_cl": "#ffffff",
            "text_fs": 70,
            "text_lh": 70,
            "text_fw": 600,
            "text_ls": 0,
            "text_mgb": 25,
            "font_italic": false,
            "text_shadow": false,
            "hidden_mobile": false,
            "text_fs_mb": 40,
            "text_lh_mb": 48,
            "text_ls_mb": 0,
            "text_mgb_mobile": 10,
            "animation": "none"
          }
        },
        "16464641409ade696c-2": {
          "type": "custom_button",
          "settings": {
            "button_text": "START TO SHOP",
            "button_link": "#",
            "target_link": "_self",
            "fontf": "inherit",
            "button_icon_w": 0,
            "button_style": "default",
            "button_effect": "fade",
            "pri_cl": "#ffffff",
            "second_cl": "#222222",
            "pri_cl_hover": "#ffc501",
            "second_cl_hover": "#222222",
            "fsbutton": 14,
            "fwbutton": 500,
            "button_ls": 0,
            "button_mh": 46,
            "button_bdr": 0,
            "button_pd_lr": 40,
            "button_mgb": 0,
            "hidden_mobile": false,
            "button_icon_w_mb": 0,
            "fsbutton_mb": 10,
            "button_mh_mb": 36,
            "button_pd_lr_mb": 15,
            "button_ls_mb": 0,
            "button_mgb_mb": 0,
            "animation": "none"
          }
        }
      },
      "block_order": [
        "16464641409ade696c-0",
        "16464641409ade696c-1",
        "16464641409ade696c-2"
      ],
      "settings": {
        "se_height": "t4s_ratio_cuspx",
        "custom_dk": true,
        "height_dk": 740,
        "custom_tb": true,
        "height_tb": 400,
        "custom_mb": true,
        "height_mb": 250,
        "image": "shopify:\/\/shop_images\/Offer-Banne.jpg",
        "parallax": false,
        "image_position": "8",
        "link_img1": "",
        "open_link": "_blank",
        "text_align": "center",
        "text_align_mb": "center",
        "content_width": "auto",
        "cv_pos": 50,
        "ch_pos": 50,
        "cv_pos_mb": 50,
        "ch_pos_mb": 50,
        "bg_overlay": "#000000",
        "bg_opacity": 0,
        "bg_content_bl": false,
        "bg_content_cl": "#ffffff",
        "bg_content_op": 50,
        "content_pd_tb": 20,
        "content_pd_lr": 20,
        "content_pd_tb_mb": 10,
        "content_pd_lr_mb": 10,
        "border_bl": false,
        "br_color": "#222222",
        "br_bg": "#ffffff",
        "br_opacity": 50,
        "br_style": "solid",
        "br_pd": 20,
        "br_pd_mb": 10,
        "time_animation": 1,
        "animation_delay": 40,
        "layout": "t4s-container-fluid",
        "cl_bg": "",
        "cl_bg_gradient": "",
        "mg": ",,50px,",
        "pd": "",
        "mg_mb": ",,30px,",
        "pd_mb": "",
        "use_cus_css": false,
        "code_cus_css": ".SectionID {\nbackground-color:red\n}"
      }
    },
    "164645002042723021": {
      "type": "logo_list",
      "blocks": {
        "16464500208e79b634-0": {
          "type": "logo_item",
          "settings": {
            "image": "shopify:\/\/shop_images\/l5.png",
            "url": ""
          }
        },
        "16464500208e79b634-1": {
          "type": "logo_item",
          "settings": {
            "image": "shopify:\/\/shop_images\/l2.png",
            "url": ""
          }
        },
        "16464500208e79b634-2": {
          "type": "logo_item",
          "settings": {
            "image": "shopify:\/\/shop_images\/l1.png",
            "url": ""
          }
        },
        "16464500208e79b634-3": {
          "type": "logo_item",
          "settings": {
            "image": "shopify:\/\/shop_images\/l4.png",
            "url": ""
          }
        },
        "16464500208e79b634-4": {
          "type": "logo_item",
          "settings": {
            "image": "shopify:\/\/shop_images\/l3.png",
            "url": ""
          }
        }
      },
      "block_order": [
        "16464500208e79b634-0",
        "16464500208e79b634-1",
        "16464500208e79b634-2",
        "16464500208e79b634-3",
        "16464500208e79b634-4"
      ],
      "settings": {
        "design_heading": "1",
        "heading_align": "t4s-text-center",
        "top_heading": "",
        "icon_heading": "las la-gem",
        "top_subheading": "",
        "tophead_mb": 30,
        "img_effect": "bounceIn",
        "b_effect": "none",
        "open_link": "_blank",
        "layout_des": "2",
        "click_image": "data-goto",
        "nav_thumbs": true,
        "col_dk": "5",
        "col_tb": "3",
        "col_mb": "2",
        "space_item": "30",
        "space_item_mb": "30",
        "loop": true,
        "au_time": 0,
        "au_hover": true,
        "nav_btn": true,
        "btn_vi": "hover",
        "btn_owl": "default",
        "btn_shape": "round",
        "btn_cl": "2",
        "btn_size": "small",
        "btn_hidden_mobile": false,
        "nav_dot": false,
        "dot_owl": "default",
        "dots_cl": "dark",
        "dots_round": false,
        "dots_space": 10,
        "dots_hidden_mobile": false,
        "layout": "t4s-container-wrap",
        "cl_bg": "",
        "cl_bg_gradient": "",
        "mg": "0,0,50px",
        "pd": "30px,0,30px,",
        "mg_mb": "0,0,50px",
        "pd_mb": "0",
        "use_cus_css": false,
        "code_cus_css": ".SectionID {\nbackground-color:red\n}"
      }
    }
  },
  "order": [
    "16461627553debd4ba",
    "16464627089860d251",
    "1646463500d94c5226",
    "16464637514fb893b9",
    "16462941386b111e9b",
    "16464637586ef5aa90",
    "16464641414af36374",
    "164645002042723021"
  ]
}