{
  "sections": {
    "1646631809432fc801": {
      "type": "slideshow",
      "blocks": {
        "44cd7e3a-2e55-4f8a-9098-d50133bcb2ec": {
          "type": "image_parent",
          "settings": {
            "image": "shopify:\/\/shop_images\/bs1.jpg",
            "image_position": "8",
            "cl_img": "",
            "link_img1": "",
            "open_link": "_blank",
            "animate_slide": "none",
            "text_align": "start",
            "text_align_mb": "start",
            "content_width": "container",
            "cv_pos": 50,
            "ch_pos": 0,
            "cv_pos_mb": 50,
            "ch_pos_mb": 0,
            "bg_overlay": "#000000",
            "bg_opacity": 0,
            "bg_content_cl": "#ffffff",
            "bg_content_op": 0,
            "content_pd_tb": 20,
            "content_pd_lr": 15,
            "content_pd_tb_mb": 10,
            "content_pd_lr_mb": 15,
            "border_bl": false,
            "br_color": "#222222",
            "br_bg": "#ffffff",
            "br_opacity": 50,
            "br_style": "solid",
            "br_pd": 20,
            "br_pd_mb": 10,
            "time_animation": 1,
            "animation_delay": 40
          }
        },
        "674f4c64-645a-4b84-881d-50aef66dcb38": {
          "type": "custom_text",
          "settings": {
            "text": "PROFESSIONAL GENTLEMAN'S STYLING",
            "remove_br_tag": false,
            "fontf": "2",
            "text_cl": "#ffffff",
            "text_fs": 16,
            "text_lh": 24,
            "text_fw": 400,
            "text_ls": 0,
            "text_mgb": 20,
            "font_italic": false,
            "text_shadow": false,
            "hidden_mobile": false,
            "text_fs_mb": 14,
            "text_lh_mb": 25,
            "text_ls_mb": 0,
            "text_mgb_mobile": 0,
            "animation": "fadeInDown"
          }
        },
        "5e7e772b-a82f-4b2c-b261-642fb2c2c89f": {
          "type": "custom_text",
          "settings": {
            "text": "UPTO 45% FLATE<br>\nON TRIMMER",
            "remove_br_tag": false,
            "fontf": "3",
            "text_cl": "#ffffff",
            "text_fs": 60,
            "text_lh": 72,
            "text_fw": 500,
            "text_ls": 0.5,
            "text_mgb": 30,
            "font_italic": false,
            "text_shadow": false,
            "hidden_mobile": false,
            "text_fs_mb": 30,
            "text_lh_mb": 40,
            "text_ls_mb": 0.5,
            "text_mgb_mobile": 20,
            "animation": "fadeInLeft"
          }
        },
        "1317556f-d81c-4cc1-b928-1d30a69fa0a6": {
          "type": "custom_button",
          "settings": {
            "button_text": "EXPLORE NOW",
            "button_link": "#",
            "target_link": "_self",
            "fontf": "inherit",
            "button_icon_w": 0,
            "button_style": "default",
            "button_effect": "fade",
            "pri_cl": "#c59a57",
            "second_cl": "#ffffff",
            "pri_cl_hover": "#805c25",
            "second_cl_hover": "#ffffff",
            "fsbutton": 14,
            "fwbutton": 500,
            "button_ls": 1,
            "button_mh": 44,
            "button_bdr": 0,
            "button_pd_lr": 37,
            "button_mgb": 0,
            "hidden_mobile": false,
            "button_icon_w_mb": 0,
            "fsbutton_mb": 12,
            "button_mh_mb": 36,
            "button_pd_lr_mb": 20,
            "button_ls_mb": 0,
            "button_mgb_mb": 0,
            "animation": "fadeInUp"
          }
        },
        "b428bf6d-1fee-4ba7-94b4-f6df5ad9247f": {
          "type": "image_parent",
          "settings": {
            "image": "shopify:\/\/shop_images\/bs2.jpg",
            "image_position": "8",
            "cl_img": "",
            "link_img1": "",
            "open_link": "_blank",
            "animate_slide": "none",
            "text_align": "start",
            "text_align_mb": "start",
            "content_width": "container",
            "cv_pos": 50,
            "ch_pos": 0,
            "cv_pos_mb": 50,
            "ch_pos_mb": 0,
            "bg_overlay": "#000000",
            "bg_opacity": 0,
            "bg_content_cl": "#ffffff",
            "bg_content_op": 0,
            "content_pd_tb": 20,
            "content_pd_lr": 15,
            "content_pd_tb_mb": 10,
            "content_pd_lr_mb": 15,
            "border_bl": false,
            "br_color": "#222222",
            "br_bg": "#ffffff",
            "br_opacity": 50,
            "br_style": "solid",
            "br_pd": 20,
            "br_pd_mb": 10,
            "time_animation": 1,
            "animation_delay": 40
          }
        },
        "bef79ccd-a4a8-4f77-b7ef-d39844564b69": {
          "type": "custom_text",
          "settings": {
            "text": "REAL MEN GO TO REAL BARBER",
            "remove_br_tag": false,
            "fontf": "2",
            "text_cl": "#ffffff",
            "text_fs": 16,
            "text_lh": 24,
            "text_fw": 400,
            "text_ls": 0,
            "text_mgb": 15,
            "font_italic": false,
            "text_shadow": false,
            "hidden_mobile": false,
            "text_fs_mb": 14,
            "text_lh_mb": 20,
            "text_ls_mb": 0,
            "text_mgb_mobile": 10,
            "animation": "none"
          }
        },
        "35b0005f-d091-4090-9519-7799a1ca6fcf": {
          "type": "custom_text",
          "settings": {
            "text": "THE HOME OF<br>MEN'S GROOMING",
            "remove_br_tag": false,
            "fontf": "3",
            "text_cl": "#ffffff",
            "text_fs": 60,
            "text_lh": 74,
            "text_fw": 500,
            "text_ls": 0,
            "text_mgb": 30,
            "font_italic": false,
            "text_shadow": false,
            "hidden_mobile": false,
            "text_fs_mb": 30,
            "text_lh_mb": 40,
            "text_ls_mb": 0,
            "text_mgb_mobile": 20,
            "animation": "none"
          }
        },
        "060bd528-d89b-4fb6-aa93-e9895356da30": {
          "type": "custom_button",
          "settings": {
            "button_text": "DISCOVER MORE",
            "button_link": "#",
            "target_link": "_self",
            "fontf": "inherit",
            "button_icon_w": 0,
            "button_style": "default",
            "button_effect": "fade",
            "pri_cl": "#c59a57",
            "second_cl": "#ffffff",
            "pri_cl_hover": "#805b22",
            "second_cl_hover": "#ffffff",
            "fsbutton": 14,
            "fwbutton": 500,
            "button_ls": 1,
            "button_mh": 44,
            "button_bdr": 0,
            "button_pd_lr": 37,
            "button_mgb": 0,
            "hidden_mobile": false,
            "button_icon_w_mb": 0,
            "fsbutton_mb": 12,
            "button_mh_mb": 36,
            "button_pd_lr_mb": 20,
            "button_ls_mb": 0,
            "button_mgb_mb": 0,
            "animation": "none"
          }
        }
      },
      "block_order": [
        "44cd7e3a-2e55-4f8a-9098-d50133bcb2ec",
        "674f4c64-645a-4b84-881d-50aef66dcb38",
        "5e7e772b-a82f-4b2c-b261-642fb2c2c89f",
        "1317556f-d81c-4cc1-b928-1d30a69fa0a6",
        "b428bf6d-1fee-4ba7-94b4-f6df5ad9247f",
        "bef79ccd-a4a8-4f77-b7ef-d39844564b69",
        "35b0005f-d091-4090-9519-7799a1ca6fcf",
        "060bd528-d89b-4fb6-aa93-e9895356da30"
      ],
      "settings": {
        "se_height": "t4s_ratio_cuspx",
        "custom_dk": true,
        "height_dk": 860,
        "custom_tb": true,
        "height_tb": 640,
        "custom_mb": true,
        "height_mb": 480,
        "eff": "slide",
        "loop": true,
        "au_time": 0,
        "au_hover": true,
        "nav_btn": false,
        "btn_vi": "hover",
        "btn_owl": "default",
        "btn_shape": "none",
        "btn_cl": "2",
        "btn_size": "small",
        "btn_hidden_mobile": false,
        "nav_dot": true,
        "dot_owl": "elessi",
        "dots_cl": "primary",
        "dots_round": true,
        "dots_space": 10,
        "dots_hidden_mobile": false,
        "layout": "t4s-container-fluid",
        "cl_bg": "",
        "cl_bg_gradient": "",
        "mg": "0",
        "pd": "",
        "mg_mb": ",,0px,",
        "pd_mb": "",
        "use_cus_css": false,
        "code_cus_css": ".SectionID {\nbackground-color:red\n}"
      }
    },
    "16467992296547eccd": {
      "type": "collections-list",
      "blocks": {
        "1646799228cfb32db1-0": {
          "type": "collection_item",
          "settings": {
            "collection": "baber",
            "image": "shopify:\/\/shop_images\/cat2_4e5ab989-affa-4277-be91-ee195e95a7f8.jpg",
            "icon": "las la-gem",
            "collection_title": "HAIRCUT TOOLS",
            "collection_link": ""
          }
        },
        "1646799228cfb32db1-1": {
          "type": "collection_item",
          "settings": {
            "collection": "baber",
            "image": "shopify:\/\/shop_images\/cat3_5f2fba46-6541-4f16-9b70-e9f4c14a863c.jpg",
            "icon": "las la-gem",
            "collection_title": "CLIPPER CUT",
            "collection_link": ""
          }
        },
        "1646799228cfb32db1-2": {
          "type": "collection_item",
          "settings": {
            "collection": "baber",
            "image": "shopify:\/\/shop_images\/cat1_ef527278-67ba-4ac2-8354-1d89723b72ae.jpg",
            "icon": "las la-gem",
            "collection_title": "SHAVING PRODUCT",
            "collection_link": ""
          }
        }
      },
      "block_order": [
        "1646799228cfb32db1-0",
        "1646799228cfb32db1-1",
        "1646799228cfb32db1-2"
      ],
      "settings": {
        "design_heading": "1",
        "heading_align": "t4s-text-center",
        "top_heading": "SHOP BY CATEGORIES",
        "icon_heading": "las la-gem",
        "top_subheading": "",
        "tophead_mb": 30,
        "collection_des": "5",
        "title_cl": "#222222",
        "title_cl_hover": "#222222",
        "subtitle_cl": "#c59a57",
        "count_cl": "#222222",
        "border_cl": "#e5e5e5",
        "collection_subtitle": "ITEMS",
        "open_link": "_self",
        "source": "image",
        "space_bottom": 20,
        "space_bottom_mb": 10,
        "border": false,
        "item_pd": 0,
        "item_rd": 0,
        "img_effect": "none",
        "b_effect": "none",
        "image_ratio": "ratioadapt",
        "image_size": "cover",
        "image_position": "8",
        "layout_des": "1",
        "col_dk": "3",
        "col_tb": "2",
        "col_mb": "1",
        "space_h_item": "10",
        "space_v_item": "30",
        "space_h_item_mb": "10",
        "space_v_item_mb": "20",
        "loop": true,
        "au_time": 0,
        "au_hover": true,
        "nav_btn": true,
        "btn_vi": "hover",
        "btn_owl": "default",
        "btn_shape": "none",
        "btn_cl": "dark",
        "btn_size": "small",
        "btn_hidden_mobile": false,
        "nav_dot": true,
        "dot_owl": "default",
        "dots_cl": "dark",
        "dots_round": false,
        "dots_space": 10,
        "dots_hidden_mobile": false,
        "layout": "t4s-container-wrap",
        "cl_bg": "",
        "cl_bg_gradient": "",
        "image_bg": "shopify:\/\/shop_images\/Category-Banner.jpg",
        "mg": ",,80px,",
        "pd": "90px,0,90px,",
        "mg_mb": ",,50px,",
        "pd_mb": "50px,0,50px,",
        "use_cus_css": true,
        "code_cus_css": ".t4s-coll-style-5 .t4s-cate-wrapper {\n    background: #fff;\n    padding-bottom: 10px;\n}"
      }
    },
    "164680105274357c12": {
      "type": "featured-collection",
      "settings": {
        "design_heading": "1",
        "heading_align": "t4s-text-center",
        "top_heading": "POPULAR ACCESSORIES",
        "icon_heading": "las la-gem",
        "top_subheading": "",
        "tophead_mb": 30,
        "collection": "baber",
        "product_des": "2",
        "show_vendor": false,
        "image_ratio": "ratio1_1",
        "image_size": "cover",
        "image_position": "8",
        "content_align": "center",
        "limit": 8,
        "col_dk": "4",
        "col_tb": "3",
        "col_mb": "2",
        "space_h_item": "30",
        "space_v_item": "30",
        "space_h_item_mb": "10",
        "space_v_item_mb": "10",
        "layout_des": "2",
        "loop": true,
        "au_time": 0,
        "au_hover": true,
        "nav_btn": true,
        "btn_vi": "hover",
        "btn_owl": "outline",
        "btn_shape": "none",
        "btn_cl": "dark",
        "btn_size": "small",
        "btn_hidden_mobile": false,
        "nav_dot": false,
        "dot_owl": "default",
        "dots_cl": "dark",
        "dots_round": false,
        "dots_space": 10,
        "dots_hidden_mobile": false,
        "use_pagination": "none",
        "enable_bar_lm": true,
        "btn_icon": false,
        "button_style": "default",
        "btns_size": "medium",
        "btns_cl": "default",
        "button_effect": "fade",
        "btn_pos": "t4s-text-center",
        "layout": "t4s-container-wrap",
        "cl_bg": "",
        "cl_bg_gradient": "",
        "mg": ",,80px,",
        "pd": "",
        "mg_mb": ",,50px,",
        "pd_mb": "",
        "use_cus_css": false,
        "code_cus_css": ".SectionID {\nbackground-color:red\n}"
      }
    },
    "164680120268bd508d": {
      "type": "custom-section",
      "disabled": true,
      "blocks": {
        "1646801201644d175c-0": {
          "type": "bl_col",
          "settings": {
            "col_dk": "6",
            "col_tb": "6",
            "col_mb": "12",
            "align_vertical": true,
            "content_align": "center",
            "content_align_mobile": "center",
            "padding_inner": "0",
            "padding_inner_mb": "0",
            "bg_cl": "rgba(0,0,0,0)"
          }
        },
        "07d63cfc-f2bb-4971-ac5e-799eb531f1b5": {
          "type": "image",
          "settings": {
            "image_child": "shopify:\/\/shop_images\/Trending-Banner.jpg",
            "img_width": 0,
            "img_width_mb": 0,
            "hidden_mobile": false,
            "mgb": 0,
            "mgb_mb": 0
          }
        },
        "1646801201644d175c-3": {
          "type": "bl_col",
          "settings": {
            "col_dk": "6",
            "col_tb": "6",
            "col_mb": "12",
            "align_vertical": true,
            "content_align": "center",
            "content_align_mobile": "center",
            "padding_inner": "30px,,30px",
            "padding_inner_mb": "40px,20px,40px",
            "bg_image": "shopify:\/\/shop_images\/Trending-Background_2.jpg",
            "bg_cl": "rgba(0,0,0,0)"
          }
        },
        "1646801201644d175c-2": {
          "type": "custom_text",
          "settings": {
            "text": "TRENDING ITEMS",
            "remove_br_tag": false,
            "fontf": "3",
            "text_cl": "#222222",
            "text_fs": 30,
            "text_lh": 36,
            "text_fw": 500,
            "text_ls": 0,
            "font_italic": false,
            "text_shadow": false,
            "text_mgb": 20,
            "hidden_mobile": false,
            "text_fs_mb": 30,
            "text_lh_mb": 36,
            "text_ls_mb": 0,
            "text_mgb_mobile": 15
          }
        },
        "d82cd5dd-377a-4d87-b89a-7b8528b795e1": {
          "type": "space_html",
          "settings": {
            "color": "#c59a57",
            "width": 70,
            "height": 2,
            "mgb": 30,
            "width_mb": 40,
            "hidden_mobile": false,
            "height_mb": 2,
            "mgb_mb": 30
          }
        },
        "1646801201644d175c-1": {
          "type": "custom_text",
          "settings": {
            "text": "It is long establishsed fact thatis eaders will distracted <br>the reable content of page when look of the layout<br>There varins of passages ipsum available.",
            "remove_br_tag": true,
            "fontf": "2",
            "text_cl": "#000000",
            "text_fs": 14,
            "text_lh": 24,
            "text_fw": 500,
            "text_ls": 0,
            "font_italic": false,
            "text_shadow": false,
            "text_mgb": 30,
            "hidden_mobile": false,
            "text_fs_mb": 14,
            "text_lh_mb": 24,
            "text_ls_mb": 0,
            "text_mgb_mobile": 20
          }
        },
        "8d7f56ba-66a6-499d-b337-88617a8b6be8": {
          "type": "custom_button",
          "settings": {
            "button_text": "SEE COLLECTION",
            "button_link": "#",
            "target_link": "_self",
            "fontf": "inherit",
            "button_icon_w": 0,
            "button_style": "default",
            "button_effect": "fade",
            "pri_cl": "#222222",
            "second_cl": "#ffffff",
            "pri_cl_hover": "#c59a57",
            "second_cl_hover": "#ffffff",
            "fsbutton": 13,
            "fwbutton": 500,
            "button_ls": 0,
            "button_mh": 40,
            "button_bdr": 0,
            "button_pd_lr": 30,
            "button_mgb": 0,
            "hidden_mobile": false,
            "button_icon_w_mb": 0,
            "fsbutton_mb": 12,
            "button_mh_mb": 36,
            "button_pd_lr_mb": 15,
            "button_ls_mb": 0,
            "button_mgb_mb": 0
          }
        }
      },
      "block_order": [
        "1646801201644d175c-0",
        "07d63cfc-f2bb-4971-ac5e-799eb531f1b5",
        "1646801201644d175c-3",
        "1646801201644d175c-2",
        "d82cd5dd-377a-4d87-b89a-7b8528b795e1",
        "1646801201644d175c-1",
        "8d7f56ba-66a6-499d-b337-88617a8b6be8"
      ],
      "settings": {
        "space_h_item": "0",
        "space_v_item": "0",
        "space_h_item_mb": "0",
        "space_v_item_mb": "0",
        "layout": "t4s-container-wrap",
        "cl_bg": "",
        "cl_bg_gradient": "",
        "mg": ",,50px,",
        "pd": "",
        "mg_mb": ",,50px,",
        "pd_mb": "",
        "use_cus_css": false,
        "code_cus_css": ".SectionID {\nbackground-color:red\n}"
      }
    },
    "165041732995f7d90e": {
      "type": "banner",
      "blocks": {
        "16504173282eda820a-0": {
          "type": "b_item",
          "settings": {
            "custom_dk": true,
            "height_dk": 600,
            "custom_tb": true,
            "height_tb": 400,
            "custom_mb": true,
            "height_mb": 300,
            "image": "shopify:\/\/shop_images\/Trending-Banner_b6100929-44dd-4653-9515-2a165eb785fa.jpg",
            "b_link": "",
            "open_link": "_self",
            "img_effect": "zoom",
            "b_effect": "none",
            "col_dk": "6",
            "col_tb": "6",
            "col_mb": "12",
            "content_align": "center",
            "content_align_mobile": "center",
            "content_width": "auto",
            "cv_pos": 50,
            "ch_pos": 50,
            "cv_pos_mb": 50,
            "ch_pos_mb": 50,
            "bg_overlay": "#000000",
            "bg_opacity": 0,
            "bg_content_bl": false,
            "bg_content_cl": "#ffffff",
            "bg_content_op": 50,
            "content_pd_tb": 20,
            "content_pd_lr": 20,
            "content_pd_tb_mb": 10,
            "content_pd_lr_mb": 10,
            "border_bl": false,
            "br_color": "#222222",
            "br_bg": "#ffffff",
            "br_opacity": 50,
            "br_style": "solid",
            "br_pd": 20,
            "br_pd_mb": 10,
            "time_animation": 1,
            "animation_delay": 40
          }
        },
        "16504173282eda820a-3": {
          "type": "b_item",
          "settings": {
            "custom_dk": true,
            "height_dk": 600,
            "custom_tb": true,
            "height_tb": 400,
            "custom_mb": true,
            "height_mb": 200,
            "image": "shopify:\/\/shop_images\/Trending-Background_2_77f1599e-d2ed-4e39-a319-de8b4c342dae.jpg",
            "b_link": "",
            "open_link": "_self",
            "img_effect": "zoom",
            "b_effect": "none",
            "col_dk": "6",
            "col_tb": "6",
            "col_mb": "12",
            "content_align": "center",
            "content_align_mobile": "center",
            "content_width": "auto",
            "cv_pos": 50,
            "ch_pos": 50,
            "cv_pos_mb": 50,
            "ch_pos_mb": 50,
            "bg_overlay": "#000000",
            "bg_opacity": 0,
            "bg_content_bl": true,
            "bg_content_cl": "#ffffff",
            "bg_content_op": 0,
            "content_pd_tb": 20,
            "content_pd_lr": 20,
            "content_pd_tb_mb": 10,
            "content_pd_lr_mb": 15,
            "border_bl": false,
            "br_color": "#222222",
            "br_bg": "#ffffff",
            "br_opacity": 50,
            "br_style": "solid",
            "br_pd": 20,
            "br_pd_mb": 10,
            "time_animation": 1,
            "animation_delay": 40
          }
        },
        "16504173282eda820a-4": {
          "type": "custom_text",
          "settings": {
            "text": "TRENDING ITEMS",
            "remove_br_tag": false,
            "fontf": "3",
            "text_cl": "#222222",
            "text_fs": 30,
            "text_lh": 36,
            "text_fw": 500,
            "text_ls": 0,
            "font_italic": false,
            "text_shadow": false,
            "text_mgb": 20,
            "hidden_mobile": false,
            "text_fs_mb": 30,
            "text_lh_mb": 36,
            "text_ls_mb": 0,
            "text_mgb_mobile": 10,
            "animation": "none"
          }
        },
        "44843e97-ad86-4777-ae00-12d75b35d829": {
          "type": "space_html",
          "settings": {
            "color": "#c59a57",
            "width": 70,
            "height": 2,
            "mgb": 35,
            "width_mb": 40,
            "hidden_mobile": false,
            "height_mb": 2,
            "mgb_mb": 20,
            "animation": "none"
          }
        },
        "16504173282eda820a-5": {
          "type": "custom_text",
          "settings": {
            "text": "It is long establishsed fact thatis eaders will distracted <br>the reable content of page when look of the layout<br>There varins of passages ipsum available.",
            "remove_br_tag": true,
            "fontf": "2",
            "text_cl": "#000000",
            "text_fs": 14,
            "text_lh": 24,
            "text_fw": 400,
            "text_ls": 0,
            "font_italic": false,
            "text_shadow": false,
            "text_mgb": 30,
            "hidden_mobile": false,
            "text_fs_mb": 14,
            "text_lh_mb": 24,
            "text_ls_mb": 0,
            "text_mgb_mobile": 20,
            "animation": "none"
          }
        },
        "f73a960a-1c46-4444-8263-8abbe1d06ad4": {
          "type": "custom_button",
          "settings": {
            "button_text": "SEE COLLECTION",
            "button_link": "#",
            "target_link": "_self",
            "fontf": "inherit",
            "button_icon_w": 0,
            "button_style": "default",
            "button_effect": "default",
            "pri_cl": "#222222",
            "second_cl": "#ffffff",
            "pri_cl_hover": "#56cfe1",
            "second_cl_hover": "#ffffff",
            "fsbutton": 13,
            "fwbutton": 400,
            "button_ls": 0,
            "button_mh": 40,
            "button_bdr": 0,
            "button_pd_lr": 30,
            "button_mgb": 0,
            "hidden_mobile": false,
            "button_icon_w_mb": 0,
            "fsbutton_mb": 13,
            "button_mh_mb": 36,
            "button_pd_lr_mb": 20,
            "button_ls_mb": 0,
            "button_mgb_mb": 0,
            "animation": "none"
          }
        }
      },
      "block_order": [
        "16504173282eda820a-0",
        "16504173282eda820a-3",
        "16504173282eda820a-4",
        "44843e97-ad86-4777-ae00-12d75b35d829",
        "16504173282eda820a-5",
        "f73a960a-1c46-4444-8263-8abbe1d06ad4"
      ],
      "settings": {
        "image_ratio": "ratioadapt",
        "image_size": "cover",
        "image_position": "8",
        "equal_height": true,
        "space_h_item": "0",
        "space_v_item": "0",
        "space_h_item_mb": "0",
        "space_v_item_mb": "0",
        "layout": "t4s-container-wrap",
        "cl_bg": "",
        "cl_bg_gradient": "",
        "mg": ",,80px,",
        "pd": "",
        "mg_mb": ",,50px,",
        "pd_mb": "",
        "use_cus_css": false,
        "code_cus_css": ".SectionID {\nbackground-color:red\n}"
      }
    },
    "1646807895c39e5c23": {
      "type": "custom-section",
      "blocks": {
        "164680789452c50e69-0": {
          "type": "bl_col",
          "settings": {
            "col_dk": "12",
            "col_tb": "12",
            "col_mb": "12",
            "align_vertical": true,
            "content_align": "center",
            "content_align_mobile": "center",
            "padding_inner": "30px,,30px",
            "padding_inner_mb": "",
            "bg_cl": "rgba(0,0,0,0)"
          }
        },
        "164680789452c50e69-1": {
          "type": "custom_text",
          "settings": {
            "text": "BARBER ACCESSORIES",
            "remove_br_tag": false,
            "fontf": "3",
            "text_cl": "#000000",
            "text_fs": 30,
            "text_lh": 30,
            "text_fw": 500,
            "text_ls": 0,
            "font_italic": false,
            "text_shadow": false,
            "text_mgb": 25,
            "hidden_mobile": false,
            "text_fs_mb": 25,
            "text_lh_mb": 30,
            "text_ls_mb": 0,
            "text_mgb_mobile": 25
          }
        },
        "58f1872d-e6e9-440b-a625-c6f0593c731f": {
          "type": "space_html",
          "settings": {
            "color": "#ab7f3c",
            "width": 40,
            "height": 2,
            "mgb": 10,
            "width_mb": 40,
            "hidden_mobile": false,
            "height_mb": 2,
            "mgb_mb": 10
          }
        }
      },
      "block_order": [
        "164680789452c50e69-0",
        "164680789452c50e69-1",
        "58f1872d-e6e9-440b-a625-c6f0593c731f"
      ],
      "settings": {
        "space_h_item": "30",
        "space_v_item": "30",
        "space_h_item_mb": "10",
        "space_v_item_mb": "10",
        "layout": "t4s-container-wrap",
        "cl_bg": "",
        "cl_bg_gradient": "",
        "mg": "0",
        "pd": "",
        "mg_mb": "0,0,20px,",
        "pd_mb": "0",
        "use_cus_css": false,
        "code_cus_css": ".SectionID {\nbackground-color:red\n}"
      }
    },
    "1646807746a9a93feb": {
      "type": "collection-products-banner",
      "blocks": {
        "1646807745d50a33f6-0": {
          "type": "b_item",
          "settings": {
            "image": "shopify:\/\/shop_images\/Trending-Banner_3.jpg",
            "b_link": "",
            "open_link": "_self",
            "img_effect": "zoom",
            "b_effect": "none",
            "content_align": "center",
            "content_align_mobile": "center",
            "custom_height": 250,
            "content_width": "auto",
            "cv_pos": 15,
            "ch_pos": 50,
            "cv_pos_mb": 15,
            "ch_pos_mb": 50,
            "bg_overlay": "#000000",
            "bg_opacity": 0,
            "bg_content_bl": false,
            "bg_content_cl": "#ffffff",
            "bg_content_op": 50,
            "content_pd_tb": 20,
            "content_pd_lr": 20,
            "content_pd_tb_mb": 10,
            "content_pd_lr_mb": 10,
            "border_bl": false,
            "br_color": "#222222",
            "br_bg": "#ffffff",
            "br_opacity": 50,
            "br_style": "solid",
            "br_pd": 20,
            "br_pd_mb": 10,
            "time_animation": 1,
            "animation_delay": 40
          }
        },
        "1646807745d50a33f6-2": {
          "type": "custom_text",
          "settings": {
            "text": "SAVE UPTO 30% OFF",
            "remove_br_tag": false,
            "fontf": "inherit",
            "text_cl": "#ffffff",
            "text_fs": 16,
            "text_lh": 24,
            "text_fw": 500,
            "text_ls": 0,
            "font_italic": false,
            "text_shadow": false,
            "text_mgb": 10,
            "hidden_mobile": false,
            "text_fs_mb": 16,
            "text_lh_mb": 20,
            "text_ls_mb": 0,
            "text_mgb_mobile": 15,
            "animation": "none"
          }
        },
        "1646807745d50a33f6-1": {
          "type": "custom_text",
          "settings": {
            "text": "BARBER SUIT",
            "remove_br_tag": false,
            "fontf": "3",
            "text_cl": "#ffffff",
            "text_fs": 60,
            "text_lh": 0,
            "text_fw": 500,
            "text_ls": 0,
            "font_italic": false,
            "text_shadow": false,
            "text_mgb": 15,
            "hidden_mobile": false,
            "text_fs_mb": 40,
            "text_lh_mb": 0,
            "text_ls_mb": 0,
            "text_mgb_mobile": 20,
            "animation": "none"
          }
        },
        "4ed97f8b-d108-4aaa-a6f1-9ed4ce33fe38": {
          "type": "custom_button",
          "settings": {
            "button_text": "START SHOPPING",
            "button_link": "#",
            "target_link": "_self",
            "fontf": "inherit",
            "button_icon_w": 0,
            "button_style": "default",
            "button_effect": "fade",
            "pri_cl": "#c59a57",
            "second_cl": "#ffffff",
            "pri_cl_hover": "#ac8446",
            "second_cl_hover": "#ffffff",
            "fsbutton": 14,
            "fwbutton": 400,
            "button_ls": 0,
            "button_mh": 42,
            "button_bdr": 0,
            "button_pd_lr": 30,
            "button_mgb": 0,
            "hidden_mobile": false,
            "button_icon_w_mb": 0,
            "fsbutton_mb": 12,
            "button_mh_mb": 36,
            "button_pd_lr_mb": 15,
            "button_ls_mb": 0,
            "button_mgb_mb": 0,
            "animation": "none"
          }
        }
      },
      "block_order": [
        "1646807745d50a33f6-0",
        "1646807745d50a33f6-2",
        "1646807745d50a33f6-1",
        "4ed97f8b-d108-4aaa-a6f1-9ed4ce33fe38"
      ],
      "settings": {
        "coll_pos": "left",
        "collection": "baber",
        "product_des": "2",
        "show_vendor": false,
        "image_ratio": "ratio1_1",
        "image_size": "cover",
        "image_position": "8",
        "content_align": "center",
        "limit": 4,
        "col_dk": 2,
        "col_tb": 2,
        "col_mb": 2,
        "space_h_item": "30",
        "space_v_item": "30",
        "space_h_item_mb": "10",
        "space_v_item_mb": "30",
        "layout_des": "1",
        "loop": true,
        "au_time": 0,
        "au_hover": true,
        "nav_btn": true,
        "btn_vi": "hover",
        "btn_owl": "default",
        "btn_shape": "none",
        "btn_cl": "dark",
        "btn_size": "small",
        "btn_hidden_mobile": false,
        "nav_dot": true,
        "dot_owl": "default",
        "dots_cl": "dark",
        "dots_round": false,
        "dots_space": 10,
        "dots_hidden_mobile": false,
        "layout": "t4s-container-wrap",
        "cl_bg": "",
        "cl_bg_gradient": "",
        "mg": "0,0,80px",
        "pd": "",
        "mg_mb": "0,0,50px",
        "pd_mb": "",
        "use_cus_css": true,
        "code_cus_css": ".t4s-collection-banner .t4s-banner-item .t4s-banner-inner {\n    min-height: 300px;\n}"
      }
    },
    "16468081194e36f658": {
      "type": "lookbook-img",
      "blocks": {
        "afae17f5-e15e-46c6-9a96-78c6e62b71b2": {
          "type": "pr",
          "settings": {
            "pos_t": 31,
            "pos_l": 21,
            "type": "2",
            "shorttxt": "$59",
            "pos_size": "medium",
            "bg_cl": "#ab7f3c",
            "cl_text": "#ffffff",
            "pos_popup": "top",
            "size_popup": "medium",
            "product": "eva-solo-silhouette-storage-jar"
          }
        },
        "1bd206f9-02b0-44a1-ab01-300b1463eb98": {
          "type": "txt",
          "settings": {
            "pos_t": 50,
            "pos_l": 50,
            "type": "2",
            "shorttxt": "$59",
            "pos_size": "medium",
            "bg_cl": "#ab7f3c",
            "cl_text": "#ffffff",
            "pos_popup": "top",
            "size_popup": "medium",
            "heading": "01 - Water Resistance",
            "text": "<p>With groundbreaking water resistant capabilities, The Mission has the highest waterproof rating of any smartwatch on the market.<\/p>"
          }
        },
        "319eb477-ead4-4a7d-8810-7e73a94ece1a": {
          "type": "pr",
          "settings": {
            "pos_t": 26,
            "pos_l": 63,
            "type": "2",
            "shorttxt": "$59",
            "pos_size": "medium",
            "bg_cl": "#ab7f3c",
            "cl_text": "#ffffff",
            "pos_popup": "top",
            "size_popup": "medium",
            "product": "ferm-living-orb-watering-can"
          }
        },
        "10d349c8-9c90-4587-9724-49922a266b5d": {
          "type": "pr",
          "settings": {
            "pos_t": 72,
            "pos_l": 75,
            "type": "2",
            "shorttxt": "$59",
            "pos_size": "medium",
            "bg_cl": "#ab7f3c",
            "cl_text": "#ffffff",
            "pos_popup": "top",
            "size_popup": "medium",
            "product": "eva-solo-silhouette-storage-jar"
          }
        }
      },
      "block_order": [
        "afae17f5-e15e-46c6-9a96-78c6e62b71b2",
        "1bd206f9-02b0-44a1-ab01-300b1463eb98",
        "319eb477-ead4-4a7d-8810-7e73a94ece1a",
        "10d349c8-9c90-4587-9724-49922a266b5d"
      ],
      "settings": {
        "design_heading": "1",
        "heading_align": "t4s-text-center",
        "top_heading": "",
        "icon_heading": "gem",
        "top_subheading": "",
        "tophead_mb": 30,
        "img_size": "1",
        "image": "shopify:\/\/shop_images\/Pin-Banner.jpg",
        "pr_pin_des": "2",
        "layout": "t4s-container-fluid",
        "cl_bg": "",
        "cl_bg_gradient": "",
        "mg": "0px,,50px,",
        "pd": "",
        "mg_mb": ",,50px,",
        "pd_mb": ""
      }
    },
    "1646808381103addad": {
      "type": "blog-post",
      "settings": {
        "design_heading": "1",
        "heading_align": "t4s-text-center",
        "top_heading": "YOU MIGHT BE INTERESTED",
        "icon_heading": "las la-gem",
        "top_subheading": "",
        "tophead_mb": 30,
        "blog": "babere",
        "post_des": "2",
        "show_cate": false,
        "show_tags": false,
        "show_cnt": false,
        "show_au": false,
        "show_dt": true,
        "show_cm": false,
        "show_rm": false,
        "show_irm": false,
        "date": "date",
        "content_align": "t4s-text-start",
        "limit": 8,
        "img_effect": "none",
        "b_effect": "pervasive-circle",
        "image_ratio": "ratioadapt",
        "image_size": "cover",
        "image_position": "8",
        "col_dk": "2",
        "col_tb": "2",
        "col_mb": "1",
        "space_h_item": "30",
        "space_v_item": "0",
        "space_h_item_mb": "10",
        "space_v_item_mb": "0",
        "layout_des": "2",
        "loop": true,
        "au_time": 0,
        "au_hover": true,
        "nav_btn": false,
        "btn_vi": "hover",
        "btn_owl": "default",
        "btn_shape": "none",
        "btn_cl": "dark",
        "btn_size": "small",
        "btn_hidden_mobile": false,
        "nav_dot": false,
        "dot_owl": "default",
        "dots_cl": "dark",
        "dots_round": false,
        "dots_space": 10,
        "dots_hidden_mobile": false,
        "use_pagination": "none",
        "enable_bar_lm": true,
        "btn_icon": false,
        "button_style": "default",
        "btns_size": "medium",
        "btns_cl": "default",
        "button_effect": "fade",
        "btn_pos": "t4s-text-center",
        "layout": "t4s-container-wrap",
        "cl_bg": "",
        "cl_bg_gradient": "",
        "mg": ",,50px,",
        "pd": "",
        "mg_mb": ",,30px,",
        "pd_mb": "",
        "use_cus_css": true,
        "code_cus_css": "@media(min-width: 1025px){\n#shopify-section-template--15539034063005__1646808381103addad .t4s-post-item .t4s-post-title {\n    font-size: 22px;\n}\n}\n#shopify-section-template--15539034063005__1646808381103addad .t4s-post-item .t4s-post-metas>span>span {\n    color: #c59a57;\n    font-size: 14px;\n    font-weight: 700;\n    text-transform: uppercase;\n}"
      }
    },
    "16468086158846f7aa": {
      "type": "logo_list",
      "blocks": {
        "164680861577e87966-0": {
          "type": "logo_item",
          "settings": {
            "image": "shopify:\/\/shop_images\/brand3_257f14a0-cf2d-4e4b-b039-2c5d33ebbefa.png",
            "url": ""
          }
        },
        "164680861577e87966-1": {
          "type": "logo_item",
          "settings": {
            "image": "shopify:\/\/shop_images\/brand1_24047a58-2056-4e40-a78f-f871fdf71fb1.png",
            "url": ""
          }
        },
        "164680861577e87966-2": {
          "type": "logo_item",
          "settings": {
            "image": "shopify:\/\/shop_images\/brand4_18899064-9876-40f9-90c1-b6e966b15c7d.png",
            "url": ""
          }
        },
        "164680861577e87966-3": {
          "type": "logo_item",
          "settings": {
            "image": "shopify:\/\/shop_images\/brand5_997b9fd1-12d5-43f0-8e4d-2e86e0cc791b.png",
            "url": ""
          }
        },
        "164680861577e87966-4": {
          "type": "logo_item",
          "settings": {
            "image": "shopify:\/\/shop_images\/brand4_18899064-9876-40f9-90c1-b6e966b15c7d.png",
            "url": ""
          }
        },
        "164680861577e87966-5": {
          "type": "logo_item",
          "settings": {
            "image": "shopify:\/\/shop_images\/brand2_d9d681d9-0f3a-49d9-b307-d003c0abf046.png",
            "url": ""
          }
        },
        "164680861577e87966-6": {
          "type": "logo_item",
          "settings": {
            "image": "shopify:\/\/shop_images\/brand5_997b9fd1-12d5-43f0-8e4d-2e86e0cc791b.png",
            "url": ""
          }
        }
      },
      "block_order": [
        "164680861577e87966-0",
        "164680861577e87966-1",
        "164680861577e87966-2",
        "164680861577e87966-3",
        "164680861577e87966-4",
        "164680861577e87966-5",
        "164680861577e87966-6"
      ],
      "settings": {
        "design_heading": "1",
        "heading_align": "t4s-text-center",
        "top_heading": "",
        "icon_heading": "las la-gem",
        "top_subheading": "",
        "tophead_mb": 30,
        "img_effect": "bounceIn",
        "b_effect": "none",
        "open_link": "_blank",
        "layout_des": "2",
        "click_image": "data-goto",
        "nav_thumbs": true,
        "col_dk": "6",
        "col_tb": "2",
        "col_mb": "2",
        "space_item": "30",
        "space_item_mb": "30",
        "loop": true,
        "au_time": 0,
        "au_hover": true,
        "nav_btn": false,
        "btn_vi": "hover",
        "btn_owl": "default",
        "btn_shape": "none",
        "btn_cl": "dark",
        "btn_size": "small",
        "btn_hidden_mobile": false,
        "nav_dot": false,
        "dot_owl": "default",
        "dots_cl": "dark",
        "dots_round": false,
        "dots_space": 10,
        "dots_hidden_mobile": false,
        "layout": "t4s-container-wrap",
        "cl_bg": "#f7efe1",
        "cl_bg_gradient": "",
        "mg": ",,0px,",
        "pd": "60px,0,60px",
        "mg_mb": ",,0px,",
        "pd_mb": "50px,0,50px",
        "use_cus_css": false,
        "code_cus_css": ".SectionID {\nbackground-color:red\n}"
      }
    }
  },
  "order": [
    "1646631809432fc801",
    "16467992296547eccd",
    "164680105274357c12",
    "164680120268bd508d",
    "165041732995f7d90e",
    "1646807895c39e5c23",
    "1646807746a9a93feb",
    "16468081194e36f658",
    "1646808381103addad",
    "16468086158846f7aa"
  ]
}