{
  "sections": {
    "16475370619b8de674": {
      "type": "slideshow",
      "blocks": {
        "1647537060d57c7264-0": {
          "type": "image_parent",
          "settings": {
            "image": "shopify:\/\/shop_images\/big-slider_3750x_31c3f7bc-2cc2-4f38-8882-fa95bd44ae0c.jpg",
            "image_mb": "shopify:\/\/shop_images\/slider-mobile_720x_79a1ab04-2aba-4d79-b0f8-e57817fa7f54.jpg",
            "image_position": "8",
            "cl_img": "",
            "link_img1": "",
            "open_link": "_blank",
            "animate_slide": "none",
            "text_align": "start",
            "text_align_mb": "center",
            "content_width": "container",
            "cv_pos": 50,
            "ch_pos": 0,
            "cv_pos_mb": 10,
            "ch_pos_mb": 10,
            "bg_overlay": "#000000",
            "bg_opacity": 0,
            "bg_content_cl": "#ffffff",
            "bg_content_op": 0,
            "content_pd_tb": 15,
            "content_pd_lr": 15,
            "content_pd_tb_mb": 10,
            "content_pd_lr_mb": 10,
            "border_bl": false,
            "br_color": "#222222",
            "br_bg": "#ffffff",
            "br_opacity": 50,
            "br_style": "solid",
            "br_pd": 20,
            "br_pd_mb": 10,
            "time_animation": 1,
            "animation_delay": 40
          }
        },
        "c0f3e53e-df58-4057-9ee7-074048c8457f": {
          "type": "custom_text",
          "settings": {
            "text": "SUMMER 2022",
            "remove_br_tag": false,
            "fontf": "inherit",
            "text_cl": "#222222",
            "text_fs": 18,
            "text_lh": 0,
            "text_fw": 500,
            "text_ls": 0,
            "text_mgb": 5,
            "font_italic": false,
            "text_shadow": false,
            "hidden_mobile": false,
            "text_fs_mb": 12,
            "text_lh_mb": 0,
            "text_ls_mb": 0,
            "text_mgb_mobile": 5,
            "animation": "none"
          }
        },
        "001f0e02-f5d3-4ce1-b3a1-473c0d25d5f1": {
          "type": "custom_text",
          "settings": {
            "text": "Meet Galaxy S20, S20+",
            "remove_br_tag": false,
            "fontf": "inherit",
            "text_cl": "#222222",
            "text_fs": 55,
            "text_lh": 0,
            "text_fw": 600,
            "text_ls": 0,
            "text_mgb": 30,
            "font_italic": false,
            "text_shadow": false,
            "hidden_mobile": false,
            "text_fs_mb": 24,
            "text_lh_mb": 0,
            "text_ls_mb": 0,
            "text_mgb_mobile": 20,
            "animation": "none"
          }
        },
        "a7239e79-6106-4242-a20c-ef580a21fe69": {
          "type": "custom_text",
          "settings": {
            "text": "This is the phone that will change photography",
            "remove_br_tag": false,
            "fontf": "inherit",
            "text_cl": "#222222",
            "text_fs": 23,
            "text_lh": 0,
            "text_fw": 600,
            "text_ls": 0,
            "text_mgb": 30,
            "font_italic": false,
            "text_shadow": false,
            "hidden_mobile": false,
            "text_fs_mb": 14,
            "text_lh_mb": 0,
            "text_ls_mb": 0,
            "text_mgb_mobile": 20,
            "animation": "none"
          }
        },
        "c950f808-1c93-4457-ae6f-2e04d898c3a2": {
          "type": "custom_button",
          "settings": {
            "button_text": "Explore Now",
            "button_link": "shopify:\/\/collections",
            "target_link": "_blank",
            "fontf": "inherit",
            "button_icon_w": 0,
            "button_style": "default",
            "button_effect": "default",
            "pri_cl": "#222222",
            "second_cl": "#ffffff",
            "pri_cl_hover": "#222222",
            "second_cl_hover": "#ffffff",
            "fsbutton": 14,
            "fwbutton": 600,
            "button_ls": 0,
            "button_mh": 40,
            "button_bdr": 28,
            "button_pd_lr": 36,
            "button_mgb": 0,
            "hidden_mobile": false,
            "button_icon_w_mb": 0,
            "fsbutton_mb": 12,
            "button_mh_mb": 36,
            "button_pd_lr_mb": 28,
            "button_ls_mb": 0,
            "button_mgb_mb": 0,
            "animation": "none"
          }
        }
      },
      "block_order": [
        "1647537060d57c7264-0",
        "c0f3e53e-df58-4057-9ee7-074048c8457f",
        "001f0e02-f5d3-4ce1-b3a1-473c0d25d5f1",
        "a7239e79-6106-4242-a20c-ef580a21fe69",
        "c950f808-1c93-4457-ae6f-2e04d898c3a2"
      ],
      "settings": {
        "se_height": "t4s_ratioadapt",
        "custom_dk": true,
        "height_dk": 600,
        "custom_tb": true,
        "height_tb": 400,
        "custom_mb": true,
        "height_mb": 250,
        "eff": "slide",
        "loop": true,
        "au_time": 0,
        "au_hover": true,
        "nav_btn": true,
        "btn_vi": "hover",
        "btn_owl": "default",
        "btn_shape": "none",
        "btn_cl": "dark",
        "btn_size": "small",
        "btn_hidden_mobile": false,
        "nav_dot": true,
        "dot_owl": "default",
        "dots_cl": "dark",
        "dots_round": false,
        "dots_space": 10,
        "dots_hidden_mobile": false,
        "layout": "t4s-container-fluid",
        "cl_bg": "",
        "cl_bg_gradient": "",
        "mg": ",,,",
        "pd": "",
        "mg_mb": ",,,",
        "pd_mb": "",
        "use_cus_css": false,
        "code_cus_css": ".SectionID {\nbackground-color:red\n}"
      }
    },
    "1647538208db4a4033": {
      "type": "line",
      "settings": {
        "line_style": "solid",
        "line_width": 100,
        "line_height": 1,
        "line_cl": "#e6e6e6",
        "line_pos": "t4s-text-start",
        "layout": "t4s-container-wrap",
        "mg": ",,,",
        "mg_mb": ",,,",
        "use_cus_css": false,
        "code_cus_css": ".SectionID {\nbackground-color:red\n}"
      }
    },
    "16475380339ff084e0": {
      "type": "shipping",
      "blocks": {
        "16475380337c6801f3-0": {
          "type": "shipping",
          "settings": {
            "icon_themes": "car",
            "image_icon": "shopify:\/\/shop_images\/free-delivery-64-px-2x_120x_8320613e-dd7e-48d8-a037-0b9e5b87825a.png",
            "icon": "tractor",
            "title": "FREE SHIPPING",
            "text": "<p>Free shipping on all US order<br\/>or order above $100<\/p>"
          }
        },
        "16475380337c6801f3-1": {
          "type": "shipping",
          "settings": {
            "icon_themes": "help",
            "image_icon": "shopify:\/\/shop_images\/parcel-tracking-64-px-2x_120x_9e5751df-bb80-4098-bed2-a405808306bf.png",
            "icon": "life-ring",
            "title": "SUPPORT 24\/7",
            "text": "<p>Contact us 24 hours a day<br\/>7 days a week<\/p>"
          }
        },
        "16475380337c6801f3-2": {
          "type": "shipping",
          "settings": {
            "icon_themes": "refesh",
            "image_icon": "shopify:\/\/shop_images\/icon-128x128_120x_1.png",
            "icon": "undo-alt",
            "title": "30 DAYS RETURN",
            "text": "<p>Simply return it within 30 <br\/>days for an exchange.<\/p>"
          }
        }
      },
      "block_order": [
        "16475380337c6801f3-0",
        "16475380337c6801f3-1",
        "16475380337c6801f3-2"
      ],
      "settings": {
        "design_heading": "1",
        "heading_align": "t4s-text-center",
        "top_heading": "",
        "icon_heading": "las la-gem",
        "top_subheading": "",
        "tophead_mb": 30,
        "content_align": "text-center",
        "align_vertical": false,
        "design_padding": "1",
        "source": "get_image",
        "icon_des": "deafult",
        "icon_size": "large",
        "col_dk": "3",
        "col_tb": "2",
        "col_mb": "1",
        "border": false,
        "cl_bd": "#dddddd",
        "cl_ic": "#9e9e9e",
        "cl_hd": "#222222",
        "cl_cot": "#878787",
        "bg_item": "#ffffff",
        "space_h_item": "30",
        "space_v_item": "30",
        "space_h_item_mb": "10",
        "space_v_item_mb": "10",
        "carousel_mobile": false,
        "dots_cl": "dark",
        "dots_round": true,
        "layout": "t4s-container-wrap",
        "cl_bg": "",
        "cl_bg_gradient": "",
        "mg": ",,30px,",
        "pd": "22px,,22px,",
        "mg_mb": ",,10px,",
        "pd_mb": "20px,,20px,",
        "use_cus_css": false,
        "code_cus_css": ".SectionID {\nbackground-color:red\n}"
      }
    },
    "1647538216cbff0970": {
      "type": "line",
      "settings": {
        "line_style": "solid",
        "line_width": 100,
        "line_height": 1,
        "line_cl": "#e6e6e6",
        "line_pos": "t4s-text-start",
        "layout": "t4s-container-wrap",
        "mg": ",,,",
        "mg_mb": ",,,",
        "use_cus_css": false,
        "code_cus_css": ".SectionID {\nbackground-color:red\n}"
      }
    },
    "16475103368ee961bf": {
      "type": "banner",
      "blocks": {
        "1647510336d54acffa-0": {
          "type": "b_item",
          "settings": {
            "custom_dk": true,
            "height_dk": 600,
            "custom_tb": true,
            "height_tb": 400,
            "custom_mb": true,
            "height_mb": 300,
            "image": "shopify:\/\/shop_images\/s10_720x_a89e5406-a2b5-4a60-97e2-41c7f3466651.jpg",
            "b_link": "shopify:\/\/collections",
            "open_link": "_self",
            "img_effect": "zoom",
            "b_effect": "plus-zoom-overlay",
            "col_dk": "6",
            "col_tb": "6",
            "col_mb": "12",
            "content_align": "start",
            "content_align_mobile": "start",
            "content_width": "auto",
            "cv_pos": 50,
            "ch_pos": 16,
            "cv_pos_mb": 50,
            "ch_pos_mb": 14,
            "bg_overlay": "#000000",
            "bg_opacity": 0,
            "bg_content_bl": false,
            "bg_content_cl": "#ffffff",
            "bg_content_op": 50,
            "content_pd_tb": 20,
            "content_pd_lr": 20,
            "content_pd_tb_mb": 10,
            "content_pd_lr_mb": 10,
            "border_bl": false,
            "br_color": "#222222",
            "br_bg": "#ffffff",
            "br_opacity": 50,
            "br_style": "solid",
            "br_pd": 20,
            "br_pd_mb": 10,
            "time_animation": 1,
            "animation_delay": 40
          }
        },
        "1647510336d54acffa-1": {
          "type": "custom_text",
          "settings": {
            "text": "Galaxy S10 Lite",
            "remove_br_tag": false,
            "fontf": "inherit",
            "text_cl": "#222222",
            "text_fs": 30,
            "text_lh": 0,
            "text_fw": 600,
            "text_ls": 0,
            "font_italic": false,
            "text_shadow": false,
            "text_mgb": 10,
            "hidden_mobile": false,
            "text_fs_mb": 22,
            "text_lh_mb": 0,
            "text_ls_mb": 0,
            "text_mgb_mobile": 5,
            "animation": "none"
          }
        },
        "1647510336d54acffa-2": {
          "type": "custom_text",
          "settings": {
            "text": "Save up to 25%",
            "remove_br_tag": false,
            "fontf": "inherit",
            "text_cl": "#222222",
            "text_fs": 16,
            "text_lh": 0,
            "text_fw": 600,
            "text_ls": 0,
            "font_italic": false,
            "text_shadow": false,
            "text_mgb": 30,
            "hidden_mobile": false,
            "text_fs_mb": 14,
            "text_lh_mb": 0,
            "text_ls_mb": 0,
            "text_mgb_mobile": 20,
            "animation": "none"
          }
        },
        "e75ce0c8-34fc-4cdc-8318-25a206be4894": {
          "type": "custom_button",
          "settings": {
            "button_text": "Buy Now",
            "button_link": "shopify:\/\/collections\/accessories",
            "target_link": "_self",
            "fontf": "inherit",
            "button_icon_w": 0,
            "button_style": "outline",
            "button_effect": "fade",
            "pri_cl": "#222222",
            "second_cl": "#ffffff",
            "pri_cl_hover": "#222222",
            "second_cl_hover": "#ffffff",
            "fsbutton": 14,
            "fwbutton": 600,
            "button_ls": 0,
            "button_mh": 40,
            "button_bdr": 40,
            "button_pd_lr": 30,
            "button_mgb": 0,
            "hidden_mobile": false,
            "button_icon_w_mb": 0,
            "fsbutton_mb": 12,
            "button_mh_mb": 36,
            "button_pd_lr_mb": 26,
            "button_ls_mb": 0,
            "button_mgb_mb": 0,
            "animation": "none"
          }
        },
        "1647510336d54acffa-3": {
          "type": "b_item",
          "settings": {
            "custom_dk": true,
            "height_dk": 600,
            "custom_tb": true,
            "height_tb": 400,
            "custom_mb": true,
            "height_mb": 300,
            "image": "shopify:\/\/shop_images\/smartwatch_720x_2ce32c06-28d3-48f3-928f-20f4793c3b8e.jpg",
            "b_link": "shopify:\/\/collections",
            "open_link": "_self",
            "img_effect": "zoom",
            "b_effect": "plus-zoom-overlay",
            "col_dk": "6",
            "col_tb": "6",
            "col_mb": "12",
            "content_align": "start",
            "content_align_mobile": "start",
            "content_width": "auto",
            "cv_pos": 50,
            "ch_pos": 14,
            "cv_pos_mb": 50,
            "ch_pos_mb": 14,
            "bg_overlay": "#000000",
            "bg_opacity": 0,
            "bg_content_bl": false,
            "bg_content_cl": "#ffffff",
            "bg_content_op": 50,
            "content_pd_tb": 20,
            "content_pd_lr": 20,
            "content_pd_tb_mb": 10,
            "content_pd_lr_mb": 10,
            "border_bl": false,
            "br_color": "#222222",
            "br_bg": "#ffffff",
            "br_opacity": 50,
            "br_style": "solid",
            "br_pd": 20,
            "br_pd_mb": 10,
            "time_animation": 1,
            "animation_delay": 40
          }
        },
        "1647510336d54acffa-4": {
          "type": "custom_text",
          "settings": {
            "text": "New SmartWatch",
            "remove_br_tag": false,
            "fontf": "inherit",
            "text_cl": "#222222",
            "text_fs": 30,
            "text_lh": 0,
            "text_fw": 600,
            "text_ls": 0,
            "font_italic": false,
            "text_shadow": false,
            "text_mgb": 10,
            "hidden_mobile": false,
            "text_fs_mb": 22,
            "text_lh_mb": 0,
            "text_ls_mb": 0,
            "text_mgb_mobile": 5,
            "animation": "none"
          }
        },
        "1647510336d54acffa-5": {
          "type": "custom_text",
          "settings": {
            "text": "Save up to 35%",
            "remove_br_tag": false,
            "fontf": "inherit",
            "text_cl": "#222222",
            "text_fs": 16,
            "text_lh": 0,
            "text_fw": 600,
            "text_ls": 0,
            "font_italic": false,
            "text_shadow": false,
            "text_mgb": 30,
            "hidden_mobile": false,
            "text_fs_mb": 14,
            "text_lh_mb": 0,
            "text_ls_mb": 0,
            "text_mgb_mobile": 20,
            "animation": "none"
          }
        },
        "e60e9813-7484-4882-a75a-74d38d13d524": {
          "type": "custom_button",
          "settings": {
            "button_text": "Buy Now",
            "button_link": "shopify:\/\/collections\/accessories",
            "target_link": "_self",
            "fontf": "inherit",
            "button_icon_w": 0,
            "button_style": "outline",
            "button_effect": "fade",
            "pri_cl": "#222222",
            "second_cl": "#ffffff",
            "pri_cl_hover": "#222222",
            "second_cl_hover": "#ffffff",
            "fsbutton": 14,
            "fwbutton": 600,
            "button_ls": 0,
            "button_mh": 40,
            "button_bdr": 40,
            "button_pd_lr": 30,
            "button_mgb": 0,
            "hidden_mobile": false,
            "button_icon_w_mb": 0,
            "fsbutton_mb": 12,
            "button_mh_mb": 36,
            "button_pd_lr_mb": 26,
            "button_ls_mb": 0,
            "button_mgb_mb": 0,
            "animation": "none"
          }
        },
        "831857b8-5f17-480d-9fb3-ed9777a5d17c": {
          "type": "b_item",
          "settings": {
            "custom_dk": true,
            "height_dk": 600,
            "custom_tb": true,
            "height_tb": 400,
            "custom_mb": true,
            "height_mb": 300,
            "image": "shopify:\/\/shop_images\/laptop_720x_e3247141-43f5-4a9f-9084-2bbe821b607c.jpg",
            "b_link": "shopify:\/\/collections",
            "open_link": "_self",
            "img_effect": "zoom",
            "b_effect": "plus-zoom-overlay",
            "col_dk": "6",
            "col_tb": "6",
            "col_mb": "12",
            "content_align": "start",
            "content_align_mobile": "start",
            "content_width": "auto",
            "cv_pos": 50,
            "ch_pos": 14,
            "cv_pos_mb": 50,
            "ch_pos_mb": 14,
            "bg_overlay": "#000000",
            "bg_opacity": 0,
            "bg_content_bl": false,
            "bg_content_cl": "#ffffff",
            "bg_content_op": 50,
            "content_pd_tb": 20,
            "content_pd_lr": 20,
            "content_pd_tb_mb": 10,
            "content_pd_lr_mb": 10,
            "border_bl": false,
            "br_color": "#222222",
            "br_bg": "#ffffff",
            "br_opacity": 50,
            "br_style": "solid",
            "br_pd": 20,
            "br_pd_mb": 10,
            "time_animation": 1,
            "animation_delay": 40
          }
        },
        "07f7bf89-d1a9-4c44-b50e-37b07584614d": {
          "type": "custom_text",
          "settings": {
            "text": "Dell XPS 2020",
            "remove_br_tag": false,
            "fontf": "inherit",
            "text_cl": "#222222",
            "text_fs": 30,
            "text_lh": 0,
            "text_fw": 600,
            "text_ls": 0,
            "font_italic": false,
            "text_shadow": false,
            "text_mgb": 10,
            "hidden_mobile": false,
            "text_fs_mb": 22,
            "text_lh_mb": 0,
            "text_ls_mb": 0,
            "text_mgb_mobile": 5,
            "animation": "none"
          }
        },
        "e966c0a5-82eb-4cf3-b32c-17f02d3e5f9b": {
          "type": "custom_text",
          "settings": {
            "text": "Engineered to run on ultra-fast<br>networks.",
            "remove_br_tag": false,
            "fontf": "inherit",
            "text_cl": "#222222",
            "text_fs": 16,
            "text_lh": 24,
            "text_fw": 600,
            "text_ls": 0,
            "font_italic": false,
            "text_shadow": false,
            "text_mgb": 30,
            "hidden_mobile": false,
            "text_fs_mb": 16,
            "text_lh_mb": 24,
            "text_ls_mb": 0,
            "text_mgb_mobile": 20,
            "animation": "none"
          }
        },
        "0e614c81-ef36-42a4-a8c3-379efc6fdeaa": {
          "type": "custom_button",
          "settings": {
            "button_text": "Buy Now",
            "button_link": "shopify:\/\/collections\/accessories",
            "target_link": "_self",
            "fontf": "inherit",
            "button_icon_w": 0,
            "button_style": "outline",
            "button_effect": "fade",
            "pri_cl": "#222222",
            "second_cl": "#ffffff",
            "pri_cl_hover": "#222222",
            "second_cl_hover": "#ffffff",
            "fsbutton": 14,
            "fwbutton": 500,
            "button_ls": 0,
            "button_mh": 40,
            "button_bdr": 40,
            "button_pd_lr": 30,
            "button_mgb": 0,
            "hidden_mobile": false,
            "button_icon_w_mb": 0,
            "fsbutton_mb": 12,
            "button_mh_mb": 36,
            "button_pd_lr_mb": 26,
            "button_ls_mb": 0,
            "button_mgb_mb": 0,
            "animation": "none"
          }
        },
        "87086dc1-53ca-409a-a5bc-90c95b9b7917": {
          "type": "b_item",
          "settings": {
            "custom_dk": true,
            "height_dk": 600,
            "custom_tb": true,
            "height_tb": 400,
            "custom_mb": true,
            "height_mb": 300,
            "image": "shopify:\/\/shop_images\/tv_720x_6308a98e-180b-48f6-83c9-06a00dbfc1e5.jpg",
            "b_link": "shopify:\/\/collections",
            "open_link": "_self",
            "img_effect": "zoom",
            "b_effect": "plus-zoom-overlay",
            "col_dk": "6",
            "col_tb": "6",
            "col_mb": "12",
            "content_align": "start",
            "content_align_mobile": "start",
            "content_width": "auto",
            "cv_pos": 50,
            "ch_pos": 14,
            "cv_pos_mb": 50,
            "ch_pos_mb": 14,
            "bg_overlay": "#000000",
            "bg_opacity": 0,
            "bg_content_bl": false,
            "bg_content_cl": "#ffffff",
            "bg_content_op": 50,
            "content_pd_tb": 20,
            "content_pd_lr": 20,
            "content_pd_tb_mb": 10,
            "content_pd_lr_mb": 10,
            "border_bl": false,
            "br_color": "#222222",
            "br_bg": "#ffffff",
            "br_opacity": 50,
            "br_style": "solid",
            "br_pd": 20,
            "br_pd_mb": 10,
            "time_animation": 1,
            "animation_delay": 40
          }
        },
        "ee2bd0c0-90ed-4760-b355-b35a730ac02c": {
          "type": "custom_text",
          "settings": {
            "text": "Save up to",
            "remove_br_tag": false,
            "fontf": "inherit",
            "text_cl": "#222222",
            "text_fs": 30,
            "text_lh": 0,
            "text_fw": 600,
            "text_ls": 0,
            "font_italic": false,
            "text_shadow": false,
            "text_mgb": 10,
            "hidden_mobile": false,
            "text_fs_mb": 16,
            "text_lh_mb": 0,
            "text_ls_mb": 0,
            "text_mgb_mobile": 5,
            "animation": "none"
          }
        },
        "166601fc-e31e-4c78-a036-7681af3aab94": {
          "type": "custom_text",
          "settings": {
            "text": "Plus earn 2% back in Kalles <br> rewards.",
            "remove_br_tag": false,
            "fontf": "inherit",
            "text_cl": "#222222",
            "text_fs": 16,
            "text_lh": 24,
            "text_fw": 600,
            "text_ls": 0,
            "font_italic": false,
            "text_shadow": false,
            "text_mgb": 30,
            "hidden_mobile": false,
            "text_fs_mb": 16,
            "text_lh_mb": 0,
            "text_ls_mb": 0,
            "text_mgb_mobile": 20,
            "animation": "none"
          }
        },
        "6d7989b1-7e78-49aa-9849-e9bcfd563ca8": {
          "type": "custom_button",
          "settings": {
            "button_text": "Buy Now",
            "button_link": "shopify:\/\/collections\/accessories",
            "target_link": "_self",
            "fontf": "inherit",
            "button_icon_w": 0,
            "button_style": "outline",
            "button_effect": "fade",
            "pri_cl": "#222222",
            "second_cl": "#ffffff",
            "pri_cl_hover": "#222222",
            "second_cl_hover": "#ffffff",
            "fsbutton": 14,
            "fwbutton": 600,
            "button_ls": 0,
            "button_mh": 40,
            "button_bdr": 40,
            "button_pd_lr": 29,
            "button_mgb": 0,
            "hidden_mobile": false,
            "button_icon_w_mb": 0,
            "fsbutton_mb": 12,
            "button_mh_mb": 36,
            "button_pd_lr_mb": 26,
            "button_ls_mb": 0,
            "button_mgb_mb": 0,
            "animation": "none"
          }
        }
      },
      "block_order": [
        "1647510336d54acffa-0",
        "1647510336d54acffa-1",
        "1647510336d54acffa-2",
        "e75ce0c8-34fc-4cdc-8318-25a206be4894",
        "1647510336d54acffa-3",
        "1647510336d54acffa-4",
        "1647510336d54acffa-5",
        "e60e9813-7484-4882-a75a-74d38d13d524",
        "831857b8-5f17-480d-9fb3-ed9777a5d17c",
        "07f7bf89-d1a9-4c44-b50e-37b07584614d",
        "e966c0a5-82eb-4cf3-b32c-17f02d3e5f9b",
        "0e614c81-ef36-42a4-a8c3-379efc6fdeaa",
        "87086dc1-53ca-409a-a5bc-90c95b9b7917",
        "ee2bd0c0-90ed-4760-b355-b35a730ac02c",
        "166601fc-e31e-4c78-a036-7681af3aab94",
        "6d7989b1-7e78-49aa-9849-e9bcfd563ca8"
      ],
      "settings": {
        "image_ratio": "ratioadapt",
        "image_size": "cover",
        "image_position": "8",
        "equal_height": false,
        "space_h_item": "30",
        "space_v_item": "30",
        "space_h_item_mb": "10",
        "space_v_item_mb": "10",
        "layout": "t4s-container-wrap",
        "cl_bg": "",
        "cl_bg_gradient": "",
        "mg": ",,80px,",
        "pd": "",
        "mg_mb": ",,30px,",
        "pd_mb": "",
        "use_cus_css": false,
        "code_cus_css": ".SectionID {\nbackground-color:red\n}"
      }
    },
    "16475405032640277b": {
      "type": "featured-collection",
      "settings": {
        "design_heading": "1",
        "heading_align": "t4s-text-center",
        "top_heading": "Best Selling",
        "icon_heading": "las la-gem",
        "top_subheading": "",
        "tophead_mb": 30,
        "collection": "digital",
        "product_des": "1",
        "show_vendor": false,
        "image_ratio": "ratioadapt",
        "image_size": "cover",
        "image_position": "8",
        "content_align": "default",
        "limit": 8,
        "col_dk": "4",
        "col_tb": "2",
        "col_mb": "2",
        "space_h_item": "30",
        "space_v_item": "30",
        "space_h_item_mb": "10",
        "space_v_item_mb": "10",
        "layout_des": "1",
        "loop": true,
        "au_time": 0,
        "au_hover": true,
        "nav_btn": true,
        "btn_vi": "hover",
        "btn_owl": "default",
        "btn_shape": "none",
        "btn_cl": "dark",
        "btn_size": "small",
        "btn_hidden_mobile": false,
        "nav_dot": true,
        "dot_owl": "default",
        "dots_cl": "dark",
        "dots_round": false,
        "dots_space": 10,
        "dots_hidden_mobile": false,
        "use_pagination": "none",
        "enable_bar_lm": true,
        "btn_icon": false,
        "button_style": "default",
        "btns_size": "medium",
        "btns_cl": "default",
        "button_effect": "fade",
        "btn_pos": "t4s-text-center",
        "layout": "t4s-container-wrap",
        "cl_bg": "",
        "cl_bg_gradient": "",
        "mg": ",,80px,",
        "pd": "",
        "mg_mb": ",,30px,",
        "pd_mb": "",
        "use_cus_css": false,
        "code_cus_css": ".SectionID {\nbackground-color:red\n}"
      }
    },
    "1647540900590a10e5": {
      "type": "products-deal-banner",
      "blocks": {
        "ea826127-3ab4-4bba-b894-2b4ec946c06c": {
          "type": "banner2",
          "settings": {
            "image": "shopify:\/\/shop_images\/banner112_540x_78679353-4227-4e6c-9bd6-3b3ae6241c5b.jpg",
            "url": "shopify:\/\/collections\/camera",
            "img_effect": "zoom",
            "b_effect": "none",
            "cv_pos": 50,
            "ch_pos": 90,
            "cv_pos_mb": 50,
            "ch_pos_mb": 80,
            "content_align": "end",
            "content_align_mobile": "end",
            "heading": "WORK AT HOME SALE",
            "cl_t1": "#222222",
            "heading2": "70%",
            "cl_t2": "#222222",
            "button_text": "Get it Now",
            "btn_icon": false,
            "button_style": "outline",
            "btns_size": "medium",
            "btns_cl": "dark",
            "button_effect": "fade"
          }
        },
        "1647540899f8edbdda-1": {
          "type": "product",
          "settings": {
            "product": "beats-solo3-wireless",
            "content_align": "center",
            "content_align_mobile": "center",
            "date": "2022\/12\/26",
            "cdt_des": "2",
            "cdt_size": "large",
            "box_bdr": 0,
            "bd_width": 0,
            "space_item": 10,
            "number_cl": "#ffffff",
            "text_cl": "#a4a3a3",
            "border_cl": "#000000",
            "bg_cl": "#000000"
          }
        },
        "1647540899f8edbdda-2": {
          "type": "banner2",
          "settings": {
            "image": "shopify:\/\/shop_images\/banner2_540x_8051aee1-7572-420a-abf6-d838913bd017.jpg",
            "url": "shopify:\/\/collections\/digital",
            "img_effect": "zoom",
            "b_effect": "none",
            "cv_pos": 50,
            "ch_pos": 50,
            "cv_pos_mb": 50,
            "ch_pos_mb": 50,
            "content_align": "center",
            "content_align_mobile": "center",
            "heading": "SUMMER SALE",
            "cl_t1": "#222222",
            "heading2": "UP TO 30%",
            "cl_t2": "#222222",
            "button_text": "Shop Now",
            "btn_icon": false,
            "button_style": "outline",
            "btns_size": "medium",
            "btns_cl": "dark",
            "button_effect": "fade"
          }
        }
      },
      "block_order": [
        "ea826127-3ab4-4bba-b894-2b4ec946c06c",
        "1647540899f8edbdda-1",
        "1647540899f8edbdda-2"
      ],
      "settings": {
        "show_vendor": false,
        "image_ratio": "ratio1_1",
        "image_size": "cover",
        "image_position": "8",
        "equal_height": false,
        "space_h_item": "30",
        "space_v_item": "30",
        "space_h_item_mb": "10",
        "space_v_item_mb": "10",
        "layout": "t4s-container-wrap",
        "cl_bg": "",
        "cl_bg_gradient": "",
        "mg": ",,80px,",
        "pd": "",
        "mg_mb": ",,80px,",
        "pd_mb": "",
        "use_cus_css": false,
        "code_cus_css": ".SectionID {\nbackground-color:red\n}"
      }
    },
    "1647541316d4f97209": {
      "type": "tabs-collection",
      "blocks": {
        "16475413151ceb47a0-0": {
          "type": "tab_item",
          "settings": {
            "tab_title": "Accesories",
            "icon_title": "",
            "collection": "digital",
            "product_des": "1",
            "show_vendor": false,
            "image_ratio": "ratioadapt",
            "image_size": "cover",
            "image_position": "8",
            "content_align": "default",
            "limit": 8,
            "col_dk": "4",
            "col_tb": "2",
            "col_mb": "2",
            "space_h_item": "30",
            "space_v_item": "30",
            "space_h_item_mb": "10",
            "space_v_item_mb": "10",
            "layout_des": "1",
            "loop": true,
            "au_time": 0,
            "au_hover": true,
            "nav_btn": true,
            "btn_vi": "hover",
            "btn_owl": "default",
            "btn_shape": "none",
            "btn_cl": "dark",
            "btn_size": "small",
            "btn_hidden_mobile": false,
            "nav_dot": true,
            "dot_owl": "default",
            "dots_cl": "dark",
            "dots_round": false,
            "dots_space": 10,
            "dots_hidden_mobile": false,
            "use_pagination": "none",
            "enable_bar_lm": true,
            "btn_icon": false,
            "button_style": "default",
            "btns_size": "medium",
            "btns_cl": "default",
            "button_effect": "fade",
            "btn_pos": "t4s-text-center"
          }
        },
        "16475413151ceb47a0-1": {
          "type": "tab_item",
          "settings": {
            "tab_title": "Smart TV",
            "icon_title": "",
            "collection": "digital",
            "product_des": "1",
            "show_vendor": false,
            "image_ratio": "ratioadapt",
            "image_size": "cover",
            "image_position": "8",
            "content_align": "default",
            "limit": 8,
            "col_dk": "4",
            "col_tb": "2",
            "col_mb": "2",
            "space_h_item": "30",
            "space_v_item": "30",
            "space_h_item_mb": "10",
            "space_v_item_mb": "10",
            "layout_des": "1",
            "loop": true,
            "au_time": 0,
            "au_hover": true,
            "nav_btn": true,
            "btn_vi": "hover",
            "btn_owl": "default",
            "btn_shape": "none",
            "btn_cl": "dark",
            "btn_size": "small",
            "btn_hidden_mobile": false,
            "nav_dot": true,
            "dot_owl": "default",
            "dots_cl": "dark",
            "dots_round": false,
            "dots_space": 10,
            "dots_hidden_mobile": false,
            "use_pagination": "none",
            "enable_bar_lm": true,
            "btn_icon": false,
            "button_style": "default",
            "btns_size": "medium",
            "btns_cl": "default",
            "button_effect": "fade",
            "btn_pos": "t4s-text-center"
          }
        },
        "16475413151ceb47a0-2": {
          "type": "tab_item",
          "settings": {
            "tab_title": "Camera",
            "icon_title": "",
            "collection": "digital",
            "product_des": "1",
            "show_vendor": false,
            "image_ratio": "ratioadapt",
            "image_size": "cover",
            "image_position": "8",
            "content_align": "default",
            "limit": 8,
            "col_dk": "4",
            "col_tb": "2",
            "col_mb": "2",
            "space_h_item": "30",
            "space_v_item": "30",
            "space_h_item_mb": "10",
            "space_v_item_mb": "10",
            "layout_des": "1",
            "loop": true,
            "au_time": 0,
            "au_hover": true,
            "nav_btn": true,
            "btn_vi": "hover",
            "btn_owl": "default",
            "btn_shape": "none",
            "btn_cl": "dark",
            "btn_size": "small",
            "btn_hidden_mobile": false,
            "nav_dot": true,
            "dot_owl": "default",
            "dots_cl": "dark",
            "dots_round": false,
            "dots_space": 10,
            "dots_hidden_mobile": false,
            "use_pagination": "none",
            "enable_bar_lm": true,
            "btn_icon": false,
            "button_style": "default",
            "btns_size": "medium",
            "btns_cl": "default",
            "button_effect": "fade",
            "btn_pos": "t4s-text-center"
          }
        },
        "0be6c57a-9fcc-4928-9ae7-43abac4ed29b": {
          "type": "tab_item",
          "settings": {
            "tab_title": "Digital",
            "icon_title": "",
            "collection": "digital",
            "product_des": "1",
            "show_vendor": false,
            "image_ratio": "ratioadapt",
            "image_size": "cover",
            "image_position": "8",
            "content_align": "default",
            "limit": 8,
            "col_dk": "4",
            "col_tb": "2",
            "col_mb": "2",
            "space_h_item": "30",
            "space_v_item": "30",
            "space_h_item_mb": "10",
            "space_v_item_mb": "10",
            "layout_des": "1",
            "loop": true,
            "au_time": 0,
            "au_hover": true,
            "nav_btn": true,
            "btn_vi": "hover",
            "btn_owl": "default",
            "btn_shape": "none",
            "btn_cl": "dark",
            "btn_size": "small",
            "btn_hidden_mobile": false,
            "nav_dot": true,
            "dot_owl": "default",
            "dots_cl": "dark",
            "dots_round": false,
            "dots_space": 10,
            "dots_hidden_mobile": false,
            "use_pagination": "none",
            "enable_bar_lm": true,
            "btn_icon": false,
            "button_style": "default",
            "btns_size": "medium",
            "btns_cl": "default",
            "button_effect": "fade",
            "btn_pos": "t4s-text-center"
          }
        }
      },
      "block_order": [
        "16475413151ceb47a0-0",
        "16475413151ceb47a0-1",
        "16475413151ceb47a0-2",
        "0be6c57a-9fcc-4928-9ae7-43abac4ed29b"
      ],
      "settings": {
        "design_heading": "1",
        "heading_align": "t4s-text-center",
        "top_heading": "Featured Collection",
        "icon_heading": "las la-gem",
        "top_subheading": "",
        "tophead_mb": 30,
        "tabs_des": "border",
        "tabs_border": "dashed",
        "item_rounded": true,
        "item_cl": "#222222",
        "item_bg": "",
        "item_cl_active": "#222222",
        "item_bg_active": "#222222",
        "space_between": 11,
        "tabs_pos": "center",
        "tabslist_mb": 30,
        "layout": "t4s-container-wrap",
        "cl_bg": "",
        "cl_bg_gradient": "",
        "mg": ",,80px,",
        "pd": "",
        "mg_mb": ",,30px,",
        "pd_mb": "",
        "use_cus_css": false,
        "code_cus_css": ".SectionID {\nbackground-color:red\n}"
      }
    },
    "164754152733b9e059": {
      "type": "blog-post",
      "settings": {
        "design_heading": "1",
        "heading_align": "t4s-text-center",
        "top_heading": "Blog post",
        "icon_heading": "las la-gem",
        "top_subheading": "",
        "tophead_mb": 30,
        "blog": "home-digital",
        "post_des": "1",
        "show_cate": false,
        "show_tags": false,
        "show_cnt": true,
        "show_au": true,
        "show_dt": true,
        "show_cm": false,
        "show_rm": false,
        "show_irm": false,
        "date": "date",
        "content_align": "t4s-text-start",
        "limit": 3,
        "img_effect": "zoom",
        "b_effect": "pervasive-circle",
        "image_ratio": "ratio4_3",
        "image_size": "cover",
        "image_position": "8",
        "col_dk": "3",
        "col_tb": "2",
        "col_mb": "1",
        "space_h_item": "30",
        "space_v_item": "30",
        "space_h_item_mb": "10",
        "space_v_item_mb": "10",
        "layout_des": "1",
        "loop": true,
        "au_time": 0,
        "au_hover": true,
        "nav_btn": true,
        "btn_vi": "hover",
        "btn_owl": "default",
        "btn_shape": "none",
        "btn_cl": "dark",
        "btn_size": "small",
        "btn_hidden_mobile": false,
        "nav_dot": true,
        "dot_owl": "default",
        "dots_cl": "dark",
        "dots_round": false,
        "dots_space": 10,
        "dots_hidden_mobile": false,
        "use_pagination": "none",
        "enable_bar_lm": true,
        "btn_icon": false,
        "button_style": "default",
        "btns_size": "medium",
        "btns_cl": "default",
        "button_effect": "fade",
        "btn_pos": "t4s-text-center",
        "layout": "t4s-container-wrap",
        "cl_bg": "",
        "cl_bg_gradient": "",
        "mg": ",,60px,",
        "pd": "",
        "mg_mb": ",,30px,",
        "pd_mb": "",
        "use_cus_css": false,
        "code_cus_css": ".SectionID {\nbackground-color:red\n}"
      }
    }
  },
  "order": [
    "16475370619b8de674",
    "1647538208db4a4033",
    "16475380339ff084e0",
    "1647538216cbff0970",
    "16475103368ee961bf",
    "16475405032640277b",
    "1647540900590a10e5",
    "1647541316d4f97209",
    "164754152733b9e059"
  ]
}