{
  "sections": {
    "1646631809432fc801": {
      "type": "slideshow",
      "blocks": {
        "1011d7f1-8801-42f9-b6da-7e724aab0d5f": {
          "type": "image_parent",
          "settings": {
            "image": "shopify:\/\/shop_images\/banner-slide-1.jpg",
            "image_position": "8",
            "cl_img": "",
            "link_img1": "",
            "open_link": "_blank",
            "animate_slide": "none",
            "text_align": "start",
            "text_align_mb": "start",
            "content_width": "container",
            "cv_pos": 50,
            "ch_pos": 0,
            "cv_pos_mb": 50,
            "ch_pos_mb": 10,
            "bg_overlay": "#000000",
            "bg_opacity": 0,
            "bg_content_cl": "#ffffff",
            "bg_content_op": 0,
            "content_pd_tb": 20,
            "content_pd_lr": 15,
            "content_pd_tb_mb": 10,
            "content_pd_lr_mb": 15,
            "border_bl": false,
            "br_color": "#222222",
            "br_bg": "#ffffff",
            "br_opacity": 50,
            "br_style": "solid",
            "br_pd": 20,
            "br_pd_mb": 10,
            "time_animation": 1,
            "animation_delay": 40
          }
        },
        "169d161a-43a1-419d-9668-8e782ba928ba": {
          "type": "custom_text",
          "settings": {
            "text": "SUMMER COLLECTIONS 2020",
            "remove_br_tag": false,
            "fontf": "1",
            "text_cl": "#000000",
            "text_fs": 16,
            "text_lh": 24,
            "text_fw": 500,
            "text_ls": 0,
            "text_mgb": 10,
            "font_italic": false,
            "text_shadow": false,
            "hidden_mobile": false,
            "text_fs_mb": 16,
            "text_lh_mb": 24,
            "text_ls_mb": 0,
            "text_mgb_mobile": 10,
            "animation": "zoomIn"
          }
        },
        "f3245dff-94e4-44b2-a04c-ec1d214e1abe": {
          "type": "custom_text",
          "settings": {
            "text": "Perfact Plants<br>\nSale In Lookbook",
            "remove_br_tag": false,
            "fontf": "2",
            "text_cl": "#2e2e2e",
            "text_fs": 60,
            "text_lh": 60,
            "text_fw": 600,
            "text_ls": 0,
            "text_mgb": 20,
            "font_italic": false,
            "text_shadow": false,
            "hidden_mobile": false,
            "text_fs_mb": 40,
            "text_lh_mb": 50,
            "text_ls_mb": 0,
            "text_mgb_mobile": 20,
            "animation": "fadeInDown"
          }
        },
        "9d8c1be7-39f5-4eb1-aa72-a13df06b9321": {
          "type": "space_html",
          "settings": {
            "color": "#222222",
            "width": 60,
            "height": 2,
            "mgb": 20,
            "width_mb": 40,
            "hidden_mobile": false,
            "height_mb": 2,
            "mgb_mb": 20,
            "animation": "none"
          }
        },
        "ef01bf9d-c1d9-4a07-be8b-bc64a4593326": {
          "type": "custom_text",
          "settings": {
            "text": "Plants Gonna Make People Happy - Garden From<br>\nOur Heart, Terrarium, Bell & Accessories.",
            "remove_br_tag": true,
            "fontf": "inherit",
            "text_cl": "#666666",
            "text_fs": 17,
            "text_lh": 20,
            "text_fw": 400,
            "text_ls": 0,
            "text_mgb": 30,
            "font_italic": false,
            "text_shadow": false,
            "hidden_mobile": true,
            "text_fs_mb": 16,
            "text_lh_mb": 20,
            "text_ls_mb": 0,
            "text_mgb_mobile": 30,
            "animation": "fadeInLeft"
          }
        },
        "9aa9eac5-3bb3-4ae4-a096-be73655da4be": {
          "type": "custom_button",
          "settings": {
            "button_text": "Explore More",
            "button_link": "#",
            "target_link": "_self",
            "fontf": "inherit",
            "button_icon_w": 0,
            "button_style": "default",
            "button_effect": "fade",
            "pri_cl": "#79a206",
            "second_cl": "#ffffff",
            "pri_cl_hover": "#769b10",
            "second_cl_hover": "#ffffff",
            "fsbutton": 14,
            "fwbutton": 600,
            "button_ls": 0,
            "button_mh": 50,
            "button_bdr": 0,
            "button_pd_lr": 25,
            "button_mgb": 0,
            "hidden_mobile": false,
            "button_icon_w_mb": 0,
            "fsbutton_mb": 14,
            "button_mh_mb": 36,
            "button_pd_lr_mb": 15,
            "button_ls_mb": 0,
            "button_mgb_mb": 0,
            "animation": "fadeInUp"
          }
        },
        "9700ac7a-6403-4fe4-a7f0-902ce445ef88": {
          "type": "image_parent",
          "settings": {
            "image": "shopify:\/\/shop_images\/banner-slide-2.jpg",
            "image_position": "8",
            "cl_img": "",
            "link_img1": "",
            "open_link": "_blank",
            "animate_slide": "none",
            "text_align": "start",
            "text_align_mb": "start",
            "content_width": "container",
            "cv_pos": 50,
            "ch_pos": 0,
            "cv_pos_mb": 50,
            "ch_pos_mb": 10,
            "bg_overlay": "#000000",
            "bg_opacity": 0,
            "bg_content_cl": "#ffffff",
            "bg_content_op": 0,
            "content_pd_tb": 20,
            "content_pd_lr": 15,
            "content_pd_tb_mb": 10,
            "content_pd_lr_mb": 15,
            "border_bl": false,
            "br_color": "#222222",
            "br_bg": "#ffffff",
            "br_opacity": 50,
            "br_style": "solid",
            "br_pd": 20,
            "br_pd_mb": 10,
            "time_animation": 1,
            "animation_delay": 40
          }
        },
        "42d1a76c-0a08-4cbd-8f8c-ef54bad084ed": {
          "type": "custom_text",
          "settings": {
            "text": "FREE SHIPPING AVAILABLE!",
            "remove_br_tag": false,
            "fontf": "inherit",
            "text_cl": "#222222",
            "text_fs": 16,
            "text_lh": 26,
            "text_fw": 500,
            "text_ls": 0,
            "text_mgb": 0,
            "font_italic": false,
            "text_shadow": false,
            "hidden_mobile": false,
            "text_fs_mb": 16,
            "text_lh_mb": 24,
            "text_ls_mb": 0,
            "text_mgb_mobile": 10,
            "animation": "fadeInDown"
          }
        },
        "7b891377-7f83-4d41-8a82-7a61ad3e27ae": {
          "type": "custom_text",
          "settings": {
            "text": "Summer Plants<br> Makes You Happy",
            "remove_br_tag": false,
            "fontf": "2",
            "text_cl": "#2e2e2e",
            "text_fs": 60,
            "text_lh": 70,
            "text_fw": 600,
            "text_ls": 0,
            "text_mgb": 20,
            "font_italic": false,
            "text_shadow": false,
            "hidden_mobile": false,
            "text_fs_mb": 40,
            "text_lh_mb": 50,
            "text_ls_mb": 0,
            "text_mgb_mobile": 20,
            "animation": "fadeInLeft"
          }
        },
        "ecab5924-251e-4cc9-ae1f-480670a443b0": {
          "type": "space_html",
          "settings": {
            "color": "#222222",
            "width": 60,
            "height": 2,
            "mgb": 20,
            "width_mb": 40,
            "hidden_mobile": false,
            "height_mb": 2,
            "mgb_mb": 20,
            "animation": "none"
          }
        },
        "dd11ef3d-bdf9-4fae-bbdd-2650a7c2159d": {
          "type": "custom_text",
          "settings": {
            "text": "Plants Are Mainly Multicellular, Predominantly Photosynthetic <br>Eukaryotes Of The Kingdom Plantae.",
            "remove_br_tag": true,
            "fontf": "inherit",
            "text_cl": "#666666",
            "text_fs": 17,
            "text_lh": 30,
            "text_fw": 400,
            "text_ls": 0,
            "text_mgb": 20,
            "font_italic": false,
            "text_shadow": false,
            "hidden_mobile": true,
            "text_fs_mb": 16,
            "text_lh_mb": 24,
            "text_ls_mb": 0,
            "text_mgb_mobile": 10,
            "animation": "fadeInTopLeft"
          }
        },
        "7e205e33-6d1e-4636-96c8-0810eb769222": {
          "type": "custom_button",
          "settings": {
            "button_text": "Discover More",
            "button_link": "#",
            "target_link": "_self",
            "fontf": "inherit",
            "button_icon_w": 0,
            "button_style": "default",
            "button_effect": "fade",
            "pri_cl": "#79a206",
            "second_cl": "#ffffff",
            "pri_cl_hover": "#769b10",
            "second_cl_hover": "#ffffff",
            "fsbutton": 14,
            "fwbutton": 600,
            "button_ls": 0,
            "button_mh": 50,
            "button_bdr": 0,
            "button_pd_lr": 25,
            "button_mgb": 0,
            "hidden_mobile": false,
            "button_icon_w_mb": 0,
            "fsbutton_mb": 14,
            "button_mh_mb": 40,
            "button_pd_lr_mb": 15,
            "button_ls_mb": 0,
            "button_mgb_mb": 0,
            "animation": "bounceInUp"
          }
        }
      },
      "block_order": [
        "1011d7f1-8801-42f9-b6da-7e724aab0d5f",
        "169d161a-43a1-419d-9668-8e782ba928ba",
        "f3245dff-94e4-44b2-a04c-ec1d214e1abe",
        "9d8c1be7-39f5-4eb1-aa72-a13df06b9321",
        "ef01bf9d-c1d9-4a07-be8b-bc64a4593326",
        "9aa9eac5-3bb3-4ae4-a096-be73655da4be",
        "9700ac7a-6403-4fe4-a7f0-902ce445ef88",
        "42d1a76c-0a08-4cbd-8f8c-ef54bad084ed",
        "7b891377-7f83-4d41-8a82-7a61ad3e27ae",
        "ecab5924-251e-4cc9-ae1f-480670a443b0",
        "dd11ef3d-bdf9-4fae-bbdd-2650a7c2159d",
        "7e205e33-6d1e-4636-96c8-0810eb769222"
      ],
      "settings": {
        "se_height": "t4s_ratio_cuspx",
        "custom_dk": true,
        "height_dk": 950,
        "custom_tb": true,
        "height_tb": 640,
        "custom_mb": true,
        "height_mb": 480,
        "eff": "slide",
        "loop": true,
        "au_time": 0,
        "au_hover": true,
        "nav_btn": false,
        "btn_vi": "hover",
        "btn_owl": "default",
        "btn_shape": "none",
        "btn_cl": "dark",
        "btn_size": "small",
        "btn_hidden_mobile": false,
        "nav_dot": true,
        "dot_owl": "default",
        "dots_cl": "dark",
        "dots_round": true,
        "dots_space": 10,
        "dots_hidden_mobile": false,
        "layout": "t4s-container-fluid",
        "cl_bg": "",
        "cl_bg_gradient": "",
        "mg": ",,50px,",
        "pd": "",
        "mg_mb": ",,50px,",
        "pd_mb": "",
        "use_cus_css": false,
        "code_cus_css": ".SectionID {\nbackground-color:red\n}"
      }
    },
    "1646812890d23423fa": {
      "type": "collections-list-manual",
      "blocks": {
        "16468128904b7c25a6-0": {
          "type": "collection_item",
          "settings": {
            "collection": "shirt",
            "image": "shopify:\/\/shop_images\/Category-Banner-01.jpg",
            "collection_title": "Office Plants",
            "collection_link": ""
          }
        },
        "16468128904b7c25a6-1": {
          "type": "collection_item",
          "settings": {
            "collection": "shirt",
            "image": "shopify:\/\/shop_images\/Category-Banner-04.jpg",
            "collection_title": "Cactus",
            "collection_link": ""
          }
        },
        "16468128904b7c25a6-2": {
          "type": "collection_item",
          "settings": {
            "collection": "shirt",
            "image": "shopify:\/\/shop_images\/Category-Banner-05.jpg",
            "collection_title": "Indoor",
            "collection_link": ""
          }
        },
        "5984eaf1-5530-407d-8d87-61bc9ab79965": {
          "type": "collection_item",
          "settings": {
            "collection": "",
            "image": "shopify:\/\/shop_images\/Category-Banner-03.jpg",
            "collection_title": "House Plants",
            "collection_link": ""
          }
        },
        "609b0d70-fd8f-4b12-bc65-4c428e82ffa8": {
          "type": "collection_item",
          "settings": {
            "collection": "shirt",
            "image": "shopify:\/\/shop_images\/Category-Banner-02.jpg",
            "collection_title": "Garden Plant",
            "collection_link": ""
          }
        }
      },
      "block_order": [
        "16468128904b7c25a6-0",
        "16468128904b7c25a6-1",
        "16468128904b7c25a6-2",
        "5984eaf1-5530-407d-8d87-61bc9ab79965",
        "609b0d70-fd8f-4b12-bc65-4c428e82ffa8"
      ],
      "settings": {
        "design_heading": "1",
        "heading_align": "t4s-text-center",
        "top_heading": "",
        "icon_heading": "las la-gem",
        "top_subheading": "",
        "tophead_mb": 30,
        "collection_des": "1",
        "title_cl": "#ffffff",
        "title_cl_hover": "#222222",
        "subtitle_cl": "#878787",
        "count_cl": "#222222",
        "border_cl": "#e5e5e5",
        "collection_subtitle": "Products",
        "open_link": "_self",
        "space_bottom": 20,
        "space_bottom_mb": 10,
        "border": false,
        "item_rd": 0,
        "img_effect": "zoom",
        "b_effect": "none",
        "image_position": "8",
        "coll_layout": "6",
        "layout": "t4s-container-wrap",
        "cl_bg": "",
        "cl_bg_gradient": "",
        "mg": ",,50px,",
        "pd": "",
        "mg_mb": ",,50px,",
        "pd_mb": "",
        "use_cus_css": true,
        "code_cus_css": "#MainContent .t4s-collection-item .t4s-cate-wrapper .t4s-cat-title {\n    position: relative;\n    z-index: 2;\n    font-size: 17px;\n    font-weight: 500;\n    letter-spacing: 1px;\n}"
      }
    },
    "164681315318e59067": {
      "type": "custom-section",
      "blocks": {
        "16468131539eeac0eb-0": {
          "type": "bl_col",
          "settings": {
            "col_dk": "12",
            "col_tb": "12",
            "col_mb": "12",
            "align_vertical": true,
            "content_align": "center",
            "content_align_mobile": "center",
            "padding_inner": "30px,,30px",
            "padding_inner_mb": "",
            "bg_cl": "rgba(0,0,0,0)"
          }
        },
        "16468131539eeac0eb-1": {
          "type": "custom_text",
          "settings": {
            "text": "Fascinating Plants",
            "remove_br_tag": false,
            "fontf": "2",
            "text_cl": "#222222",
            "text_fs": 40,
            "text_lh": 60,
            "text_fw": 600,
            "text_ls": 0,
            "font_italic": false,
            "text_shadow": false,
            "text_mgb": 10,
            "hidden_mobile": false,
            "text_fs_mb": 35,
            "text_lh_mb": 40,
            "text_ls_mb": 0,
            "text_mgb_mobile": 10
          }
        },
        "56505f86-82e1-43ec-abb0-e582123299a9": {
          "type": "space_html",
          "settings": {
            "color": "#79a206",
            "width": 40,
            "height": 2,
            "mgb": 10,
            "width_mb": 40,
            "hidden_mobile": false,
            "height_mb": 2,
            "mgb_mb": 10
          }
        },
        "16468131539eeac0eb-2": {
          "type": "custom_text",
          "settings": {
            "text": "Buy High Quality Products To Ensure The Best Quality For Your Health",
            "remove_br_tag": false,
            "fontf": "1",
            "text_cl": "#2e2e2e",
            "text_fs": 16,
            "text_lh": 24,
            "text_fw": 400,
            "text_ls": 0,
            "font_italic": false,
            "text_shadow": false,
            "text_mgb": 0,
            "hidden_mobile": false,
            "text_fs_mb": 15,
            "text_lh_mb": 24,
            "text_ls_mb": 0,
            "text_mgb_mobile": 10
          }
        }
      },
      "block_order": [
        "16468131539eeac0eb-0",
        "16468131539eeac0eb-1",
        "56505f86-82e1-43ec-abb0-e582123299a9",
        "16468131539eeac0eb-2"
      ],
      "settings": {
        "space_h_item": "30",
        "space_v_item": "30",
        "space_h_item_mb": "10",
        "space_v_item_mb": "10",
        "layout": "t4s-container-wrap",
        "cl_bg": "",
        "cl_bg_gradient": "",
        "mg": "0",
        "pd": "",
        "mg_mb": "0",
        "pd_mb": "",
        "use_cus_css": false,
        "code_cus_css": ".SectionID {\nbackground-color:red\n}"
      }
    },
    "16468133992f4a3383": {
      "type": "featured-collection",
      "settings": {
        "design_heading": "1",
        "heading_align": "t4s-text-center",
        "top_heading": "",
        "icon_heading": "las la-gem",
        "top_subheading": "",
        "tophead_mb": 30,
        "collection": "plant",
        "product_des": "1",
        "show_vendor": false,
        "image_ratio": "rationt",
        "image_size": "cover",
        "image_position": "8",
        "content_align": "default",
        "limit": 8,
        "col_dk": "4",
        "col_tb": "2",
        "col_mb": "2",
        "space_h_item": "30",
        "space_v_item": "30",
        "space_h_item_mb": "10",
        "space_v_item_mb": "10",
        "layout_des": "2",
        "loop": true,
        "au_time": 0,
        "au_hover": true,
        "nav_btn": true,
        "btn_vi": "always",
        "btn_owl": "outline",
        "btn_shape": "round",
        "btn_cl": "dark",
        "btn_size": "small",
        "btn_hidden_mobile": false,
        "nav_dot": false,
        "dot_owl": "default",
        "dots_cl": "dark",
        "dots_round": false,
        "dots_space": 10,
        "dots_hidden_mobile": false,
        "use_pagination": "none",
        "enable_bar_lm": true,
        "btn_icon": false,
        "button_style": "default",
        "btns_size": "medium",
        "btns_cl": "default",
        "button_effect": "fade",
        "btn_pos": "t4s-text-center",
        "layout": "t4s-container-wrap",
        "cl_bg": "",
        "cl_bg_gradient": "",
        "mg": ",,80px,",
        "pd": "",
        "mg_mb": ",,50px,",
        "pd_mb": "",
        "use_cus_css": false,
        "code_cus_css": ".SectionID {\nbackground-color:red\n}"
      }
    },
    "1646163880b1694b87": {
      "type": "hero_image",
      "blocks": {
        "5826930c-9edf-43bb-b54a-e124b2e3a442": {
          "type": "custom_text",
          "settings": {
            "text": "SALE UPTO 50% DISCOUNT NOW!",
            "remove_br_tag": false,
            "fontf": "inherit",
            "text_cl": "#ffffff",
            "text_fs": 13,
            "text_lh": 23,
            "text_fw": 500,
            "text_ls": 2.7,
            "text_mgb": 15,
            "font_italic": false,
            "text_shadow": false,
            "hidden_mobile": false,
            "text_fs_mb": 13,
            "text_lh_mb": 0,
            "text_ls_mb": 0,
            "text_mgb_mobile": 10,
            "animation": "none"
          }
        },
        "9f6c24d0-6c5c-4717-a9a1-6fe5c715979d": {
          "type": "custom_text",
          "settings": {
            "text": "Spring Houseplant<br>\nThe Perfact Choice!",
            "remove_br_tag": false,
            "fontf": "2",
            "text_cl": "#ffffff",
            "text_fs": 60,
            "text_lh": 70,
            "text_fw": 400,
            "text_ls": 0,
            "text_mgb": 40,
            "font_italic": false,
            "text_shadow": false,
            "hidden_mobile": false,
            "text_fs_mb": 35,
            "text_lh_mb": 40,
            "text_ls_mb": 0,
            "text_mgb_mobile": 20,
            "animation": "none"
          }
        },
        "820dc589-79d1-46ab-8661-1b48ce5e81f8": {
          "type": "space_html",
          "settings": {
            "color": "#ffffff",
            "width": 60,
            "height": 2,
            "mgb": 40,
            "width_mb": 40,
            "hidden_mobile": false,
            "height_mb": 2,
            "mgb_mb": 20,
            "animation": "none"
          }
        },
        "274f35d9-69d9-4662-bcfa-81e097932ace": {
          "type": "custom_text",
          "settings": {
            "text": "Plants Gonna Make People Happy - Garden From<br>\nOur Heart, Terrarium, Bell & Accessories.",
            "remove_br_tag": true,
            "fontf": "inherit",
            "text_cl": "#ffffff",
            "text_fs": 17,
            "text_lh": 30,
            "text_fw": 400,
            "text_ls": 0,
            "text_mgb": 30,
            "font_italic": false,
            "text_shadow": false,
            "hidden_mobile": false,
            "text_fs_mb": 15,
            "text_lh_mb": 24,
            "text_ls_mb": 0,
            "text_mgb_mobile": 20,
            "animation": "none"
          }
        },
        "eebcd00a-b8b9-408b-ae15-9fb2122b268d": {
          "type": "custom_button",
          "settings": {
            "button_text": "Discover Plants",
            "button_link": "shopify:\/\/collections",
            "target_link": "_self",
            "fontf": "inherit",
            "button_icon_w": 0,
            "button_style": "default",
            "button_effect": "fade",
            "pri_cl": "#79a206",
            "second_cl": "#ffffff",
            "pri_cl_hover": "#769b10",
            "second_cl_hover": "#ffffff",
            "fsbutton": 14,
            "fwbutton": 600,
            "button_ls": 0,
            "button_mh": 40,
            "button_bdr": 0,
            "button_pd_lr": 20,
            "button_mgb": 0,
            "hidden_mobile": false,
            "button_icon_w_mb": 0,
            "fsbutton_mb": 14,
            "button_mh_mb": 36,
            "button_pd_lr_mb": 15,
            "button_ls_mb": 0,
            "button_mgb_mb": 0,
            "animation": "none"
          }
        }
      },
      "block_order": [
        "5826930c-9edf-43bb-b54a-e124b2e3a442",
        "9f6c24d0-6c5c-4717-a9a1-6fe5c715979d",
        "820dc589-79d1-46ab-8661-1b48ce5e81f8",
        "274f35d9-69d9-4662-bcfa-81e097932ace",
        "eebcd00a-b8b9-408b-ae15-9fb2122b268d"
      ],
      "settings": {
        "se_height": "t4s_ratio_cuspx",
        "custom_dk": true,
        "height_dk": 1070,
        "custom_tb": true,
        "height_tb": 400,
        "custom_mb": true,
        "height_mb": 400,
        "image": "shopify:\/\/shop_images\/Parallex-Banner.jpg",
        "parallax": true,
        "image_position": "8",
        "link_img1": "",
        "open_link": "_blank",
        "text_align": "center",
        "text_align_mb": "center",
        "content_width": "t4s-container",
        "cv_pos": 50,
        "ch_pos": 50,
        "cv_pos_mb": 50,
        "ch_pos_mb": 50,
        "bg_overlay": "#000000",
        "bg_opacity": 0,
        "bg_content_cl": "#ffffff",
        "bg_content_op": 50,
        "content_pd_tb": 20,
        "content_pd_lr": 20,
        "content_pd_tb_mb": 20,
        "content_pd_lr_mb": 20,
        "border_bl": false,
        "br_color": "#222222",
        "br_bg": "#ffffff",
        "br_opacity": 50,
        "br_style": "solid",
        "br_pd": 20,
        "br_pd_mb": 10,
        "time_animation": 1,
        "animation_delay": 40,
        "layout": "t4s-container-fluid",
        "cl_bg": "",
        "cl_bg_gradient": "",
        "mg": ",,50px,",
        "pd": "",
        "mg_mb": ",,50px,",
        "pd_mb": "",
        "use_cus_css": false,
        "code_cus_css": ".SectionID {\nbackground-color:red\n}"
      }
    },
    "1646813504d41da585": {
      "type": "collection-group",
      "blocks": {
        "1646813504ec79fef8-0": {
          "type": "product",
          "settings": {
            "heading": "Top Featured Plants",
            "collection": "plant-2",
            "content_align": "default",
            "limit": 3,
            "space_v_item": "20",
            "space_v_item_mb": "20"
          }
        },
        "1646813504ec79fef8-1": {
          "type": "product",
          "settings": {
            "heading": "Best Seller Plants",
            "collection": "plant",
            "content_align": "default",
            "limit": 3,
            "space_v_item": "20",
            "space_v_item_mb": "10"
          }
        },
        "1646813504ec79fef8-2": {
          "type": "product",
          "settings": {
            "heading": "Top Rated Plants",
            "collection": "plant-2",
            "content_align": "default",
            "limit": 3,
            "space_v_item": "20",
            "space_v_item_mb": "10"
          }
        }
      },
      "block_order": [
        "1646813504ec79fef8-0",
        "1646813504ec79fef8-1",
        "1646813504ec79fef8-2"
      ],
      "settings": {
        "design_heading": "1",
        "heading_align": "t4s-text-center",
        "top_heading": "",
        "icon_heading": "las la-gem",
        "top_subheading": "",
        "tophead_mb": 30,
        "image_ratio": "ratioadapt",
        "image_size": "cover",
        "image_position": "8",
        "col_dk": "3",
        "col_tb": "3",
        "col_mb": "1",
        "space_h_item": "30",
        "space_v_item": "30",
        "space_h_item_mb": "10",
        "space_v_item_mb": "30",
        "layout": "t4s-container-wrap",
        "cl_bg": "",
        "cl_bg_gradient": "",
        "mg": ",,80px,",
        "pd": "",
        "mg_mb": ",,50px,",
        "pd_mb": "",
        "use_cus_css": true,
        "code_cus_css": ".t4s-product.t4s-pr-group .t4s-product-title a {\n    font-size: 14px;\n    font-family: var(--font-body-family);\n    font-weight: 500;\n}"
      }
    },
    "16468137920f809235": {
      "type": "banner",
      "blocks": {
        "1646813791a03d0d5a-0": {
          "type": "b_item",
          "settings": {
            "custom_dk": true,
            "height_dk": 600,
            "custom_tb": true,
            "height_tb": 400,
            "custom_mb": true,
            "height_mb": 300,
            "image": "shopify:\/\/shop_images\/Offer-Banner-01.jpg",
            "b_link": "#",
            "open_link": "_self",
            "img_effect": "zoom",
            "b_effect": "none",
            "col_dk": "6",
            "col_tb": "6",
            "col_mb": "12",
            "content_align": "start",
            "content_align_mobile": "start",
            "content_width": "auto",
            "cv_pos": 50,
            "ch_pos": 15,
            "cv_pos_mb": 50,
            "ch_pos_mb": 10,
            "bg_overlay": "#000000",
            "bg_opacity": 0,
            "bg_content_bl": false,
            "bg_content_cl": "#ffffff",
            "bg_content_op": 0,
            "content_pd_tb": 20,
            "content_pd_lr": 20,
            "content_pd_tb_mb": 10,
            "content_pd_lr_mb": 10,
            "border_bl": false,
            "br_color": "#222222",
            "br_bg": "#ffffff",
            "br_opacity": 50,
            "br_style": "solid",
            "br_pd": 20,
            "br_pd_mb": 10,
            "time_animation": 1,
            "animation_delay": 40
          }
        },
        "1646813791a03d0d5a-1": {
          "type": "custom_text",
          "settings": {
            "text": "DISCOUNT AVAILABLE",
            "remove_br_tag": false,
            "fontf": "inherit",
            "text_cl": "#222222",
            "text_fs": 14,
            "text_lh": 24,
            "text_fw": 400,
            "text_ls": 2,
            "font_italic": false,
            "text_shadow": false,
            "text_mgb": 10,
            "hidden_mobile": false,
            "text_fs_mb": 16,
            "text_lh_mb": 0,
            "text_ls_mb": 0,
            "text_mgb_mobile": 10,
            "animation": "none"
          }
        },
        "1646813791a03d0d5a-2": {
          "type": "custom_text",
          "settings": {
            "text": "Summer Plant<br>\nCollection 2022",
            "remove_br_tag": false,
            "fontf": "2",
            "text_cl": "#000000",
            "text_fs": 30,
            "text_lh": 40,
            "text_fw": 600,
            "text_ls": 0,
            "font_italic": false,
            "text_shadow": false,
            "text_mgb": 20,
            "hidden_mobile": false,
            "text_fs_mb": 25,
            "text_lh_mb": 34,
            "text_ls_mb": 0,
            "text_mgb_mobile": 10,
            "animation": "none"
          }
        },
        "6f35202d-09bf-4fc9-b0f8-f8bb6e7211ca": {
          "type": "custom_button",
          "settings": {
            "button_text": "Explorer More",
            "button_link": "#",
            "target_link": "_self",
            "fontf": "inherit",
            "button_icon_w": 14,
            "button_style": "link",
            "button_effect": "fade",
            "pri_cl": "#222222",
            "second_cl": "",
            "pri_cl_hover": "#79a206",
            "second_cl_hover": "#ffffff",
            "fsbutton": 16,
            "fwbutton": 600,
            "button_ls": 0,
            "button_mh": 42,
            "button_bdr": 0,
            "button_pd_lr": 30,
            "button_mgb": 0,
            "hidden_mobile": false,
            "button_icon_w_mb": 0,
            "fsbutton_mb": 12,
            "button_mh_mb": 36,
            "button_pd_lr_mb": 15,
            "button_ls_mb": 0,
            "button_mgb_mb": 0,
            "animation": "none"
          }
        },
        "1646813791a03d0d5a-3": {
          "type": "b_item",
          "settings": {
            "custom_dk": true,
            "height_dk": 600,
            "custom_tb": true,
            "height_tb": 400,
            "custom_mb": true,
            "height_mb": 300,
            "image": "shopify:\/\/shop_images\/Offer-Banner-02.jpg",
            "b_link": "#",
            "open_link": "_self",
            "img_effect": "zoom",
            "b_effect": "none",
            "col_dk": "6",
            "col_tb": "6",
            "col_mb": "12",
            "content_align": "start",
            "content_align_mobile": "start",
            "content_width": "auto",
            "cv_pos": 50,
            "ch_pos": 15,
            "cv_pos_mb": 50,
            "ch_pos_mb": 10,
            "bg_overlay": "#000000",
            "bg_opacity": 0,
            "bg_content_bl": true,
            "bg_content_cl": "#ffffff",
            "bg_content_op": 0,
            "content_pd_tb": 20,
            "content_pd_lr": 0,
            "content_pd_tb_mb": 20,
            "content_pd_lr_mb": 0,
            "border_bl": false,
            "br_color": "#222222",
            "br_bg": "#ffffff",
            "br_opacity": 50,
            "br_style": "solid",
            "br_pd": 20,
            "br_pd_mb": 10,
            "time_animation": 1,
            "animation_delay": 40
          }
        },
        "1646813791a03d0d5a-4": {
          "type": "custom_text",
          "settings": {
            "text": "GET FREE SHIPPING",
            "remove_br_tag": false,
            "fontf": "1",
            "text_cl": "#222222",
            "text_fs": 14,
            "text_lh": 24,
            "text_fw": 400,
            "text_ls": 2,
            "font_italic": false,
            "text_shadow": false,
            "text_mgb": 10,
            "hidden_mobile": false,
            "text_fs_mb": 16,
            "text_lh_mb": 0,
            "text_ls_mb": 0,
            "text_mgb_mobile": 10,
            "animation": "none"
          }
        },
        "1646813791a03d0d5a-5": {
          "type": "custom_text",
          "settings": {
            "text": "Trending Plant<br>\nSale Of The Day",
            "remove_br_tag": false,
            "fontf": "2",
            "text_cl": "#000000",
            "text_fs": 30,
            "text_lh": 40,
            "text_fw": 600,
            "text_ls": 0,
            "font_italic": false,
            "text_shadow": false,
            "text_mgb": 20,
            "hidden_mobile": false,
            "text_fs_mb": 25,
            "text_lh_mb": 34,
            "text_ls_mb": 0,
            "text_mgb_mobile": 10,
            "animation": "none"
          }
        },
        "a8f8cd44-2dfa-479b-be1d-0fe3bab2cd26": {
          "type": "custom_button",
          "settings": {
            "button_text": "Explorer More",
            "button_link": "#",
            "target_link": "_self",
            "fontf": "inherit",
            "button_icon_w": 14,
            "button_style": "link",
            "button_effect": "fade",
            "pri_cl": "#222222",
            "second_cl": "",
            "pri_cl_hover": "#56cfe1",
            "second_cl_hover": "#ffffff",
            "fsbutton": 16,
            "fwbutton": 600,
            "button_ls": 0,
            "button_mh": 42,
            "button_bdr": 0,
            "button_pd_lr": 30,
            "button_mgb": 0,
            "hidden_mobile": false,
            "button_icon_w_mb": 0,
            "fsbutton_mb": 12,
            "button_mh_mb": 36,
            "button_pd_lr_mb": 15,
            "button_ls_mb": 0,
            "button_mgb_mb": 0,
            "animation": "none"
          }
        }
      },
      "block_order": [
        "1646813791a03d0d5a-0",
        "1646813791a03d0d5a-1",
        "1646813791a03d0d5a-2",
        "6f35202d-09bf-4fc9-b0f8-f8bb6e7211ca",
        "1646813791a03d0d5a-3",
        "1646813791a03d0d5a-4",
        "1646813791a03d0d5a-5",
        "a8f8cd44-2dfa-479b-be1d-0fe3bab2cd26"
      ],
      "settings": {
        "image_ratio": "ratioadapt",
        "image_size": "cover",
        "image_position": "8",
        "equal_height": false,
        "space_h_item": "30",
        "space_v_item": "30",
        "space_h_item_mb": "10",
        "space_v_item_mb": "10",
        "layout": "t4s-container-wrap",
        "cl_bg": "",
        "cl_bg_gradient": "",
        "mg": ",,50px,",
        "pd": "",
        "mg_mb": ",,30px,",
        "pd_mb": "",
        "use_cus_css": false,
        "code_cus_css": ".SectionID {\nbackground-color:red\n}"
      }
    },
    "1646814450bded4afb": {
      "type": "logo_list",
      "blocks": {
        "1646814450018d35cd-0": {
          "type": "logo_item",
          "settings": {
            "image": "shopify:\/\/shop_images\/brand-img-3.png",
            "url": "#"
          }
        },
        "1646814450018d35cd-1": {
          "type": "logo_item",
          "settings": {
            "image": "shopify:\/\/shop_images\/brand-img.png",
            "url": ""
          }
        },
        "1646814450018d35cd-2": {
          "type": "logo_item",
          "settings": {
            "image": "shopify:\/\/shop_images\/brand-img-4.png",
            "url": ""
          }
        },
        "1646814450018d35cd-3": {
          "type": "logo_item",
          "settings": {
            "image": "shopify:\/\/shop_images\/brand-img-1.png",
            "url": ""
          }
        },
        "1646814450018d35cd-4": {
          "type": "logo_item",
          "settings": {
            "image": "shopify:\/\/shop_images\/brand-img-2.png",
            "url": ""
          }
        },
        "1646814450018d35cd-5": {
          "type": "logo_item",
          "settings": {
            "image": "shopify:\/\/shop_images\/brand-img-3.png",
            "url": ""
          }
        }
      },
      "block_order": [
        "1646814450018d35cd-0",
        "1646814450018d35cd-1",
        "1646814450018d35cd-2",
        "1646814450018d35cd-3",
        "1646814450018d35cd-4",
        "1646814450018d35cd-5"
      ],
      "settings": {
        "design_heading": "1",
        "heading_align": "t4s-text-center",
        "top_heading": "",
        "icon_heading": "las la-gem",
        "top_subheading": "",
        "tophead_mb": 30,
        "img_effect": "bounceIn",
        "b_effect": "none",
        "open_link": "_blank",
        "layout_des": "2",
        "click_image": "data-goto",
        "nav_thumbs": true,
        "col_dk": "6",
        "col_tb": "2",
        "col_mb": "2",
        "space_item": "30",
        "space_item_mb": "30",
        "loop": true,
        "au_time": 0,
        "au_hover": true,
        "nav_btn": false,
        "btn_vi": "hover",
        "btn_owl": "default",
        "btn_shape": "none",
        "btn_cl": "dark",
        "btn_size": "small",
        "btn_hidden_mobile": false,
        "nav_dot": true,
        "dot_owl": "default",
        "dots_cl": "dark",
        "dots_round": true,
        "dots_space": 10,
        "dots_hidden_mobile": false,
        "layout": "t4s-container-wrap",
        "cl_bg": "",
        "cl_bg_gradient": "",
        "mg": ",,50px,",
        "pd": "",
        "mg_mb": ",,30px,",
        "pd_mb": "",
        "use_cus_css": true,
        "code_cus_css": "ol.flickityt4s-page-dots li:first-child:last-child {\n    display: none;\n}"
      }
    },
    "164681468530adcf40": {
      "type": "custom-section",
      "blocks": {
        "16468146847de27762-0": {
          "type": "bl_col",
          "settings": {
            "col_dk": "12",
            "col_tb": "6",
            "col_mb": "12",
            "align_vertical": true,
            "content_align": "center",
            "content_align_mobile": "center",
            "padding_inner": "0",
            "padding_inner_mb": "0",
            "bg_cl": "rgba(0,0,0,0)"
          }
        },
        "16468146847de27762-1": {
          "type": "custom_text",
          "settings": {
            "text": "Get Update Of Exclusive Deals & New Plant",
            "remove_br_tag": true,
            "fontf": "2",
            "text_cl": "#ffffff",
            "text_fs": 40,
            "text_lh": 50,
            "text_fw": 600,
            "text_ls": 0,
            "font_italic": false,
            "text_shadow": false,
            "text_mgb": 15,
            "hidden_mobile": false,
            "text_fs_mb": 25,
            "text_lh_mb": 34,
            "text_ls_mb": 0,
            "text_mgb_mobile": 15
          }
        },
        "3faf8ba6-c52f-49c7-8416-0c5c58cc5cdc": {
          "type": "space_html",
          "settings": {
            "color": "#79a206",
            "width": 40,
            "height": 2,
            "mgb": 0,
            "width_mb": 40,
            "hidden_mobile": false,
            "height_mb": 2,
            "mgb_mb": 10
          }
        },
        "3cbe9a92-6b6c-4051-864a-6609b6626d29": {
          "type": "bl_col",
          "settings": {
            "col_dk": "3",
            "col_tb": "6",
            "col_mb": "12",
            "align_vertical": true,
            "content_align": "center",
            "content_align_mobile": "center",
            "padding_inner": "",
            "padding_inner_mb": "",
            "bg_cl": "rgba(0,0,0,0)"
          }
        },
        "5485f766-2020-4144-85c0-29389aa9af50": {
          "type": "bl_col",
          "settings": {
            "col_dk": "6",
            "col_tb": "6",
            "col_mb": "12",
            "align_vertical": true,
            "content_align": "start",
            "content_align_mobile": "start",
            "padding_inner": "",
            "padding_inner_mb": "",
            "bg_cl": "rgba(0,0,0,0)"
          }
        },
        "16468146847de27762-4": {
          "type": "newsletter",
          "settings": {
            "form_width": 0,
            "form_width_mb": 0,
            "newl_des": "2",
            "news_align": "default",
            "newl_size": "medium",
            "btn_icon": false,
            "input_cl": "#dddddd",
            "border_cl": "#ffffff",
            "btn_cl": "#ffffff",
            "btn_bg_cl": "#222222",
            "btn_hover_cl": "#ffffff",
            "btn_hover_bg_cl": "#79a206",
            "hidden_mobile": false,
            "mgb": 15,
            "mgb_mb": 10,
            "animation": "none"
          }
        }
      },
      "block_order": [
        "16468146847de27762-0",
        "16468146847de27762-1",
        "3faf8ba6-c52f-49c7-8416-0c5c58cc5cdc",
        "3cbe9a92-6b6c-4051-864a-6609b6626d29",
        "5485f766-2020-4144-85c0-29389aa9af50",
        "16468146847de27762-4"
      ],
      "settings": {
        "space_h_item": "30",
        "space_v_item": "30",
        "space_h_item_mb": "10",
        "space_v_item_mb": "10",
        "layout": "t4s-container-wrap",
        "cl_bg": "",
        "cl_bg_gradient": "",
        "image_bg": "shopify:\/\/shop_images\/Subscription-Banner.jpg",
        "mg": ",,0px,",
        "pd": "200px,20px,200px,",
        "mg_mb": ",,0px,",
        "pd_mb": "50px,10px,50px,10px,",
        "use_cus_css": true,
        "code_cus_css": "div.t4s-section-inner.t4s-has-imgbg {\n    background-attachment: fixed;\n}"
      }
    }
  },
  "order": [
    "1646631809432fc801",
    "1646812890d23423fa",
    "164681315318e59067",
    "16468133992f4a3383",
    "1646163880b1694b87",
    "1646813504d41da585",
    "16468137920f809235",
    "1646814450bded4afb",
    "164681468530adcf40"
  ]
}