{
  "current": {
    "logo": "shopify:\/\/shop_images\/kalles_d960719e-58c7-425c-a320-38968bd766e4.png",
    "heading_color": "#2e2e2e",
    "accent_color": "#79a206",
    "link_color_hover": "#79a206",
    "font_source": "1",
    "fnt_fm_sp1": "poppins_n4",
    "fnt_fm_sp2": "futura_n4",
    "fnt_fm_gg2": "Futura",
    "bd_fweight": 400,
    "hd_fweight": 600,
    "show_qty": false,
    "filter_type_search": true,
    "show_search_suggest": true,
    "search_prs_suggest": "plant-2",
    "size_currency": "sm",
    "social_facebook_link": "#",
    "social_twitter_link": "#",
    "social_instagram_link": "#",
    "social_dribbble_link": "#",
    "social_linkedin_link": "#",
    "favicon": "shopify:\/\/shop_images\/k-fav.jpg",
    "pr_title_color_hover": "#79a206",
    "price_color": "#2e2e2e",
    "price_sale_color": "#79a206",
    "size_pr": 19,
    "fw_pr": 500,
    "size_price_pr": 17.5,
    "sections": {
      "footer": {
        "type": "footer",
        "blocks": {
          "footer-0": {
            "type": "bl_col",
            "settings": {
              "col_heading": "Get in touch",
              "menu": "",
              "menu_style": "1",
              "col_dk": "3",
              "col_tb": "6",
              "col_mb": "12",
              "content_align": "t4s-text-md-start",
              "padding_inner": "",
              "col_heading_mobile": "",
              "content_align_mb": "t4s-text-start",
              "padding_inner_mb": ""
            }
          },
          "footer-2": {
            "type": "html",
            "settings": {
              "html_content": "<p style=\"display:flex\"><svg style=\"width: 30px;height: 30px;vertical-align: middle;margin-right: 5px;\" viewbox=\"0 0 32 32\" width=\"32\" height=\"32\"><path fill=\"currentColor\" d=\"M 16.001 1.072 c 5.291 0 9.596 4.305 9.596 9.597 c 0 1.683 -0.446 3.341 -1.29 4.799 l -8.307 14.394 l -8.308 -14.395 c -0.843 -1.456 -1.289 -3.115 -1.289 -4.798 c 0 -5.292 4.305 -9.597 9.597 -9.597 Z M 16.001 14.4 c 2.058 0 3.731 -1.674 3.731 -3.731 s -1.674 -3.731 -3.731 -3.731 c -2.058 0 -3.732 1.674 -3.732 3.731 s 1.674 3.731 3.732 3.731 Z M 16.001 0.006 c -5.889 0 -10.663 4.775 -10.663 10.663 c 0 1.945 0.523 3.762 1.432 5.332 l 9.23 15.994 l 9.23 -15.994 c 0.909 -1.57 1.432 -3.387 1.432 -5.332 c 0 -5.888 -4.774 -10.663 -10.662 -10.663 v 0 Z M 16.001 13.334 c -1.472 0 -2.666 -1.193 -2.666 -2.665 c 0 -1.471 1.194 -2.665 2.666 -2.665 s 2.665 1.194 2.665 2.665 c 0 1.472 -1.193 2.665 -2.665 2.665 v 0 Z\"><\/path><\/svg><span>184 Main Rd E, St Albans VIC 3021, Australia<\/span><\/p> <p style=\"display:flex\"><svg style=\"width: 24px;height: 24px;vertical-align: middle;margin-right: 5px;\" viewbox=\"0 0 32 32\" width=\"32\" height=\"32\"><path fill=\"currentColor\" d=\"M 28.244 7.47 h -25.572 v 17.06 h 26.656 v -17.06 h -1.084 Z M 27.177 8.536 l -10.298 10.298 c -0.47 0.47 -1.289 0.47 -1.759 0 l -10.3 -10.298 h 22.356 Z M 3.738 8.961 l 6.923 6.922 l -6.923 6.923 v -13.846 Z M 4.589 23.464 l 6.827 -6.826 l 2.951 2.95 c 0.436 0.436 1.016 0.677 1.633 0.677 s 1.197 -0.241 1.633 -0.677 l 2.951 -2.951 l 6.826 6.826 h -22.822 Z M 28.262 22.807 l -6.923 -6.924 l 6.923 -6.924 v 13.848 Z\"><\/path><\/svg><span>contact@company.com<\/span><\/p>\n<p style=\"display:flex\"><svg style=\"width: 24px;height: 24px;vertical-align: middle;margin-right: 5px;\" viewbox=\"0 0 32 32\" width=\"32\" height=\"32\"><path fill=\"currentColor\" d=\"M 23.407 30.394 c -2.431 0 -8.341 -3.109 -13.303 -9.783 c -4.641 -6.242 -6.898 -10.751 -6.898 -13.785 c 0 -2.389 1.65 -3.529 2.536 -4.142 l 0.219 -0.153 c 0.979 -0.7 2.502 -0.927 3.086 -0.927 c 1.024 0 1.455 0.599 1.716 1.121 c 0.222 0.442 2.061 4.39 2.247 4.881 c 0.286 0.755 0.192 1.855 -0.692 2.488 l -0.155 0.108 c -0.439 0.304 -1.255 0.869 -1.368 1.557 c -0.055 0.334 0.057 0.684 0.342 1.068 c 1.423 1.918 5.968 7.55 6.787 8.314 c 0.642 0.6 1.455 0.685 2.009 0.218 c 0.573 -0.483 0.828 -0.768 0.83 -0.772 l 0.059 -0.057 c 0.048 -0.041 0.496 -0.396 1.228 -0.396 c 0.528 0 1.065 0.182 1.596 0.541 c 1.378 0.931 4.487 3.011 4.487 3.011 l 0.05 0.038 c 0.398 0.341 0.973 1.323 0.302 2.601 c -0.695 1.327 -2.85 4.066 -5.079 4.066 Z M 9.046 2.672 c -0.505 0 -1.746 0.213 -2.466 0.728 l -0.232 0.162 c -0.827 0.572 -2.076 1.435 -2.076 3.265 c 0 2.797 2.188 7.098 6.687 13.149 c 4.914 6.609 10.532 9.353 12.447 9.353 c 1.629 0 3.497 -2.276 4.135 -3.494 c 0.392 -0.748 0.071 -1.17 -0.04 -1.284 c -0.36 -0.241 -3.164 -2.117 -4.453 -2.988 c -0.351 -0.238 -0.688 -0.358 -0.999 -0.358 c -0.283 0 -0.469 0.1 -0.532 0.14 c -0.104 0.111 -0.39 0.405 -0.899 0.833 c -0.951 0.801 -2.398 0.704 -3.424 -0.254 c -0.923 -0.862 -5.585 -6.666 -6.916 -8.459 c -0.46 -0.62 -0.641 -1.252 -0.538 -1.877 c 0.187 -1.133 1.245 -1.866 1.813 -2.26 l 0.142 -0.099 c 0.508 -0.363 0.4 -1.02 0.316 -1.242 c -0.157 -0.414 -1.973 -4.322 -2.203 -4.781 c -0.188 -0.376 -0.336 -0.533 -0.764 -0.533 Z\"><\/path><\/svg><span>+001 2233 456<\/span><\/p>",
              "hidden_mobile": false
            }
          },
          "footer-3": {
            "type": "cus_socials",
            "settings": {
              "title": "",
              "social_mode": "1",
              "social_style": "1",
              "social_size": "small",
              "bd_radius": 0,
              "use_color_set": false,
              "icon_cl": "#878787",
              "bg_cl": "#222222",
              "space_h_item": "20",
              "space_v_item": "5",
              "space_h_item_mb": "20",
              "space_v_item_mb": "2"
            }
          },
          "footer-4": {
            "type": "bl_col",
            "settings": {
              "col_heading": "Categories",
              "menu": "",
              "menu_style": "1",
              "col_dk": "2",
              "col_tb": "6",
              "col_mb": "12",
              "content_align": "t4s-text-md-start",
              "padding_inner": "",
              "col_heading_mobile": "",
              "content_align_mb": "t4s-text-start",
              "padding_inner_mb": ""
            }
          },
          "footer-5": {
            "type": "cus_menu",
            "settings": {
              "menu": "categories",
              "menu_style": "1"
            }
          },
          "footer-6": {
            "type": "bl_col",
            "settings": {
              "col_heading": "Infomation",
              "menu": "",
              "menu_style": "1",
              "col_dk": "2",
              "col_tb": "6",
              "col_mb": "12",
              "content_align": "t4s-text-md-start",
              "padding_inner": "",
              "col_heading_mobile": "",
              "content_align_mb": "t4s-text-start",
              "padding_inner_mb": ""
            }
          },
          "footer-7": {
            "type": "cus_menu",
            "settings": {
              "menu": "information",
              "menu_style": "1"
            }
          },
          "footer-8": {
            "type": "bl_col",
            "settings": {
              "col_heading": "Useful links",
              "menu": "",
              "menu_style": "1",
              "col_dk": "2",
              "col_tb": "6",
              "col_mb": "12",
              "content_align": "t4s-text-md-start",
              "padding_inner": "",
              "col_heading_mobile": "",
              "content_align_mb": "t4s-text-start",
              "padding_inner_mb": ""
            }
          },
          "footer-9": {
            "type": "cus_menu",
            "settings": {
              "menu": "useful-links",
              "menu_style": "1"
            }
          },
          "footer-10": {
            "type": "bl_col",
            "settings": {
              "col_heading": "Newsletter Signup",
              "menu": "",
              "menu_style": "1",
              "col_dk": "3",
              "col_tb": "6",
              "col_mb": "12",
              "content_align": "t4s-text-md-start",
              "padding_inner": "",
              "col_heading_mobile": "",
              "content_align_mb": "t4s-text-start",
              "padding_inner_mb": ""
            }
          },
          "footer-11": {
            "type": "custom_text",
            "settings": {
              "text": "Subscribe to our newsletter and get 10% off your first purchase",
              "remove_br_tag": false,
              "fontf": "inherit",
              "text_cl": "#878787",
              "text_fs": 14,
              "text_lh": 24,
              "text_fw": 400,
              "text_ls": 0,
              "font_italic": false,
              "text_shadow": false,
              "text_mgb": 18,
              "hidden_mobile": false,
              "text_fs_mb": 14,
              "text_lh_mb": 24,
              "text_ls_mb": 0,
              "text_mgb_mobile": 10
            }
          },
          "footer-12": {
            "type": "newsletter",
            "settings": {
              "form_width": 0,
              "form_width_mb": 0,
              "newl_des": "1",
              "news_align": "center",
              "newl_size": "small",
              "btn_icon": false,
              "input_cl": "#878787",
              "border_cl": "#000000",
              "btn_cl": "#ffffff",
              "btn_bg_cl": "#222222",
              "btn_hover_cl": "#ffffff",
              "btn_hover_bg_cl": "#79a206",
              "hidden_mobile": false,
              "mgb": 15,
              "mgb_mb": 10
            }
          },
          "2387ca19-3515-4cf3-881b-0ccebc524e7e": {
            "type": "payments",
            "settings": {
              "svg": "amazon_payments,american_express,apple_pay,bitcoin,visa",
              "height": 30,
              "hidden_mobile": false,
              "mgb": 20,
              "mgb_mb": 10
            }
          }
        },
        "block_order": [
          "footer-0",
          "footer-2",
          "footer-3",
          "footer-4",
          "footer-5",
          "footer-6",
          "footer-7",
          "footer-8",
          "footer-9",
          "footer-10",
          "footer-11",
          "footer-12",
          "2387ca19-3515-4cf3-881b-0ccebc524e7e"
        ],
        "settings": {
          "sticky": false,
          "collapse": true,
          "border_top": false,
          "border_pos": "in",
          "space_h_item": "30",
          "space_v_item": "30",
          "space_h_item_mb": "10",
          "space_v_item_mb": "30",
          "heading_fontf": "inherit",
          "heading_fs": 16,
          "heading_lh": 22,
          "heading_fw": 600,
          "heading_ls": 0,
          "mgb": 30,
          "mgb_mb": 20,
          "text_fs": 14,
          "text_fw": 400,
          "heading_cl": "#222222",
          "text_cl": "#878787",
          "link_cl": "#878787",
          "link_hover_cl": "#222222",
          "border_cl": "#e6e6e6",
          "layout": "t4s-container-wrap",
          "cl_bg": "",
          "cl_bg_gradient": "",
          "image_bg": "shopify:\/\/shop_images\/bg-pl.jpg",
          "mg": ",,0px,",
          "pd": "80px,0,80px,",
          "mg_mb": ",,0px,",
          "pd_mb": "50px,0,50px,"
        }
      },
      "bottom-bar": {
        "type": "bottom-bar",
        "blocks": {
          "bottom-bar-0": {
            "type": "bl_col",
            "settings": {
              "col_heading": "",
              "menu": "",
              "menu_style": "style-1",
              "col_dk": "6",
              "col_tb": "6",
              "col_mb": "12",
              "content_align": "t4s-text-md-start",
              "padding_inner": "",
              "col_heading_mobile": "",
              "content_align_mb": "t4s-text-center",
              "padding_inner_mb": ""
            }
          },
          "3a889d3f-4b80-475b-9618-2e7dd5e25bfe": {
            "type": "copyR",
            "settings": {
              "text": "Copyright © [year] <span class=\"t4s-cp\">Kalles<\/span> all rights reserved. Powered by <a href=\"https:\/\/the4.co\">The4<\/a>",
              "mgb": 0,
              "mgb_mb": 0
            }
          },
          "bottom-bar-2": {
            "type": "bl_col",
            "settings": {
              "col_heading": "",
              "menu": "",
              "menu_style": "style-2",
              "col_dk": "6",
              "col_tb": "6",
              "col_mb": "12",
              "content_align": "t4s-text-md-end",
              "padding_inner": "",
              "col_heading_mobile": "",
              "content_align_mb": "t4s-text-center",
              "padding_inner_mb": ""
            }
          },
          "d55a8bc3-a1c7-4df4-8ff6-be09a1c3d18f": {
            "type": "cus_menu",
            "settings": {
              "menu": "footer",
              "menu_style": "2"
            }
          }
        },
        "block_order": [
          "bottom-bar-0",
          "3a889d3f-4b80-475b-9618-2e7dd5e25bfe",
          "bottom-bar-2",
          "d55a8bc3-a1c7-4df4-8ff6-be09a1c3d18f"
        ],
        "settings": {
          "collapse": false,
          "border_top": true,
          "border_pos": "full",
          "space_h_item": "30",
          "space_v_item": "30",
          "space_h_item_mb": "10",
          "space_v_item_mb": "10",
          "heading_fontf": "inherit",
          "heading_fs": 16,
          "heading_lh": 22,
          "heading_fw": 500,
          "heading_ls": 0,
          "mgb": 30,
          "mgb_mb": 20,
          "text_fs": 14,
          "text_fw": 400,
          "heading_cl": "#222222",
          "text_cl": "#878787",
          "link_cl": "#878787",
          "link_hover_cl": "#79a206",
          "border_cl": "#e6e6e6",
          "layout": "t4s-container-wrap",
          "cl_bg": "",
          "cl_bg_gradient": "",
          "mg": ",,0px,",
          "pd": "20px,0,10px,",
          "mg_mb": ",,0px,",
          "pd_mb": "20px,0,10px,"
        }
      },
      "announcement-bar": {
        "type": "announcement-bar",
        "blocks": {
          "announcement-bar-0": {
            "type": "announcement",
            "settings": {
              "link": "",
              "content": "<p>Today deal sale off <strong>70%<\/strong>. End in <strong>[countdown]<\/strong>. Hurry Up!! [icon_arrow]<\/p>",
              "countdown": "2022\/04\/19",
              "txt_day": "days",
              "dayx": 0
            }
          },
          "announcement-bar-1": {
            "type": "announcement",
            "settings": {
              "link": "",
              "content": "<p>Today deal sale off <strong>70%<\/strong>. End in <strong>[countdown]<\/strong>. Hurry Up!! [icon_arrow]<\/p>",
              "countdown": "2022\/04\/19",
              "txt_day": "days",
              "dayx": 0
            }
          },
          "announcement-bar-2": {
            "type": "announcement",
            "settings": {
              "link": "",
              "content": "<p>Today deal sale off <strong>70%<\/strong>. End in <strong>[countdown]<\/strong>. Hurry Up!! [icon_arrow]<\/p>",
              "countdown": "2022\/04\/19",
              "txt_day": "days",
              "dayx": 0
            }
          }
        },
        "block_order": [
          "announcement-bar-0",
          "announcement-bar-1",
          "announcement-bar-2"
        ],
        "settings": {
          "show_announcement": true,
          "effect": "1",
          "au_time": 3.5,
          "height": 41,
          "fontsize": 13,
          "cl": "#ffffff",
          "bg": "#79a206",
          "bg_op": 100,
          "close": "1",
          "cl_btn": "#ffffff",
          "ver": 1,
          "date": 60
        }
      },
      "top-bar": {
        "type": "top-bar",
        "blocks": {
          "top-bar-0": {
            "type": "html",
            "settings": {
              "html": "<i class=\"pegk pe-7s-call\"><\/i> +01 23456789 <i class=\"pegk pe-7s-mail ml__15\"><\/i> <a class=\"cg\" href=\"mailto:kalles@domain.com\">kalles@domain.com<\/a>",
              "hide": false,
              "text_align": "start",
              "col": "4"
            }
          },
          "top-bar-1": {
            "type": "text",
            "settings": {
              "text": "<p>Summer sale discount off 50% Shop Now<\/p>",
              "countdown": "2022\/04\/19",
              "txt_day": "days",
              "dayx": 0,
              "effect": "1",
              "au_time": 3.5,
              "fw_bold": 400,
              "cl_a": "#222222",
              "cl_bold": "#ec0101",
              "cl_a_tr": "#ffffff",
              "cl_bold_tr": "#ec0101",
              "hide": false,
              "text_align": "start",
              "col": "4"
            }
          },
          "top-bar-2": {
            "type": "cur",
            "settings": {
              "show_currency": true,
              "show_language": true,
              "use_location": false,
              "txt_location": "Location",
              "url_location": "",
              "open_link": "_self",
              "hide": false,
              "text_align": "start",
              "col": "4"
            }
          }
        },
        "block_order": [
          "top-bar-0",
          "top-bar-1",
          "top-bar-2"
        ],
        "settings": {
          "show_topbar": false,
          "topbar_transparent": false,
          "height": 41,
          "fontsize": 12,
          "cl": "#878787",
          "cl_a_hover": "#56cfe1",
          "bg": "#f6f6f8",
          "bg_op": 100,
          "show_border": false,
          "bd_cl": "#000000",
          "cl_tr": "#ffffff",
          "cl_a_hover_tr": "#56cfe1",
          "bg_tr": "#000000",
          "bg_op_tr": 10,
          "show_border_tr": false,
          "bd_cl_tr": "#b3b3b3"
        }
      },
      "header-inline": {
        "type": "header-inline",
        "blocks": {
          "65aa9c27-631f-490c-9595-8435279e56af": {
            "type": "mega",
            "settings": {
              "title": "Demo",
              "url": "",
              "open_link": "_self",
              "icon": "",
              "cus_cl": false,
              "cl": "#ec0101",
              "lb": "",
              "lb_cl": "#00badb",
              "pos_sub": "bottom",
              "wid": "full",
              "cus_wid": 1200,
              "id": 16,
              "r_s_h_item": "20",
              "r_s_v_item": "30"
            }
          },
          "693870b2-3818-49dd-978e-611b705e9da0": {
            "type": "mega",
            "settings": {
              "title": "Shop",
              "url": "",
              "open_link": "_self",
              "icon": "",
              "cus_cl": false,
              "cl": "#ec0101",
              "lb": "",
              "lb_cl": "#00badb",
              "pos_sub": "bottom",
              "wid": "cus",
              "cus_wid": 1200,
              "id": 1,
              "r_s_h_item": "20",
              "r_s_v_item": "30"
            }
          },
          "636b9c83-9a0b-4658-8bd8-0107ce1a6a85": {
            "type": "mega",
            "settings": {
              "title": "Sale",
              "url": "",
              "open_link": "_self",
              "icon": "",
              "cus_cl": true,
              "cl": "#ec0101",
              "lb": "Sale",
              "lb_cl": "#ffa800",
              "pos_sub": "bottom",
              "wid": "cus",
              "cus_wid": 1200,
              "id": 4,
              "r_s_h_item": "30",
              "r_s_v_item": "0"
            }
          },
          "f8cde513-38c7-4b72-8a1a-dcece8e92211": {
            "type": "mega",
            "settings": {
              "title": "Pages",
              "url": "",
              "open_link": "_self",
              "icon": "",
              "cus_cl": false,
              "cl": "#ec0101",
              "lb": "",
              "lb_cl": "#00badb",
              "pos_sub": "bottom",
              "wid": "cus",
              "cus_wid": 1200,
              "id": 15,
              "r_s_h_item": "20",
              "r_s_v_item": "30"
            }
          },
          "f617a6ab-4ca4-4182-83de-db2ec784688d": {
            "type": "mega",
            "settings": {
              "title": "Product",
              "url": "",
              "open_link": "_self",
              "icon": "",
              "cus_cl": false,
              "cl": "#ec0101",
              "lb": "",
              "lb_cl": "#00badb",
              "pos_sub": "bottom",
              "wid": "cus",
              "cus_wid": 1200,
              "id": 3,
              "r_s_h_item": "30",
              "r_s_v_item": "30"
            }
          },
          "2a37c947-2cc4-4aa1-af61-28cdd64e4785": {
            "type": "drop",
            "settings": {
              "title": "Blog",
              "url": "https:\/\/demo-kalles-4-1.myshopify.com\/blogs\/fashion\/?preview_theme_id=128644972750",
              "open_link": "_self",
              "menu": "blogblog",
              "icon": "",
              "cus_cl": false,
              "cl": "#ec0101",
              "lb": "",
              "lb_cl": "",
              "lazy_mn": true,
              "pos_sub": "bottom",
              "pos": "left"
            }
          }
        },
        "block_order": [
          "65aa9c27-631f-490c-9595-8435279e56af",
          "693870b2-3818-49dd-978e-611b705e9da0",
          "636b9c83-9a0b-4658-8bd8-0107ce1a6a85",
          "f8cde513-38c7-4b72-8a1a-dcece8e92211",
          "f617a6ab-4ca4-4182-83de-db2ec784688d",
          "2a37c947-2cc4-4aa1-af61-28cdd64e4785"
        ],
        "settings": {
          "layout": "menu_split",
          "full_header": true,
          "height": 70,
          "arrow": false,
          "align": "start",
          "hover": "hover_sideup",
          "h_navmb": 60,
          "bgnav": "#ffffff",
          "opnav": 100,
          "clnav": "#222222",
          "clnav_hover": "#56cfe1",
          "h_icon": "kalles",
          "show_search": true,
          "show_acc": true,
          "show_wis": true,
          "cart_des": "1",
          "bg_hc": "#000000",
          "cl_hc": "#ffffff",
          "sticky_header": true,
          "scroll_header": true,
          "bgnavst": "#ffffff",
          "opnavst": 100,
          "clnavst": "#222222",
          "clnavst_hover": "#56cfe1",
          "transparent_header": true,
          "space_transparent_header": false,
          "bgnavtr": "#000000",
          "opnavtr": 0,
          "clnavtr": "#222222",
          "clnavtr_hover": "#79a206",
          "fm_nav": "1",
          "fs_nav": 14,
          "fw_nav": 400,
          "ls_nav": 0
        }
      },
      "mega-menu": {
        "type": "mega-menu",
        "blocks": {
          "e996f0b6-732f-48ce-a368-cc54fd6e7654": {
            "type": "mega",
            "settings": {
              "id": 1
            }
          },
          "7bc0b30c-0c04-4880-8173-71cef43df933": {
            "type": "link",
            "settings": {
              "tt_hd": "Shop pages",
              "url": "",
              "open_link": "_self",
              "menu": "shop-pagesshop",
              "col": "2"
            }
          },
          "b2290215-1296-4600-a33e-5bd7a3685c18": {
            "type": "link",
            "settings": {
              "tt_hd": "Features",
              "url": "",
              "open_link": "_self",
              "menu": "featuresshop",
              "col": "2"
            }
          },
          "039f8189-eeb1-4280-86bb-b65c96a4690e": {
            "type": "link",
            "settings": {
              "tt_hd": "Hover Style",
              "url": "",
              "open_link": "_self",
              "menu": "hover-style",
              "col": "2"
            }
          },
          "18312aac-f71b-4fe1-a593-3a07683157b5": {
            "type": "cat",
            "settings": {
              "collection": "plant",
              "collection_title": "Indoor",
              "collection_subtitle": "Products",
              "image": "shopify:\/\/shop_images\/collection2.jpg",
              "collection_des": "1",
              "title_cl": "#ffffff",
              "title_cl_hover": "#222222",
              "subtitle_cl": "#878787",
              "count_cl": "#222222",
              "border_cl": "#e5e5e5",
              "open_link": "_self",
              "space_bottom": 20,
              "space_bottom_mb": 0,
              "border": false,
              "item_pd": 0,
              "item_rd": 0,
              "img_effect": "none",
              "b_effect": "none",
              "image_ratio": "rationt",
              "image_size": "cover",
              "image_position": "8",
              "collection_link": "",
              "col": "3"
            }
          },
          "6c885226-6f33-488e-aef3-27d4b2cc406c": {
            "type": "cat",
            "settings": {
              "collection": "plant-2",
              "collection_title": "House Plants",
              "collection_subtitle": "Products",
              "image": "shopify:\/\/shop_images\/collection1.jpg",
              "collection_des": "1",
              "title_cl": "#ffffff",
              "title_cl_hover": "#222222",
              "subtitle_cl": "#878787",
              "count_cl": "#222222",
              "border_cl": "#e5e5e5",
              "open_link": "_self",
              "space_bottom": 20,
              "space_bottom_mb": 10,
              "border": false,
              "item_pd": 0,
              "item_rd": 0,
              "img_effect": "none",
              "b_effect": "none",
              "image_ratio": "rationt",
              "image_size": "cover",
              "image_position": "8",
              "collection_link": "",
              "col": "3"
            }
          },
          "d74fbd84-37f5-440d-a0aa-78babe595b5c": {
            "type": "mega",
            "settings": {
              "id": 2
            }
          },
          "7d00250d-1058-4c20-bc80-441d9e5be89a": {
            "type": "link",
            "settings": {
              "tt_hd": "BLOG LAYOUTS",
              "url": "",
              "open_link": "_self",
              "menu": "blogblog",
              "col": "3"
            }
          },
          "2aefcbbf-8050-4435-a3ed-44cff1317fec": {
            "type": "blogs",
            "settings": {
              "blog": "spa",
              "post_des": "1",
              "show_cate": false,
              "show_tags": false,
              "show_cnt": false,
              "show_au": true,
              "show_dt": true,
              "show_cm": false,
              "show_rm": false,
              "show_irm": false,
              "date": "date",
              "content_align": "t4s-text-start",
              "limit": 3,
              "img_effect": "none",
              "b_effect": "none",
              "image_ratio": "ratio4_3",
              "image_size": "cover",
              "image_position": "8",
              "col_dk": "2",
              "space_h_item": "20",
              "space_v_item": "0",
              "layout_des": "2",
              "nav_btn": true,
              "btn_vi": "hover",
              "btn_owl": "outline",
              "btn_shape": "round",
              "btn_cl": "dark",
              "btn_size": "small",
              "btn_hidden_mobile": true,
              "col": "9"
            }
          },
          "93f151af-4d31-4e76-afc6-a00c726b9609": {
            "type": "mega",
            "settings": {
              "id": 3
            }
          },
          "7515ebd2-54d3-4c5e-8a5b-cf8189b622e5": {
            "type": "link",
            "settings": {
              "tt_hd": "Product Layout",
              "url": "",
              "open_link": "_self",
              "menu": "product-layout",
              "col": "3"
            }
          },
          "9f27d679-1f2a-4d7a-913c-ec0b9c475a80": {
            "type": "link",
            "settings": {
              "tt_hd": "Product Detail",
              "url": "",
              "open_link": "_self",
              "menu": "product-detail",
              "col": "3"
            }
          },
          "f597e30b-d126-4180-a5f3-8b739fdd3e1b": {
            "type": "link",
            "settings": {
              "tt_hd": "Product Swatch",
              "url": "",
              "open_link": "_self",
              "menu": "product-swatch",
              "col": "3"
            }
          },
          "53119334-1c6e-4310-a4ac-57cd48cbb7a6": {
            "type": "link",
            "settings": {
              "tt_hd": "Product Features",
              "url": "",
              "open_link": "_self",
              "menu": "product-features",
              "col": "3"
            }
          },
          "63d5c1fe-61b3-4abe-ad74-2cb7631a6672": {
            "type": "mega",
            "settings": {
              "id": 4
            }
          },
          "9a00f3f4-79df-4bda-a094-c11b58597f88": {
            "type": "link2",
            "settings": {
              "col": "2",
              "menu": "categoriessale"
            }
          },
          "2db9e64b-c645-4db4-bdc0-deecdb764670": {
            "type": "pr",
            "settings": {
              "collection": "spa",
              "product_des": "1",
              "show_vendor": false,
              "image_ratio": "ratio1_1",
              "image_size": "cover",
              "image_position": "8",
              "content_align": "default",
              "limit": 8,
              "col_dk": "4",
              "space_h_item": "20",
              "space_v_item": "20",
              "layout_des": "2",
              "nav_btn": true,
              "btn_vi": "always",
              "btn_owl": "outline",
              "btn_shape": "round",
              "btn_cl": "dark",
              "btn_size": "small",
              "btn_hidden_mobile": true,
              "col": "10"
            }
          },
          "bf024582-34f7-430d-83cb-162805521c80": {
            "type": "mega",
            "settings": {
              "id": 16
            }
          },
          "d95fe7d1-b368-4577-b24a-a93d0152aadd": {
            "type": "html",
            "settings": {
              "html": "",
              "page": "demos-short",
              "col": "12"
            }
          },
          "bdb65ce8-ad87-4908-8f5f-24193a3bede4": {
            "type": "mega",
            "settings": {
              "id": 15
            }
          },
          "591443f5-a85a-4543-8da4-bd6005b869c7": {
            "type": "link",
            "settings": {
              "tt_hd": "Portfolio",
              "url": "",
              "open_link": "_self",
              "menu": "portfolio",
              "col": "3"
            }
          },
          "1f90cea5-04fb-4ef3-822b-5f987845e5c4": {
            "type": "link",
            "settings": {
              "tt_hd": "HEADER LAYOUTS",
              "url": "",
              "open_link": "_self",
              "menu": "header-layouts",
              "col": "3"
            }
          },
          "d4a558a8-7f26-4259-9795-1831014aa833": {
            "type": "link",
            "settings": {
              "tt_hd": "FEATURES",
              "url": "",
              "open_link": "_self",
              "menu": "feature-pages",
              "col": "3"
            }
          },
          "1f1e2466-17a5-4e20-bc44-07a3ef8bdba6": {
            "type": "link",
            "settings": {
              "tt_hd": "Other pages",
              "url": "",
              "open_link": "_self",
              "menu": "other-pages",
              "col": "3"
            }
          }
        },
        "block_order": [
          "e996f0b6-732f-48ce-a368-cc54fd6e7654",
          "7bc0b30c-0c04-4880-8173-71cef43df933",
          "b2290215-1296-4600-a33e-5bd7a3685c18",
          "039f8189-eeb1-4280-86bb-b65c96a4690e",
          "18312aac-f71b-4fe1-a593-3a07683157b5",
          "6c885226-6f33-488e-aef3-27d4b2cc406c",
          "d74fbd84-37f5-440d-a0aa-78babe595b5c",
          "7d00250d-1058-4c20-bc80-441d9e5be89a",
          "2aefcbbf-8050-4435-a3ed-44cff1317fec",
          "93f151af-4d31-4e76-afc6-a00c726b9609",
          "7515ebd2-54d3-4c5e-8a5b-cf8189b622e5",
          "9f27d679-1f2a-4d7a-913c-ec0b9c475a80",
          "f597e30b-d126-4180-a5f3-8b739fdd3e1b",
          "53119334-1c6e-4310-a4ac-57cd48cbb7a6",
          "63d5c1fe-61b3-4abe-ad74-2cb7631a6672",
          "9a00f3f4-79df-4bda-a094-c11b58597f88",
          "2db9e64b-c645-4db4-bdc0-deecdb764670",
          "bf024582-34f7-430d-83cb-162805521c80",
          "d95fe7d1-b368-4577-b24a-a93d0152aadd",
          "bdb65ce8-ad87-4908-8f5f-24193a3bede4",
          "591443f5-a85a-4543-8da4-bd6005b869c7",
          "1f90cea5-04fb-4ef3-822b-5f987845e5c4",
          "d4a558a8-7f26-4259-9795-1831014aa833",
          "1f1e2466-17a5-4e20-bc44-07a3ef8bdba6"
        ],
        "settings": {
        }
      },
      "mb_nav": {
        "type": "mb_nav",
        "blocks": {
          "mb_nav-0": {
            "type": "menu",
            "settings": {
              "title": "Demo",
              "url": "",
              "open_link": "_self",
              "menu": "mobile-home-menu",
              "icon": "",
              "lb": "",
              "lb_cl": ""
            }
          },
          "mb_nav-1": {
            "type": "menu",
            "settings": {
              "title": "Shop",
              "url": "shopify:\/\/collections\/women",
              "open_link": "_self",
              "menu": "mobile-shop-menu",
              "icon": "",
              "lb": "",
              "lb_cl": ""
            }
          },
          "mb_nav-2": {
            "type": "menu",
            "settings": {
              "title": "Product",
              "url": "shopify:\/\/products\/analogue-resin-strap",
              "open_link": "_self",
              "menu": "mobile-products-mobile",
              "icon": "",
              "lb": "",
              "lb_cl": ""
            }
          },
          "25fa7ecf-2db0-4747-b093-a1299099917e": {
            "type": "menu",
            "settings": {
              "title": "Portfolio",
              "url": "",
              "open_link": "_self",
              "menu": "portfolio",
              "icon": "",
              "lb": "",
              "lb_cl": ""
            }
          },
          "58800ed8-befe-449a-b8f8-ea86620bef6f": {
            "type": "menu",
            "settings": {
              "title": "Lookbook",
              "url": "",
              "open_link": "_self",
              "menu": "loobook",
              "icon": "",
              "lb": "",
              "lb_cl": ""
            }
          },
          "mb_nav-3": {
            "type": "menu",
            "settings": {
              "title": "Blog",
              "url": "shopify:\/\/blogs\/fashion",
              "open_link": "_self",
              "menu": "blogblog",
              "icon": "",
              "lb": "",
              "lb_cl": ""
            }
          },
          "mb_nav-4": {
            "type": "wis",
            "settings": {
            }
          },
          "mb_nav-5": {
            "type": "sea",
            "settings": {
            }
          },
          "mb_nav-6": {
            "type": "acc",
            "settings": {
            }
          },
          "mb_nav-7": {
            "type": "help",
            "settings": {
              "title": "Need help?",
              "text": "<a href=\"tel:%20+0123456789\">\n<svg xmlns=\"http:\/\/www.w3.org\/2000\/svg\" viewbox=\"0 0 32 32\" fill=\"currentColor\"><path d=\"M 8.65625 3 C 8.132813 3 7.617188 3.1875 7.1875 3.53125 L 7.125 3.5625 L 7.09375 3.59375 L 3.96875 6.8125 L 4 6.84375 C 3.035156 7.734375 2.738281 9.066406 3.15625 10.21875 C 3.160156 10.226563 3.152344 10.242188 3.15625 10.25 C 4.003906 12.675781 6.171875 17.359375 10.40625 21.59375 C 14.65625 25.84375 19.402344 27.925781 21.75 28.84375 L 21.78125 28.84375 C 22.996094 29.25 24.3125 28.960938 25.25 28.15625 L 28.40625 25 C 29.234375 24.171875 29.234375 22.734375 28.40625 21.90625 L 24.34375 17.84375 L 24.3125 17.78125 C 23.484375 16.953125 22.015625 16.953125 21.1875 17.78125 L 19.1875 19.78125 C 18.464844 19.433594 16.742188 18.542969 15.09375 16.96875 C 13.457031 15.40625 12.621094 13.609375 12.3125 12.90625 L 14.3125 10.90625 C 15.152344 10.066406 15.167969 8.667969 14.28125 7.84375 L 14.3125 7.8125 L 14.21875 7.71875 L 10.21875 3.59375 L 10.1875 3.5625 L 10.125 3.53125 C 9.695313 3.1875 9.179688 3 8.65625 3 Z M 8.65625 5 C 8.730469 5 8.804688 5.035156 8.875 5.09375 L 12.875 9.1875 L 12.96875 9.28125 C 12.960938 9.273438 13.027344 9.378906 12.90625 9.5 L 10.40625 12 L 9.9375 12.4375 L 10.15625 13.0625 C 10.15625 13.0625 11.304688 16.136719 13.71875 18.4375 L 13.9375 18.625 C 16.261719 20.746094 19 21.90625 19 21.90625 L 19.625 22.1875 L 22.59375 19.21875 C 22.765625 19.046875 22.734375 19.046875 22.90625 19.21875 L 27 23.3125 C 27.171875 23.484375 27.171875 23.421875 27 23.59375 L 23.9375 26.65625 C 23.476563 27.050781 22.988281 27.132813 22.40625 26.9375 C 20.140625 26.046875 15.738281 24.113281 11.8125 20.1875 C 7.855469 16.230469 5.789063 11.742188 5.03125 9.5625 C 4.878906 9.15625 4.988281 8.554688 5.34375 8.25 L 5.40625 8.1875 L 8.4375 5.09375 C 8.507813 5.035156 8.582031 5 8.65625 5 Z\"><\/path><\/svg> +01 23456789<\/a>\n<br>\n<a href=\"mailto:kalles@domain.com\">\n<svg xmlns=\"http:\/\/www.w3.org\/2000\/svg\" viewbox=\"0 0 32 32\" fill=\"currentColor\"><path d=\"M 3 8 L 3 26 L 29 26 L 29 8 Z M 7.3125 10 L 24.6875 10 L 16 15.78125 Z M 5 10.875 L 15.4375 17.84375 L 16 18.1875 L 16.5625 17.84375 L 27 10.875 L 27 24 L 5 24 Z\"><\/path><\/svg>\nkalles@domain.com<\/a>"
            }
          },
          "mb_nav-8": {
            "type": "lang",
            "settings": {
            }
          },
          "mb_nav-9": {
            "type": "cur",
            "settings": {
            }
          }
        },
        "block_order": [
          "mb_nav-0",
          "mb_nav-1",
          "mb_nav-2",
          "25fa7ecf-2db0-4747-b093-a1299099917e",
          "58800ed8-befe-449a-b8f8-ea86620bef6f",
          "mb_nav-3",
          "mb_nav-4",
          "mb_nav-5",
          "mb_nav-6",
          "mb_nav-7",
          "mb_nav-8",
          "mb_nav-9"
        ],
        "settings": {
        }
      },
      "mb_cat": {
        "type": "mb_cat",
        "blocks": {
          "f03a2313-84f9-4ce7-af4d-0a2ec38cb860": {
            "type": "cat",
            "settings": {
              "cat": "",
              "title": "Women’s Clothing",
              "url": "https:\/\/demo-kalles-4-1.myshopify.com\/collections\/default-3",
              "menu": "",
              "lb": "",
              "lb_cl": "#e91e63",
              "icons_op": "2",
              "icon": "las la-female"
            }
          },
          "f4a35f80-4e7d-4014-adbc-7b2fd7858b92": {
            "type": "cat",
            "settings": {
              "cat": "",
              "title": "Men’s Clothing",
              "url": "https:\/\/demo-kalles-4-1.myshopify.com\/collections\/default-2",
              "menu": "",
              "lb": "",
              "lb_cl": "#e91e63",
              "icons_op": "2",
              "icon": "las la-male"
            }
          },
          "a7417cbd-5494-47f5-939f-846413f93756": {
            "type": "cat",
            "settings": {
              "cat": "watches",
              "title": "Watches",
              "url": "https:\/\/demo-kalles-4-1.myshopify.com\/collections\/dress",
              "menu": "",
              "lb": "",
              "lb_cl": "#e91e63",
              "icons_op": "2",
              "icon": "las la-clock"
            }
          },
          "cc4f8bf3-b555-4ec8-abbf-0550baab0110": {
            "type": "cat",
            "settings": {
              "cat": "accessories",
              "title": "Accessories",
              "url": "https:\/\/demo-kalles-4-1.myshopify.com\/collections\/hats",
              "menu": "",
              "lb": "",
              "lb_cl": "#e91e63",
              "icons_op": "2",
              "icon": "las la-glasses"
            }
          },
          "105ae66a-c868-49af-8eaa-f2da5085f0e3": {
            "type": "cat",
            "settings": {
              "cat": "",
              "title": "Electric",
              "url": "https:\/\/demo-kalles-4-1.myshopify.com\/collections\/frontpage",
              "menu": "",
              "lb": "",
              "lb_cl": "#e91e63",
              "icons_op": "2",
              "icon": "las la-camera-retro"
            }
          },
          "3de6db21-79e9-41b8-a318-a92371cda9fc": {
            "type": "cat",
            "settings": {
              "cat": "",
              "title": "Shoes",
              "url": "https:\/\/demo-kalles-4-1.myshopify.com\/collections\/sale",
              "menu": "",
              "lb": "",
              "lb_cl": "#e91e63",
              "icons_op": "2",
              "icon": "las la-shoe-prints"
            }
          },
          "4bf23bfd-b1a6-480a-b5df-216c60615774": {
            "type": "cat",
            "settings": {
              "cat": "jewellery",
              "title": "Jewellery",
              "url": "https:\/\/demo-kalles-4-1.myshopify.com\/collections\/shoes",
              "menu": "",
              "lb": "",
              "lb_cl": "#e91e63",
              "icons_op": "2",
              "icon": "las la-gem"
            }
          },
          "5161bece-1f47-47e4-b9c0-f96d1125cb7b": {
            "type": "cat",
            "settings": {
              "cat": "",
              "title": "T-Shirt",
              "url": "https:\/\/demo-kalles-4-1.myshopify.com\/collections\/women",
              "menu": "",
              "lb": "",
              "lb_cl": "#e91e63",
              "icons_op": "2",
              "icon": "las la-tshirt"
            }
          },
          "2d16f160-ac4b-4c6c-9140-bd49e2b2fd0e": {
            "type": "cat",
            "settings": {
              "cat": "",
              "title": "Toys, Kids & Baby",
              "url": "#",
              "menu": "",
              "lb": "",
              "lb_cl": "#e91e63",
              "icons_op": "2",
              "icon": "las la-child"
            }
          },
          "0f345d5e-61b0-41ee-98a6-cf7a5f93c8d7": {
            "type": "cat",
            "settings": {
              "cat": "",
              "title": "Decor",
              "url": "https:\/\/demo-kalles-4-1.myshopify.com\/collections\/decor",
              "menu": "",
              "lb": "",
              "lb_cl": "#e91e63",
              "icons_op": "2",
              "icon": "las la-chair"
            }
          }
        },
        "block_order": [
          "f03a2313-84f9-4ce7-af4d-0a2ec38cb860",
          "f4a35f80-4e7d-4014-adbc-7b2fd7858b92",
          "a7417cbd-5494-47f5-939f-846413f93756",
          "cc4f8bf3-b555-4ec8-abbf-0550baab0110",
          "105ae66a-c868-49af-8eaa-f2da5085f0e3",
          "3de6db21-79e9-41b8-a318-a92371cda9fc",
          "4bf23bfd-b1a6-480a-b5df-216c60615774",
          "5161bece-1f47-47e4-b9c0-f96d1125cb7b",
          "2d16f160-ac4b-4c6c-9140-bd49e2b2fd0e",
          "0f345d5e-61b0-41ee-98a6-cf7a5f93c8d7"
        ],
        "settings": {
        }
      },
      "title_config": {
        "type": "title_config",
        "blocks": {
          "title_config-0": {
            "type": "title",
            "settings": {
              "color": "#222222",
              "family": "2",
              "size": 24,
              "weight": 600,
              "lh": 0,
              "ls": 0,
              "space": 0,
              "size_mb": 24,
              "lh_mb": 0,
              "ls_mb": 0,
              "space_mb": 0
            }
          },
          "title_config-1": {
            "type": "subtitle",
            "settings": {
              "italic": false,
              "color": "#878787",
              "family": "2",
              "size": 24,
              "weight": 600,
              "lh": 0,
              "ls": 0,
              "space": 0,
              "size_mb": 24,
              "lh_mb": 0,
              "ls_mb": 0,
              "space_mb": 0
            }
          }
        },
        "block_order": [
          "title_config-0",
          "title_config-1"
        ],
        "settings": {
          "design_heading": "1",
          "heading_align": "t4s-text-center",
          "top_heading": "BEST SELLER",
          "icon_heading": "las la-gem",
          "top_subheading": "Top sale in this week",
          "tophead_mb": 30
        }
      },
      "pr_item_config": {
        "type": "pr_item_config",
        "blocks": {
          "pr_item_config-0": {
            "type": "1",
            "settings": {
              "heading": "Product desgin 01",
              "addtocart_color": "#ffffff",
              "addtocart_color_hover": "#222222",
              "quickview_color": "#ffffff",
              "quickview_color_hover": "#222222",
              "wishlist_color": "#ffffff",
              "wishlist_color_hover": "#222222",
              "wishlist_color_active": "#e81e63",
              "compare_color": "#ffffff",
              "compare_color_hover": "#222222",
              "size_list_color": "#ffffff"
            }
          },
          "pr_item_config-1": {
            "type": "2",
            "settings": {
              "heading": "Product desgin 02",
              "addtocart_color": "#ffffff",
              "addtocart_color_hover": "#222222",
              "quickview_color": "#ffffff",
              "quickview_color_hover": "#222222",
              "wishlist_color": "#ffffff",
              "wishlist_color_hover": "#222222",
              "wishlist_color_active": "#e81e63",
              "compare_color": "#ffffff",
              "compare_color_hover": "#222222",
              "size_list_color": "#ffffff"
            }
          }
        },
        "block_order": [
          "pr_item_config-0",
          "pr_item_config-1"
        ],
        "settings": {
          "txt_tr_pr": "none",
          "fnt_df_pr": "2",
          "size_pr": 19,
          "fw_pr": 400,
          "lh_pr": 24,
          "ls_pr": 0,
          "size_price_pr": 18,
          "fw_price_pr": 400,
          "space_img_content": 15,
          "space_elements": 2,
          "swatch_color_size": 20,
          "swatch_color_size_mb": 20,
          "pr_btn_round": 40,
          "pr_title_color": "#222222",
          "pr_title_color_hover": "#79a206",
          "price_color": "#2e2e2e",
          "price_sale_color": "#769b10",
          "vendors_color": "#878787",
          "vendors_color_hover": "#56cfe1",
          "pr_bg_overlay": "#000000",
          "pr_overlay": 10
        }
      },
      "btn_config": {
        "type": "btn_config",
        "settings": {
          "fnt_fm_button": "--font-family-1",
          "btn_fw": 600,
          "btn_bdr": 0,
          "button_effect": "default"
        }
      },
      "toolbar_mobile": {
        "type": "toolbar_mobile",
        "blocks": {
          "toolbar_mobile-0": {
            "type": "shop",
            "settings": {
              "title": "Shop",
              "link": ""
            }
          },
          "toolbar_mobile-1": {
            "type": "wish",
            "settings": {
              "title": "Wishlist"
            }
          },
          "toolbar_mobile-2": {
            "type": "cart",
            "settings": {
              "title": "Cart"
            }
          },
          "toolbar_mobile-3": {
            "type": "account",
            "settings": {
              "title": "Account"
            }
          },
          "toolbar_mobile-4": {
            "type": "search",
            "settings": {
              "title": "Search"
            }
          }
        },
        "block_order": [
          "toolbar_mobile-0",
          "toolbar_mobile-1",
          "toolbar_mobile-2",
          "toolbar_mobile-3",
          "toolbar_mobile-4"
        ],
        "settings": {
          "enable_toolbar": true,
          "show_txt": true
        }
      },
      "back_top": {
        "type": "back_top",
        "settings": {
          "enable_backtop": true,
          "enable_hidden_mobile": false,
          "backtop_des": "1"
        }
      },
      "mini_cart": {
        "type": "mini_cart",
        "blocks": {
          "mini_cart-0": {
            "type": "price",
            "settings": {
            }
          },
          "mini_cart-1": {
            "type": "tax",
            "settings": {
              "image": ""
            }
          },
          "mini_cart-2": {
            "type": "agree",
            "settings": {
            }
          },
          "mini_cart-3": {
            "type": "btnc",
            "settings": {
              "btn_icon": false,
              "button_style": "default",
              "btn_cl": "dark",
              "button_effect": "default"
            }
          },
          "mini_cart-4": {
            "type": "btnck",
            "settings": {
              "btn_icon": false,
              "button_style": "default",
              "btn_cl": "dark",
              "button_effect": "default"
            }
          },
          "mini_cart-5": {
            "type": "img",
            "settings": {
            }
          },
          "mini_cart-6": {
            "type": "btn",
            "settings": {
              "title": "Return To Shop",
              "url": "",
              "btn_icon": false,
              "button_style": "default",
              "btn_cl": "dark",
              "button_effect": "fade"
            }
          }
        },
        "block_order": [
          "mini_cart-0",
          "mini_cart-1",
          "mini_cart-2",
          "mini_cart-3",
          "mini_cart-4",
          "mini_cart-5",
          "mini_cart-6"
        ],
        "settings": {
          "style": "1",
          "enable_pr": true,
          "enable_calc_ship": true,
          "enable_note": true,
          "enable_rates": true,
          "enable_discount": true,
          "enable_gift_wrap": true,
          "ship_df_country": "United States"
        }
      },
      "main-qv": {
        "type": "main-qv",
        "blocks": {
          "main-qv-0": {
            "type": "title",
            "settings": {
              "txt_tr_pr": "none",
              "fnt_df_pr": "1",
              "size_pr": 16,
              "fw_pr": 600,
              "lh_pr": 0,
              "ls_pr": 0,
              "pr_title_color": "#222222"
            }
          },
          "main-qv-1": {
            "type": "price_review",
            "settings": {
              "price": "0",
              "txt_sale": "0",
              "tax_ship": true,
              "rating": true,
              "review_liquid": "",
              "size_price_pr": 22,
              "fw_price_pr": 400,
              "price_color": "#696969",
              "price_sale_color": "#ec0101"
            }
          },
          "main-qv-2": {
            "type": "description",
            "settings": {
              "des": "2",
              "text": "",
              "length": 31,
              "readm": false,
              "readm_txt": "Read more"
            }
          },
          "main-qv-3": {
            "type": "form",
            "settings": {
              "selector_mode": "block",
              "color_mode": "color",
              "use_fimg": false,
              "color_size": "medium",
              "show_qty": true,
              "enable_wishlist": true,
              "enable_compare": true,
              "btn_atc_full": false,
              "pr_btn_round": 40,
              "ani": "none",
              "time": 6,
              "btn_txt": "3",
              "btn_icon": false,
              "button_style": "default",
              "button_color": "dark",
              "button_effect": "fade",
              "show_dynamic_checkout": false,
              "btn_txt2": "3",
              "button_color_payment": "dark"
            }
          },
          "main-qv-4": {
            "type": "size_delivery_ask",
            "settings": {
              "size_chart": "3",
              "pos_sizeg": "1",
              "sc_type": "1",
              "page": "",
              "size_ck": "",
              "delivery": false,
              "page_dr": "",
              "ask": false
            }
          },
          "main-qv-5": {
            "type": "meta",
            "settings": {
              "show_options": true,
              "show_vendor": false,
              "show_type": false,
              "show_sku": true,
              "show_barcode": false,
              "show_available": true,
              "show_category": true,
              "show_tags": true
            }
          },
          "main-qv-6": {
            "type": "social",
            "settings": {
              "class": "tc"
            }
          }
        },
        "block_order": [
          "main-qv-0",
          "main-qv-1",
          "main-qv-2",
          "main-qv-3",
          "main-qv-4",
          "main-qv-5",
          "main-qv-6"
        ],
        "settings": {
          "demo_pr": "",
          "image_ratio": "ratioadapt",
          "image_size": "cover",
          "image_position": "8"
        }
      },
      "slider_config": {
        "type": "slider_config",
        "settings": {
          "btn_vi": "hover",
          "btn_owl": "default",
          "btn_shape": "none",
          "btn_size": "small",
          "dot_owl": "default",
          "dots_round": true,
          "dots_space": 10
        }
      },
      "login-sidebar": {
        "type": "login-sidebar",
        "settings": {
          "content_align": "start",
          "btn_width": "full",
          "button_style": "default",
          "btns_size": "medium",
          "btns_cl": "primary",
          "button_effect": "default"
        }
      },
      "popups": {
        "type": "popups",
        "settings": {
        }
      },
      "t4s_custom_color": {
        "type": "t4s_custom_color",
        "blocks": {
          "1a308b9a-68eb-42d8-a7a5-428c925c647c": {
            "type": "lb_menu",
            "settings": {
              "title": "hot",
              "color": "#fc2626",
              "cl_gradient": "",
              "color_txt": "#ffffff"
            }
          }
        },
        "block_order": [
          "1a308b9a-68eb-42d8-a7a5-428c925c647c"
        ],
        "settings": {
        }
      }
    },
    "content_for_index": [

    ]
  }
}