{
  "sections": {
    "1646631809432fc801": {
      "type": "slideshow",
      "blocks": {
        "9700ac7a-6403-4fe4-a7f0-902ce445ef88": {
          "type": "image_parent",
          "settings": {
            "image": "shopify:\/\/shop_images\/sl-f1.jpg",
            "image_mb": "shopify:\/\/shop_images\/sl-f-m1.jpg",
            "image_position": "8",
            "cl_img": "",
            "link_img1": "",
            "open_link": "_blank",
            "animate_slide": "none",
            "text_align": "start",
            "text_align_mb": "start",
            "content_width": "container",
            "cv_pos": 50,
            "ch_pos": 0,
            "cv_pos_mb": 50,
            "ch_pos_mb": 0,
            "bg_overlay": "#000000",
            "bg_opacity": 0,
            "bg_content_cl": "#ffffff",
            "bg_content_op": 0,
            "content_pd_tb": 20,
            "content_pd_lr": 15,
            "content_pd_tb_mb": 10,
            "content_pd_lr_mb": 15,
            "border_bl": false,
            "br_color": "#222222",
            "br_bg": "#ffffff",
            "br_opacity": 50,
            "br_style": "solid",
            "br_pd": 20,
            "br_pd_mb": 10,
            "time_animation": 1,
            "animation_delay": 40
          }
        },
        "169d161a-43a1-419d-9668-8e782ba928ba": {
          "type": "custom_text",
          "settings": {
            "text": "March 25 - 28",
            "remove_br_tag": false,
            "fontf": "1",
            "text_cl": "#222222",
            "text_fs": 25,
            "text_lh": 24,
            "text_fw": 500,
            "text_ls": 0,
            "text_mgb": 30,
            "font_italic": false,
            "text_shadow": false,
            "hidden_mobile": false,
            "text_fs_mb": 16,
            "text_lh_mb": 24,
            "text_ls_mb": 0,
            "text_mgb_mobile": 10,
            "animation": "zoomIn"
          }
        },
        "f3245dff-94e4-44b2-a04c-ec1d214e1abe": {
          "type": "custom_text",
          "settings": {
            "text": "SCANDING",
            "remove_br_tag": false,
            "fontf": "1",
            "text_cl": "#222222",
            "text_fs": 80,
            "text_lh": 80,
            "text_fw": 600,
            "text_ls": 0,
            "text_mgb": 30,
            "font_italic": false,
            "text_shadow": false,
            "hidden_mobile": false,
            "text_fs_mb": 30,
            "text_lh_mb": 40,
            "text_ls_mb": 0,
            "text_mgb_mobile": 20,
            "animation": "fadeInDown"
          }
        },
        "ebb3dd1e-e7db-4504-a5a8-c72c8c5f5d72": {
          "type": "custom_text",
          "settings": {
            "text": "Discounts on a selection of <br>\ntrue Scandinavian!*",
            "remove_br_tag": true,
            "fontf": "1",
            "text_cl": "#222222",
            "text_fs": 38,
            "text_lh": 40,
            "text_fw": 400,
            "text_ls": 0,
            "text_mgb": 20,
            "font_italic": false,
            "text_shadow": false,
            "hidden_mobile": true,
            "text_fs_mb": 20,
            "text_lh_mb": 24,
            "text_ls_mb": 0,
            "text_mgb_mobile": 20,
            "animation": "fadeInLeft"
          }
        },
        "9aa9eac5-3bb3-4ae4-a096-be73655da4be": {
          "type": "custom_button",
          "settings": {
            "button_text": "DISCOVER MORE",
            "button_link": "#",
            "target_link": "_self",
            "fontf": "inherit",
            "button_icon_w": 0,
            "button_style": "outline",
            "button_effect": "fade",
            "pri_cl": "#ce2a22",
            "second_cl": "#ce2a22",
            "pri_cl_hover": "#ce1b12",
            "second_cl_hover": "#ffffff",
            "fsbutton": 14,
            "fwbutton": 400,
            "button_ls": 0,
            "button_mh": 40,
            "button_bdr": 0,
            "button_pd_lr": 20,
            "button_mgb": 0,
            "hidden_mobile": false,
            "button_icon_w_mb": 0,
            "fsbutton_mb": 14,
            "button_mh_mb": 40,
            "button_pd_lr_mb": 15,
            "button_ls_mb": 0,
            "button_mgb_mb": 0,
            "animation": "fadeInUp"
          }
        },
        "1011d7f1-8801-42f9-b6da-7e724aab0d5f": {
          "type": "image_parent",
          "settings": {
            "image": "shopify:\/\/shop_images\/sl-f2.jpg",
            "image_mb": "shopify:\/\/shop_images\/sl-f-m2.jpg",
            "image_position": "8",
            "cl_img": "",
            "link_img1": "",
            "open_link": "_blank",
            "animate_slide": "none",
            "text_align": "start",
            "text_align_mb": "start",
            "content_width": "container",
            "cv_pos": 50,
            "ch_pos": 0,
            "cv_pos_mb": 50,
            "ch_pos_mb": 0,
            "bg_overlay": "#000000",
            "bg_opacity": 0,
            "bg_content_cl": "#ffffff",
            "bg_content_op": 0,
            "content_pd_tb": 20,
            "content_pd_lr": 15,
            "content_pd_tb_mb": 10,
            "content_pd_lr_mb": 15,
            "border_bl": false,
            "br_color": "#222222",
            "br_bg": "#ffffff",
            "br_opacity": 50,
            "br_style": "solid",
            "br_pd": 20,
            "br_pd_mb": 10,
            "time_animation": 1,
            "animation_delay": 40
          }
        },
        "42d1a76c-0a08-4cbd-8f8c-ef54bad084ed": {
          "type": "custom_text",
          "settings": {
            "text": "New Summer Styles",
            "remove_br_tag": false,
            "fontf": "inherit",
            "text_cl": "#222222",
            "text_fs": 25,
            "text_lh": 26,
            "text_fw": 500,
            "text_ls": 0,
            "text_mgb": 30,
            "font_italic": false,
            "text_shadow": false,
            "hidden_mobile": false,
            "text_fs_mb": 20,
            "text_lh_mb": 24,
            "text_ls_mb": 0,
            "text_mgb_mobile": 10,
            "animation": "fadeInDown"
          }
        },
        "7b891377-7f83-4d41-8a82-7a61ad3e27ae": {
          "type": "custom_text",
          "settings": {
            "text": "ARMCHAIRS",
            "remove_br_tag": true,
            "fontf": "1",
            "text_cl": "#000000",
            "text_fs": 80,
            "text_lh": 80,
            "text_fw": 600,
            "text_ls": 0,
            "text_mgb": 30,
            "font_italic": false,
            "text_shadow": false,
            "hidden_mobile": false,
            "text_fs_mb": 30,
            "text_lh_mb": 40,
            "text_ls_mb": 0,
            "text_mgb_mobile": 20,
            "animation": "fadeInDown"
          }
        },
        "8b83dec9-8f23-47f2-ad38-74d9d847568f": {
          "type": "custom_text",
          "settings": {
            "text": "A Luxury welcome to the word<br> Indochine style!*",
            "remove_br_tag": true,
            "fontf": "1",
            "text_cl": "#000000",
            "text_fs": 38,
            "text_lh": 40,
            "text_fw": 400,
            "text_ls": 0,
            "text_mgb": 30,
            "font_italic": false,
            "text_shadow": false,
            "hidden_mobile": true,
            "text_fs_mb": 20,
            "text_lh_mb": 24,
            "text_ls_mb": 0,
            "text_mgb_mobile": 20,
            "animation": "fadeInLeft"
          }
        },
        "7e205e33-6d1e-4636-96c8-0810eb769222": {
          "type": "custom_button",
          "settings": {
            "button_text": "SHOP ALL \bCHAIRS",
            "button_link": "#",
            "target_link": "_self",
            "fontf": "1",
            "button_icon_w": 0,
            "button_style": "outline",
            "button_effect": "fade",
            "pri_cl": "#ce2a22",
            "second_cl": "#ce2a22",
            "pri_cl_hover": "#b61f18",
            "second_cl_hover": "#ffffff",
            "fsbutton": 14,
            "fwbutton": 400,
            "button_ls": 0,
            "button_mh": 40,
            "button_bdr": 0,
            "button_pd_lr": 15,
            "button_mgb": 0,
            "hidden_mobile": false,
            "button_icon_w_mb": 0,
            "fsbutton_mb": 14,
            "button_mh_mb": 40,
            "button_pd_lr_mb": 15,
            "button_ls_mb": 0,
            "button_mgb_mb": 0,
            "animation": "bounceInUp"
          }
        }
      },
      "block_order": [
        "9700ac7a-6403-4fe4-a7f0-902ce445ef88",
        "169d161a-43a1-419d-9668-8e782ba928ba",
        "f3245dff-94e4-44b2-a04c-ec1d214e1abe",
        "ebb3dd1e-e7db-4504-a5a8-c72c8c5f5d72",
        "9aa9eac5-3bb3-4ae4-a096-be73655da4be",
        "1011d7f1-8801-42f9-b6da-7e724aab0d5f",
        "42d1a76c-0a08-4cbd-8f8c-ef54bad084ed",
        "7b891377-7f83-4d41-8a82-7a61ad3e27ae",
        "8b83dec9-8f23-47f2-ad38-74d9d847568f",
        "7e205e33-6d1e-4636-96c8-0810eb769222"
      ],
      "settings": {
        "se_height": "t4s_ratio_cuspx",
        "custom_dk": false,
        "height_dk": 620,
        "custom_tb": true,
        "height_tb": 600,
        "custom_mb": true,
        "height_mb": 400,
        "eff": "slide",
        "loop": true,
        "au_time": 0,
        "au_hover": true,
        "nav_btn": true,
        "btn_vi": "hover",
        "btn_owl": "default",
        "btn_shape": "round",
        "btn_cl": "light",
        "btn_size": "small",
        "btn_hidden_mobile": false,
        "nav_dot": false,
        "dot_owl": "default",
        "dots_cl": "dark",
        "dots_round": true,
        "dots_space": 10,
        "dots_hidden_mobile": false,
        "layout": "t4s-container-fluid",
        "cl_bg": "",
        "cl_bg_gradient": "",
        "mg": ",,80px,",
        "pd": "",
        "mg_mb": ",,50px,",
        "pd_mb": "",
        "use_cus_css": false,
        "code_cus_css": ".SectionID {\nbackground-color:red\n}"
      }
    },
    "1652844917baecebaf": {
      "type": "custom-section",
      "blocks": {
        "16528449168dc7caf6-0": {
          "type": "bl_col",
          "settings": {
            "col_dk": "12",
            "col_tb": "12",
            "col_mb": "12",
            "align_vertical": true,
            "content_align": "start",
            "content_align_mobile": "center",
            "padding_inner": "",
            "padding_inner_mb": "",
            "bg_cl": "rgba(0,0,0,0)"
          }
        },
        "16528449168dc7caf6-1": {
          "type": "custom_text",
          "settings": {
            "text": "Recommended Today",
            "remove_br_tag": false,
            "fontf": "inherit",
            "text_cl": "#000000",
            "text_fs": 36,
            "text_lh": 40,
            "text_fw": 500,
            "text_ls": 0,
            "font_italic": false,
            "text_shadow": false,
            "text_mgb": 5,
            "hidden_mobile": false,
            "text_fs_mb": 25,
            "text_lh_mb": 30,
            "text_ls_mb": 0,
            "text_mgb_mobile": 0
          }
        }
      },
      "block_order": [
        "16528449168dc7caf6-0",
        "16528449168dc7caf6-1"
      ],
      "settings": {
        "space_h_item": "30",
        "space_v_item": "30",
        "space_h_item_mb": "10",
        "space_v_item_mb": "10",
        "layout": "t4s-container-wrap",
        "cl_bg": "",
        "cl_bg_gradient": "",
        "mg": ",,30px,",
        "pd": "",
        "mg_mb": ",,30px,",
        "pd_mb": "",
        "use_cus_css": false,
        "code_cus_css": ".SectionID {\nbackground-color:red\n}"
      }
    },
    "1646900428a7330faa": {
      "type": "banner",
      "blocks": {
        "16469004275ef340e3-0": {
          "type": "b_item",
          "settings": {
            "custom_dk": true,
            "height_dk": 600,
            "custom_tb": true,
            "height_tb": 400,
            "custom_mb": true,
            "height_mb": 300,
            "image": "shopify:\/\/shop_images\/Collection-f1.jpg",
            "b_link": "#",
            "open_link": "_self",
            "img_effect": "zoom",
            "b_effect": "plus-zoom-overlay",
            "col_dk": "4",
            "col_tb": "6",
            "col_mb": "12",
            "content_align": "start",
            "content_align_mobile": "start",
            "content_width": "auto",
            "cv_pos": 93,
            "ch_pos": 0,
            "cv_pos_mb": 95,
            "ch_pos_mb": 0,
            "bg_overlay": "#000000",
            "bg_opacity": 0,
            "bg_content_bl": true,
            "bg_content_cl": "#ffffff",
            "bg_content_op": 0,
            "content_pd_tb": 20,
            "content_pd_lr": 15,
            "content_pd_tb_mb": 10,
            "content_pd_lr_mb": 15,
            "border_bl": false,
            "br_color": "#222222",
            "br_bg": "#ffffff",
            "br_opacity": 50,
            "br_style": "solid",
            "br_pd": 20,
            "br_pd_mb": 10,
            "time_animation": 1,
            "animation_delay": 40
          }
        },
        "2ce6837b-f3fd-476a-8cc5-aa9620a2fc06": {
          "type": "custom_text",
          "settings": {
            "text": "GARAGE SALE",
            "remove_br_tag": false,
            "fontf": "inherit",
            "text_cl": "#ffffff",
            "text_fs": 24,
            "text_lh": 30,
            "text_fw": 600,
            "text_ls": 0,
            "font_italic": false,
            "text_shadow": false,
            "text_mgb": 10,
            "hidden_mobile": false,
            "text_fs_mb": 20,
            "text_lh_mb": 18,
            "text_ls_mb": 0,
            "text_mgb_mobile": 10,
            "animation": "none"
          }
        },
        "16469004275ef340e3-1": {
          "type": "custom_text",
          "settings": {
            "text": "Discount up to 85% off - Latest model stock!",
            "remove_br_tag": false,
            "fontf": "inherit",
            "text_cl": "#ffffff",
            "text_fs": 15,
            "text_lh": 20,
            "text_fw": 400,
            "text_ls": 0,
            "font_italic": false,
            "text_shadow": false,
            "text_mgb": 0,
            "hidden_mobile": false,
            "text_fs_mb": 15,
            "text_lh_mb": 20,
            "text_ls_mb": 0,
            "text_mgb_mobile": 0,
            "animation": "none"
          }
        },
        "16469004275ef340e3-3": {
          "type": "b_item",
          "settings": {
            "custom_dk": true,
            "height_dk": 480,
            "custom_tb": true,
            "height_tb": 400,
            "custom_mb": true,
            "height_mb": 300,
            "image": "shopify:\/\/shop_images\/Collection-f2.jpg",
            "b_link": "#",
            "open_link": "_self",
            "img_effect": "zoom",
            "b_effect": "plus-zoom-overlay",
            "col_dk": "4",
            "col_tb": "6",
            "col_mb": "12",
            "content_align": "start",
            "content_align_mobile": "start",
            "content_width": "auto",
            "cv_pos": 93,
            "ch_pos": 0,
            "cv_pos_mb": 95,
            "ch_pos_mb": 0,
            "bg_overlay": "#000000",
            "bg_opacity": 0,
            "bg_content_bl": true,
            "bg_content_cl": "#ffffff",
            "bg_content_op": 0,
            "content_pd_tb": 20,
            "content_pd_lr": 15,
            "content_pd_tb_mb": 10,
            "content_pd_lr_mb": 15,
            "border_bl": false,
            "br_color": "#222222",
            "br_bg": "#ffffff",
            "br_opacity": 50,
            "br_style": "solid",
            "br_pd": 20,
            "br_pd_mb": 10,
            "time_animation": 1,
            "animation_delay": 40
          }
        },
        "16469004275ef340e3-2": {
          "type": "custom_text",
          "settings": {
            "text": "COLLECTION ‘22",
            "remove_br_tag": false,
            "fontf": "inherit",
            "text_cl": "#ffffff",
            "text_fs": 24,
            "text_lh": 24,
            "text_fw": 500,
            "text_ls": 0,
            "font_italic": false,
            "text_shadow": false,
            "text_mgb": 10,
            "hidden_mobile": false,
            "text_fs_mb": 20,
            "text_lh_mb": 22,
            "text_ls_mb": 0,
            "text_mgb_mobile": 5,
            "animation": "none"
          }
        },
        "16469004275ef340e3-4": {
          "type": "custom_text",
          "settings": {
            "text": "Exclusive model carpet with trendy print",
            "remove_br_tag": false,
            "fontf": "2",
            "text_cl": "#ffffff",
            "text_fs": 15,
            "text_lh": 20,
            "text_fw": 400,
            "text_ls": 0,
            "font_italic": false,
            "text_shadow": false,
            "text_mgb": 0,
            "hidden_mobile": false,
            "text_fs_mb": 15,
            "text_lh_mb": 20,
            "text_ls_mb": 0,
            "text_mgb_mobile": 0,
            "animation": "none"
          }
        },
        "85bde535-9bc6-47e4-8e5d-8408c4db1cc4": {
          "type": "b_item",
          "settings": {
            "custom_dk": true,
            "height_dk": 600,
            "custom_tb": true,
            "height_tb": 400,
            "custom_mb": true,
            "height_mb": 300,
            "image": "shopify:\/\/shop_images\/Collection-f3.jpg",
            "b_link": "#",
            "open_link": "_self",
            "img_effect": "zoom",
            "b_effect": "plus-zoom-overlay",
            "col_dk": "4",
            "col_tb": "6",
            "col_mb": "12",
            "content_align": "start",
            "content_align_mobile": "start",
            "content_width": "auto",
            "cv_pos": 93,
            "ch_pos": 0,
            "cv_pos_mb": 95,
            "ch_pos_mb": 0,
            "bg_overlay": "#000000",
            "bg_opacity": 0,
            "bg_content_bl": true,
            "bg_content_cl": "#ffffff",
            "bg_content_op": 0,
            "content_pd_tb": 20,
            "content_pd_lr": 15,
            "content_pd_tb_mb": 10,
            "content_pd_lr_mb": 15,
            "border_bl": false,
            "br_color": "#222222",
            "br_bg": "#ffffff",
            "br_opacity": 50,
            "br_style": "solid",
            "br_pd": 20,
            "br_pd_mb": 10,
            "time_animation": 1,
            "animation_delay": 40
          }
        },
        "6df010de-231b-4a95-a5cf-74b4fbc97628": {
          "type": "custom_text",
          "settings": {
            "text": "CUSTOMIZE TOOL",
            "remove_br_tag": false,
            "fontf": "1",
            "text_cl": "#ffffff",
            "text_fs": 24,
            "text_lh": 30,
            "text_fw": 500,
            "text_ls": 0,
            "font_italic": false,
            "text_shadow": false,
            "text_mgb": 10,
            "hidden_mobile": false,
            "text_fs_mb": 20,
            "text_lh_mb": 20,
            "text_ls_mb": 0,
            "text_mgb_mobile": 5,
            "animation": "none"
          }
        },
        "221d3eeb-62a6-44eb-8b5a-b7b70ef5aa89": {
          "type": "custom_text",
          "settings": {
            "text": "Stylish new storage Furniture of 2022!",
            "remove_br_tag": false,
            "fontf": "2",
            "text_cl": "#ffffff",
            "text_fs": 15,
            "text_lh": 20,
            "text_fw": 400,
            "text_ls": 0,
            "font_italic": false,
            "text_shadow": false,
            "text_mgb": 0,
            "hidden_mobile": false,
            "text_fs_mb": 15,
            "text_lh_mb": 20,
            "text_ls_mb": 0,
            "text_mgb_mobile": 0,
            "animation": "none"
          }
        }
      },
      "block_order": [
        "16469004275ef340e3-0",
        "2ce6837b-f3fd-476a-8cc5-aa9620a2fc06",
        "16469004275ef340e3-1",
        "16469004275ef340e3-3",
        "16469004275ef340e3-2",
        "16469004275ef340e3-4",
        "85bde535-9bc6-47e4-8e5d-8408c4db1cc4",
        "6df010de-231b-4a95-a5cf-74b4fbc97628",
        "221d3eeb-62a6-44eb-8b5a-b7b70ef5aa89"
      ],
      "settings": {
        "image_ratio": "ratioadapt",
        "image_size": "cover",
        "image_position": "8",
        "equal_height": false,
        "space_h_item": "30",
        "space_v_item": "30",
        "space_h_item_mb": "10",
        "space_v_item_mb": "10",
        "layout": "t4s-container-wrap",
        "cl_bg": "",
        "cl_bg_gradient": "",
        "mg": ",,70px,",
        "pd": "",
        "mg_mb": ",,50px,",
        "pd_mb": "",
        "use_cus_css": false,
        "code_cus_css": ".SectionID {\nbackground-color:red\n}"
      }
    },
    "165284622764a760b6": {
      "type": "custom-section",
      "blocks": {
        "165284622733f1a435-0": {
          "type": "bl_col",
          "settings": {
            "col_dk": "12",
            "col_tb": "12",
            "col_mb": "12",
            "align_vertical": true,
            "content_align": "start",
            "content_align_mobile": "center",
            "padding_inner": "30px,,30px",
            "padding_inner_mb": "",
            "bg_cl": "rgba(0,0,0,0)"
          }
        },
        "165284622733f1a435-1": {
          "type": "custom_text",
          "settings": {
            "text": "Popular Categories",
            "remove_br_tag": false,
            "fontf": "inherit",
            "text_cl": "#000000",
            "text_fs": 36,
            "text_lh": 40,
            "text_fw": 500,
            "text_ls": 0,
            "font_italic": false,
            "text_shadow": false,
            "text_mgb": 0,
            "hidden_mobile": false,
            "text_fs_mb": 25,
            "text_lh_mb": 30,
            "text_ls_mb": 0,
            "text_mgb_mobile": 0
          }
        }
      },
      "block_order": [
        "165284622733f1a435-0",
        "165284622733f1a435-1"
      ],
      "settings": {
        "space_h_item": "30",
        "space_v_item": "30",
        "space_h_item_mb": "10",
        "space_v_item_mb": "10",
        "layout": "t4s-container-wrap",
        "cl_bg": "",
        "cl_bg_gradient": "",
        "mg": ",,20px,",
        "pd": "",
        "mg_mb": ",,20px,",
        "pd_mb": "",
        "use_cus_css": false,
        "code_cus_css": ".SectionID {\nbackground-color:red\n}"
      }
    },
    "16528458936aa71060": {
      "type": "collections-list-packery",
      "blocks": {
        "1652845893d674b17e-0": {
          "type": "collection_item",
          "settings": {
            "collection": "bakery",
            "image": "shopify:\/\/shop_images\/cf1.jpg",
            "col_dk": "6",
            "col_tb": "6",
            "col_mb": "12",
            "collection_title": "Straight Sofas",
            "collection_link": ""
          }
        },
        "1652845893d674b17e-1": {
          "type": "collection_item",
          "settings": {
            "collection": "funiture",
            "image": "shopify:\/\/shop_images\/cf2.jpg",
            "col_dk": "3",
            "col_tb": "3",
            "col_mb": "6",
            "collection_title": "Mattresses",
            "collection_link": ""
          }
        },
        "1652845893d674b17e-2": {
          "type": "collection_item",
          "settings": {
            "collection": "funiture",
            "image": "shopify:\/\/shop_images\/cf3.jpg",
            "col_dk": "3",
            "col_tb": "3",
            "col_mb": "6",
            "collection_title": "Topper Cover",
            "collection_link": ""
          }
        },
        "1652845893d674b17e-3": {
          "type": "collection_item",
          "settings": {
            "collection": "",
            "image": "shopify:\/\/shop_images\/cf7.jpg",
            "col_dk": "6",
            "col_tb": "6",
            "col_mb": "12",
            "collection_title": "Collection title",
            "collection_link": ""
          }
        },
        "1652845893d674b17e-5": {
          "type": "collection_item",
          "settings": {
            "collection": "handmade",
            "image": "shopify:\/\/shop_images\/cf4.jpg",
            "col_dk": "3",
            "col_tb": "3",
            "col_mb": "6",
            "collection_title": "Armchairs",
            "collection_link": ""
          }
        },
        "1652845893d674b17e-4": {
          "type": "collection_item",
          "settings": {
            "collection": "",
            "image": "shopify:\/\/shop_images\/cf6.jpg",
            "col_dk": "3",
            "col_tb": "3",
            "col_mb": "6",
            "collection_title": "Beds",
            "collection_link": ""
          }
        }
      },
      "block_order": [
        "1652845893d674b17e-0",
        "1652845893d674b17e-1",
        "1652845893d674b17e-2",
        "1652845893d674b17e-3",
        "1652845893d674b17e-5",
        "1652845893d674b17e-4"
      ],
      "settings": {
        "design_heading": "1",
        "heading_align": "t4s-text-center",
        "top_heading": "",
        "icon_heading": "las la-gem",
        "top_subheading": "",
        "tophead_mb": 30,
        "collection_des": "1",
        "title_cl": "#ffffff",
        "title_cl_hover": "#222222",
        "subtitle_cl": "#878787",
        "count_cl": "#222222",
        "border_cl": "#e5e5e5",
        "collection_subtitle": "Products",
        "open_link": "_self",
        "space_bottom": 20,
        "space_bottom_mb": 10,
        "border": false,
        "item_pd": 0,
        "item_rd": 0,
        "img_effect": "zoom",
        "b_effect": "none",
        "image_ratio": "ratio3_2",
        "image_size": "cover",
        "image_position": "8",
        "col_dk": "4",
        "col_tb": "4",
        "col_mb": "2",
        "space_h_item": "20",
        "space_v_item": "20",
        "space_h_item_mb": "10",
        "space_v_item_mb": "10",
        "layout": "t4s-container-wrap",
        "cl_bg": "",
        "cl_bg_gradient": "",
        "mg": ",,50px,",
        "pd": "",
        "mg_mb": ",,50px,",
        "pd_mb": "",
        "use_cus_css": false,
        "code_cus_css": ".SectionID {\nbackground-color:red\n}"
      }
    },
    "1646965575e66b9b7d": {
      "type": "custom-section",
      "blocks": {
        "16469655750f324f02-0": {
          "type": "bl_col",
          "settings": {
            "col_dk": "6",
            "col_tb": "6",
            "col_mb": "12",
            "align_vertical": true,
            "content_align": "start",
            "content_align_mobile": "center",
            "padding_inner": "0",
            "padding_inner_mb": "",
            "bg_cl": "rgba(0,0,0,0)"
          }
        },
        "16469655750f324f02-1": {
          "type": "custom_text",
          "settings": {
            "text": "Trending Products",
            "remove_br_tag": false,
            "fontf": "1",
            "text_cl": "#000000",
            "text_fs": 36,
            "text_lh": 40,
            "text_fw": 500,
            "text_ls": 0,
            "font_italic": false,
            "text_shadow": false,
            "text_mgb": 5,
            "hidden_mobile": false,
            "text_fs_mb": 25,
            "text_lh_mb": 30,
            "text_ls_mb": 0,
            "text_mgb_mobile": 10
          }
        },
        "16469655750f324f02-3": {
          "type": "bl_col",
          "settings": {
            "col_dk": "6",
            "col_tb": "6",
            "col_mb": "12",
            "align_vertical": true,
            "content_align": "end",
            "content_align_mobile": "center",
            "padding_inner": "0",
            "padding_inner_mb": "0",
            "bg_cl": "rgba(0,0,0,0)"
          }
        },
        "ee5dc86a-7812-4d78-ba4f-9e7a764c9914": {
          "type": "custom_button",
          "settings": {
            "button_text": "See all products",
            "button_link": "https:\/\/demo-kalles-4-2.myshopify.com\/collections\/funiture",
            "target_link": "_self",
            "fontf": "inherit",
            "button_icon_w": 0,
            "button_style": "bordered",
            "button_effect": "fade",
            "pri_cl": "#222222",
            "second_cl": "#ffffff",
            "pri_cl_hover": "#1e4966",
            "second_cl_hover": "#ffffff",
            "fsbutton": 16,
            "fwbutton": 600,
            "button_ls": 0,
            "button_mh": 30,
            "button_bdr": 0,
            "button_pd_lr": 0,
            "button_mgb": 0,
            "hidden_mobile": false,
            "button_icon_w_mb": 0,
            "fsbutton_mb": 14,
            "button_mh_mb": 10,
            "button_pd_lr_mb": 15,
            "button_ls_mb": 0,
            "button_mgb_mb": 0
          }
        }
      },
      "block_order": [
        "16469655750f324f02-0",
        "16469655750f324f02-1",
        "16469655750f324f02-3",
        "ee5dc86a-7812-4d78-ba4f-9e7a764c9914"
      ],
      "settings": {
        "space_h_item": "30",
        "space_v_item": "30",
        "space_h_item_mb": "10",
        "space_v_item_mb": "0",
        "layout": "t4s-container-wrap",
        "cl_bg": "",
        "cl_bg_gradient": "",
        "mg": ",,40px,",
        "pd": "",
        "mg_mb": ",,20px,",
        "pd_mb": "",
        "use_cus_css": true,
        "code_cus_css": "a.t4s-btn-style-bordered {\n    border-bottom: solid 2px;\nline-height: 1.4;\nfont-weight:400;\n}"
      }
    },
    "1646965799496c9bc6": {
      "type": "featured-collection",
      "settings": {
        "design_heading": "1",
        "heading_align": "t4s-text-center",
        "top_heading": "",
        "icon_heading": "las la-gem",
        "top_subheading": "",
        "tophead_mb": 30,
        "collection": "funiture",
        "product_des": "2",
        "show_vendor": false,
        "image_ratio": "rationt",
        "image_size": "cover",
        "image_position": "8",
        "content_align": "default",
        "limit": 10,
        "col_dk": "4",
        "col_tb": "3",
        "col_mb": "2",
        "space_h_item": "30",
        "space_v_item": "30",
        "space_h_item_mb": "10",
        "space_v_item_mb": "10",
        "layout_des": "2",
        "loop": true,
        "au_time": 0,
        "au_hover": true,
        "nav_btn": true,
        "btn_vi": "hover",
        "btn_owl": "default",
        "btn_shape": "round",
        "btn_cl": "light",
        "btn_size": "small",
        "btn_hidden_mobile": false,
        "nav_dot": false,
        "dot_owl": "default",
        "dots_cl": "dark",
        "dots_round": false,
        "dots_space": 10,
        "dots_hidden_mobile": false,
        "use_pagination": "none",
        "enable_bar_lm": true,
        "btn_icon": false,
        "button_style": "default",
        "btns_size": "medium",
        "btns_cl": "default",
        "button_effect": "fade",
        "btn_pos": "t4s-text-center",
        "layout": "t4s-container-wrap",
        "cl_bg": "",
        "cl_bg_gradient": "",
        "mg": ",,80px,",
        "pd": "",
        "mg_mb": ",,50px,",
        "pd_mb": "",
        "use_cus_css": false,
        "code_cus_css": ".SectionID {\nbackground-color:red\n}"
      }
    },
    "1652848153eb8e3b28": {
      "type": "custom-section",
      "blocks": {
        "16528481526525ab4e-0": {
          "type": "bl_col",
          "settings": {
            "col_dk": "6",
            "col_tb": "6",
            "col_mb": "12",
            "align_vertical": true,
            "content_align": "start",
            "content_align_mobile": "center",
            "padding_inner": "30px,,30px",
            "padding_inner_mb": "30px,,0px",
            "bg_cl": "rgba(0,0,0,0)"
          }
        },
        "16528481526525ab4e-1": {
          "type": "custom_text",
          "settings": {
            "text": "AESTHETICS",
            "remove_br_tag": false,
            "fontf": "inherit",
            "text_cl": "#ffffff",
            "text_fs": 60,
            "text_lh": 60,
            "text_fw": 500,
            "text_ls": 0,
            "font_italic": false,
            "text_shadow": false,
            "text_mgb": 30,
            "hidden_mobile": false,
            "text_fs_mb": 30,
            "text_lh_mb": 30,
            "text_ls_mb": 0,
            "text_mgb_mobile": 20
          }
        },
        "16528481526525ab4e-2": {
          "type": "custom_text",
          "settings": {
            "text": "Flexible, playful, and space-saving, the Mode Desk is designed\nto work anywhere. Make it your own with drawers that move to\neither side and your choice of desktop, drawer. Under-desk cable management and a leg slot for wires\nboost its practicality.",
            "remove_br_tag": false,
            "fontf": "inherit",
            "text_cl": "#ffffff",
            "text_fs": 21,
            "text_lh": 36,
            "text_fw": 400,
            "text_ls": 0,
            "font_italic": false,
            "text_shadow": false,
            "text_mgb": 40,
            "hidden_mobile": false,
            "text_fs_mb": 15,
            "text_lh_mb": 20,
            "text_ls_mb": 0,
            "text_mgb_mobile": 20
          }
        },
        "df8fd03f-1f99-4e1d-b95a-68620e32fca4": {
          "type": "custom_button",
          "settings": {
            "button_text": "VIEW COLLECTION",
            "button_link": "#",
            "target_link": "_self",
            "fontf": "inherit",
            "button_icon_w": 0,
            "button_style": "default",
            "button_effect": "default",
            "pri_cl": "#d9281f",
            "second_cl": "#ffffff",
            "pri_cl_hover": "#ce2a22",
            "second_cl_hover": "#ffffff",
            "fsbutton": 14,
            "fwbutton": 400,
            "button_ls": 0.6,
            "button_mh": 48,
            "button_bdr": 0,
            "button_pd_lr": 35,
            "button_mgb": 0,
            "hidden_mobile": false,
            "button_icon_w_mb": 0,
            "fsbutton_mb": 12,
            "button_mh_mb": 36,
            "button_pd_lr_mb": 15,
            "button_ls_mb": 0,
            "button_mgb_mb": 0
          }
        },
        "16528481526525ab4e-3": {
          "type": "bl_col",
          "settings": {
            "col_dk": "6",
            "col_tb": "6",
            "col_mb": "12",
            "align_vertical": true,
            "content_align": "center",
            "content_align_mobile": "center",
            "padding_inner": "80px,,80px,",
            "padding_inner_mb": "30px,,30px,",
            "bg_cl": "rgba(0,0,0,0)"
          }
        },
        "429933b6-e7cc-4778-b800-4fc43145cf4a": {
          "type": "image",
          "settings": {
            "image_child": "shopify:\/\/shop_images\/bn-f.jpg",
            "img_width": 0,
            "img_width_mb": 0,
            "hidden_mobile": false,
            "mgb": 20,
            "mgb_mb": 20
          }
        }
      },
      "block_order": [
        "16528481526525ab4e-0",
        "16528481526525ab4e-1",
        "16528481526525ab4e-2",
        "df8fd03f-1f99-4e1d-b95a-68620e32fca4",
        "16528481526525ab4e-3",
        "429933b6-e7cc-4778-b800-4fc43145cf4a"
      ],
      "settings": {
        "space_h_item": "30",
        "space_v_item": "30",
        "space_h_item_mb": "10",
        "space_v_item_mb": "10",
        "layout": "t4s-container-wrap",
        "cl_bg": "#1e4966",
        "cl_bg_gradient": "",
        "mg": ",,50px,",
        "pd": "",
        "mg_mb": ",,50px,",
        "pd_mb": "",
        "use_cus_css": false,
        "code_cus_css": ".SectionID {\nbackground-color:red\n}"
      }
    },
    "164696649053becbc2": {
      "type": "custom-section",
      "blocks": {
        "164696649041c796c4-0": {
          "type": "bl_col",
          "settings": {
            "col_dk": "6",
            "col_tb": "6",
            "col_mb": "12",
            "align_vertical": true,
            "content_align": "start",
            "content_align_mobile": "center",
            "padding_inner": "0",
            "padding_inner_mb": "0",
            "bg_cl": "rgba(0,0,0,0)"
          }
        },
        "164696649041c796c4-1": {
          "type": "custom_text",
          "settings": {
            "text": "Deals Of The Week",
            "remove_br_tag": false,
            "fontf": "1",
            "text_cl": "#000000",
            "text_fs": 36,
            "text_lh": 40,
            "text_fw": 500,
            "text_ls": 0,
            "font_italic": false,
            "text_shadow": false,
            "text_mgb": 0,
            "hidden_mobile": false,
            "text_fs_mb": 25,
            "text_lh_mb": 20,
            "text_ls_mb": 0,
            "text_mgb_mobile": 10
          }
        },
        "164696649041c796c4-3": {
          "type": "bl_col",
          "settings": {
            "col_dk": "6",
            "col_tb": "6",
            "col_mb": "12",
            "align_vertical": true,
            "content_align": "end",
            "content_align_mobile": "center",
            "padding_inner": "30px,,30px",
            "padding_inner_mb": "",
            "bg_cl": "rgba(0,0,0,0)"
          }
        },
        "50424b21-3788-4dca-a7f1-ed5995601a92": {
          "type": "custom_button",
          "settings": {
            "button_text": "See all products",
            "button_link": "https:\/\/demo-kalles-4-2.myshopify.com\/collections\/wardrobes",
            "target_link": "_self",
            "fontf": "inherit",
            "button_icon_w": 0,
            "button_style": "bordered",
            "button_effect": "fade",
            "pri_cl": "#222222",
            "second_cl": "#ffffff",
            "pri_cl_hover": "#1e4966",
            "second_cl_hover": "#ffffff",
            "fsbutton": 16,
            "fwbutton": 600,
            "button_ls": 0,
            "button_mh": 30,
            "button_bdr": 0,
            "button_pd_lr": 0,
            "button_mgb": 0,
            "hidden_mobile": false,
            "button_icon_w_mb": 0,
            "fsbutton_mb": 14,
            "button_mh_mb": 10,
            "button_pd_lr_mb": 15,
            "button_ls_mb": 0,
            "button_mgb_mb": 0
          }
        }
      },
      "block_order": [
        "164696649041c796c4-0",
        "164696649041c796c4-1",
        "164696649041c796c4-3",
        "50424b21-3788-4dca-a7f1-ed5995601a92"
      ],
      "settings": {
        "space_h_item": "0",
        "space_v_item": "30",
        "space_h_item_mb": "10",
        "space_v_item_mb": "0",
        "layout": "t4s-container-wrap",
        "cl_bg": "",
        "cl_bg_gradient": "",
        "mg": ",,20px,",
        "pd": "",
        "mg_mb": ",,20px,",
        "pd_mb": "",
        "use_cus_css": true,
        "code_cus_css": "a.t4s-btn-style-bordered {\n    border-bottom: solid 2px;\nline-height: 1.4;\nfont-weight:400;\n}"
      }
    },
    "1652846730793d06b1": {
      "type": "featured-collection",
      "settings": {
        "design_heading": "1",
        "heading_align": "t4s-text-center",
        "top_heading": "",
        "icon_heading": "las la-gem",
        "top_subheading": "",
        "tophead_mb": 30,
        "collection": "wardrobes",
        "product_des": "1",
        "show_vendor": false,
        "image_ratio": "rationt",
        "image_size": "cover",
        "image_position": "8",
        "content_align": "default",
        "limit": 8,
        "col_dk": "3",
        "col_tb": "2",
        "col_mb": "2",
        "space_h_item": "30",
        "space_v_item": "30",
        "space_h_item_mb": "10",
        "space_v_item_mb": "10",
        "layout_des": "2",
        "loop": true,
        "au_time": 0,
        "au_hover": true,
        "nav_btn": true,
        "btn_vi": "hover",
        "btn_owl": "default",
        "btn_shape": "round",
        "btn_cl": "light",
        "btn_size": "small",
        "btn_hidden_mobile": false,
        "nav_dot": false,
        "dot_owl": "default",
        "dots_cl": "dark",
        "dots_round": true,
        "dots_space": 10,
        "dots_hidden_mobile": false,
        "use_pagination": "none",
        "enable_bar_lm": true,
        "btn_icon": false,
        "button_style": "default",
        "btns_size": "large",
        "btns_cl": "dark",
        "button_effect": "default",
        "btn_pos": "t4s-text-center",
        "layout": "t4s-container-wrap",
        "cl_bg": "",
        "cl_bg_gradient": "",
        "mg": ",,50px,",
        "pd": "",
        "mg_mb": ",,50px,",
        "pd_mb": "",
        "use_cus_css": false,
        "code_cus_css": ".SectionID {\nbackground-color:red\n}"
      }
    },
    "1652846880cdc6bce3": {
      "type": "line",
      "settings": {
        "line_style": "solid",
        "line_width": 100,
        "line_height": 1,
        "line_cl": "#e8e9eb",
        "line_pos": "t4s-text-start",
        "layout": "t4s-container-wrap",
        "mg": ",,50px,",
        "mg_mb": ",,30px,",
        "use_cus_css": false,
        "code_cus_css": ".SectionID {\nbackground-color:red\n}"
      }
    },
    "1646967016ec77720b": {
      "type": "shipping",
      "blocks": {
        "1646967015343c0808-0": {
          "type": "shipping",
          "settings": {
            "icon_themes": "car",
            "image_icon": "shopify:\/\/shop_images\/shipping_f1.png",
            "icon": "la-location-arrow",
            "title": "24H SERVICES",
            "text": "<p>Consultations via email.<\/p>"
          }
        },
        "1646967015343c0808-1": {
          "type": "shipping",
          "settings": {
            "icon_themes": "help",
            "image_icon": "shopify:\/\/shop_images\/shipping_f2.png",
            "icon": "la-envelope-open",
            "title": "FREE RETURNS",
            "text": "<p>And packaged with love.<\/p>"
          }
        },
        "1646967015343c0808-2": {
          "type": "shipping",
          "settings": {
            "icon_themes": "refesh",
            "image_icon": "shopify:\/\/shop_images\/shipping_f3.png",
            "icon": "la-phone-volume",
            "title": "ORDER TRACKING",
            "text": "<p>Accept major credit cards.<\/p>"
          }
        },
        "1646967015343c0808-3": {
          "type": "shipping",
          "settings": {
            "icon_themes": "door-lock",
            "image_icon": "shopify:\/\/shop_images\/shipping_f4.png",
            "icon": "la-clock",
            "title": "FAST DELIVERY",
            "text": "<p>On orders abouve $50.<\/p>"
          }
        }
      },
      "block_order": [
        "1646967015343c0808-0",
        "1646967015343c0808-1",
        "1646967015343c0808-2",
        "1646967015343c0808-3"
      ],
      "settings": {
        "design_heading": "1",
        "heading_align": "t4s-text-center",
        "top_heading": "",
        "icon_heading": "las la-gem",
        "top_subheading": "",
        "tophead_mb": 30,
        "content_align": "text-start",
        "align_vertical": false,
        "design_padding": "1",
        "source": "get_image",
        "icon_des": "deafult",
        "icon_size": "medium",
        "col_dk": "4",
        "col_tb": "2",
        "col_mb": "1",
        "border": false,
        "cl_bd": "#dddddd",
        "cl_ic": "#4e97fd",
        "cl_hd": "#222222",
        "cl_cot": "#878787",
        "bg_item": "#ffffff",
        "space_h_item": "30",
        "space_v_item": "30",
        "space_h_item_mb": "10",
        "space_v_item_mb": "30",
        "carousel_mobile": false,
        "dots_cl": "dark",
        "dots_round": true,
        "layout": "t4s-container-wrap",
        "cl_bg": "rgba(0,0,0,0)",
        "cl_bg_gradient": "",
        "mg": ",,80px,",
        "pd": "0,",
        "mg_mb": ",,50px,",
        "pd_mb": "0",
        "use_cus_css": false,
        "code_cus_css": ".SectionID {\nbackground-color:red\n}"
      }
    }
  },
  "order": [
    "1646631809432fc801",
    "1652844917baecebaf",
    "1646900428a7330faa",
    "165284622764a760b6",
    "16528458936aa71060",
    "1646965575e66b9b7d",
    "1646965799496c9bc6",
    "1652848153eb8e3b28",
    "164696649053becbc2",
    "1652846730793d06b1",
    "1652846880cdc6bce3",
    "1646967016ec77720b"
  ]
}