{
  "sections": {
    "16461627553debd4ba": {
      "type": "slideshow",
      "blocks": {
        "73731f51-f53c-4b3f-b57f-a8ed7aef8fb6": {
          "type": "image_parent",
          "settings": {
            "image": "shopify:\/\/shop_images\/b-s12.jpg",
            "image_mb": "shopify:\/\/shop_images\/Main-Bannermobile.jpg",
            "image_position": "8",
            "cl_img": "",
            "link_img1": "",
            "open_link": "_blank",
            "animate_slide": "none",
            "text_align": "start",
            "text_align_mb": "start",
            "content_width": "container",
            "cv_pos": 50,
            "ch_pos": 50,
            "cv_pos_mb": 50,
            "ch_pos_mb": 50,
            "bg_overlay": "#000000",
            "bg_opacity": 0,
            "bg_content_cl": "#ffffff",
            "bg_content_op": 0,
            "content_pd_tb": 20,
            "content_pd_lr": 15,
            "content_pd_tb_mb": 10,
            "content_pd_lr_mb": 15,
            "border_bl": false,
            "br_color": "#222222",
            "br_bg": "#ffffff",
            "br_opacity": 50,
            "br_style": "solid",
            "br_pd": 20,
            "br_pd_mb": 10,
            "time_animation": 1,
            "animation_delay": 40
          }
        },
        "03c9cc3d-4842-413f-b737-219c75cc0881": {
          "type": "custom_text",
          "settings": {
            "text": "SINCE 1955",
            "remove_br_tag": false,
            "fontf": "inherit",
            "text_cl": "#bb9230",
            "text_fs": 17,
            "text_lh": 24,
            "text_fw": 500,
            "text_ls": 4,
            "text_mgb": 15,
            "font_italic": false,
            "text_shadow": false,
            "hidden_mobile": false,
            "text_fs_mb": 16,
            "text_lh_mb": 24,
            "text_ls_mb": 2,
            "text_mgb_mobile": 10,
            "animation": "none"
          }
        },
        "0d4a05fb-35aa-4feb-b016-c19d0aa770e9": {
          "type": "custom_text",
          "settings": {
            "text": "Quality Bread<br>& Pastries",
            "remove_br_tag": false,
            "fontf": "2",
            "text_cl": "#222222",
            "text_fs": 70,
            "text_lh": 74,
            "text_fw": 700,
            "text_ls": 0,
            "text_mgb": 20,
            "font_italic": false,
            "text_shadow": false,
            "hidden_mobile": false,
            "text_fs_mb": 30,
            "text_lh_mb": 34,
            "text_ls_mb": 0,
            "text_mgb_mobile": 20,
            "animation": "none"
          }
        },
        "164616275497118f56-0": {
          "type": "image",
          "settings": {
            "image_child": "shopify:\/\/shop_images\/pattenr_ca7b0479-d28c-4699-96b8-b6f403a7cb76.png",
            "img_width": 80,
            "img_width_mb": 80,
            "hidden_mobile": false,
            "mgb": 20,
            "mgb_mb": 10,
            "animation": "none"
          }
        },
        "14956ddf-1a21-498f-8bf4-7404c6a085cd": {
          "type": "custom_text",
          "settings": {
            "text": "Kalles is contributing to campaign zero & black visions...",
            "remove_br_tag": false,
            "fontf": "inherit",
            "text_cl": "#000000",
            "text_fs": 14,
            "text_lh": 0,
            "text_fw": 400,
            "text_ls": 0,
            "text_mgb": 30,
            "font_italic": false,
            "text_shadow": false,
            "hidden_mobile": false,
            "text_fs_mb": 14,
            "text_lh_mb": 20,
            "text_ls_mb": 0,
            "text_mgb_mobile": 20,
            "animation": "none"
          }
        },
        "fe59bd4f-007b-4812-aa1d-f8b2fc43b523": {
          "type": "custom_button",
          "settings": {
            "button_text": "EXPLORE MORE",
            "button_link": "#",
            "target_link": "_self",
            "fontf": "inherit",
            "button_icon_w": 0,
            "button_style": "default",
            "button_effect": "fade",
            "pri_cl": "#222222",
            "second_cl": "#ffffff",
            "pri_cl_hover": "#bb9230",
            "second_cl_hover": "#ffffff",
            "fsbutton": 14,
            "fwbutton": 500,
            "button_ls": 1,
            "button_mh": 46,
            "button_bdr": 0,
            "button_pd_lr": 36,
            "button_mgb": 0,
            "hidden_mobile": false,
            "button_icon_w_mb": 0,
            "fsbutton_mb": 14,
            "button_mh_mb": 36,
            "button_pd_lr_mb": 15,
            "button_ls_mb": 0,
            "button_mgb_mb": 0,
            "animation": "none"
          }
        },
        "a841dcca-0824-4e40-a62e-ff780a3c18a0": {
          "type": "image_parent",
          "settings": {
            "image": "shopify:\/\/shop_images\/b-s2.jpg",
            "image_position": "8",
            "cl_img": "",
            "link_img1": "",
            "open_link": "_blank",
            "animate_slide": "none",
            "text_align": "start",
            "text_align_mb": "start",
            "content_width": "container",
            "cv_pos": 50,
            "ch_pos": 0,
            "cv_pos_mb": 50,
            "ch_pos_mb": 0,
            "bg_overlay": "#000000",
            "bg_opacity": 0,
            "bg_content_cl": "#ffffff",
            "bg_content_op": 0,
            "content_pd_tb": 20,
            "content_pd_lr": 13,
            "content_pd_tb_mb": 10,
            "content_pd_lr_mb": 15,
            "border_bl": false,
            "br_color": "#222222",
            "br_bg": "#ffffff",
            "br_opacity": 50,
            "br_style": "solid",
            "br_pd": 20,
            "br_pd_mb": 10,
            "time_animation": 1,
            "animation_delay": 40
          }
        },
        "184e6b15-4136-4835-8906-be6bdf3e1de5": {
          "type": "custom_text",
          "settings": {
            "text": "SALE 50% OFF",
            "remove_br_tag": false,
            "fontf": "1",
            "text_cl": "#bb9230",
            "text_fs": 17,
            "text_lh": 24,
            "text_fw": 500,
            "text_ls": 4,
            "text_mgb": 15,
            "font_italic": false,
            "text_shadow": false,
            "hidden_mobile": false,
            "text_fs_mb": 17,
            "text_lh_mb": 21,
            "text_ls_mb": 2,
            "text_mgb_mobile": 10,
            "animation": "none"
          }
        },
        "4b5c9a8c-8bca-414a-9fb3-e853983b0ca8": {
          "type": "custom_text",
          "settings": {
            "text": "Tiny Cupcakes<br>& Cookies",
            "remove_br_tag": false,
            "fontf": "2",
            "text_cl": "#222222",
            "text_fs": 70,
            "text_lh": 74,
            "text_fw": 700,
            "text_ls": 0,
            "text_mgb": 25,
            "font_italic": false,
            "text_shadow": false,
            "hidden_mobile": false,
            "text_fs_mb": 30,
            "text_lh_mb": 34,
            "text_ls_mb": 0,
            "text_mgb_mobile": 20,
            "animation": "none"
          }
        },
        "164616275497118f56-4": {
          "type": "image",
          "settings": {
            "image_child": "shopify:\/\/shop_images\/pattenr_ca7b0479-d28c-4699-96b8-b6f403a7cb76.png",
            "img_width": 80,
            "img_width_mb": 80,
            "hidden_mobile": false,
            "mgb": 20,
            "mgb_mb": 15,
            "animation": "none"
          }
        },
        "d7b7691e-ce58-4b67-9ffe-52aa297042ff": {
          "type": "custom_text",
          "settings": {
            "text": "Kalles is contributing to campaign zero & black visions...",
            "remove_br_tag": false,
            "fontf": "inherit",
            "text_cl": "#222222",
            "text_fs": 14,
            "text_lh": 20,
            "text_fw": 400,
            "text_ls": 0,
            "text_mgb": 30,
            "font_italic": false,
            "text_shadow": false,
            "hidden_mobile": false,
            "text_fs_mb": 14,
            "text_lh_mb": 20,
            "text_ls_mb": 0,
            "text_mgb_mobile": 20,
            "animation": "none"
          }
        },
        "817cbf81-51f5-427b-832d-c2fece105693": {
          "type": "custom_button",
          "settings": {
            "button_text": "EXPLORE MORE",
            "button_link": "#",
            "target_link": "_self",
            "fontf": "inherit",
            "button_icon_w": 0,
            "button_style": "default",
            "button_effect": "fade",
            "pri_cl": "#222222",
            "second_cl": "#ffffff",
            "pri_cl_hover": "#bb9230",
            "second_cl_hover": "#ffffff",
            "fsbutton": 14,
            "fwbutton": 500,
            "button_ls": 1,
            "button_mh": 46,
            "button_bdr": 0,
            "button_pd_lr": 36,
            "button_mgb": 0,
            "hidden_mobile": false,
            "button_icon_w_mb": 0,
            "fsbutton_mb": 14,
            "button_mh_mb": 36,
            "button_pd_lr_mb": 15,
            "button_ls_mb": 0,
            "button_mgb_mb": 0,
            "animation": "none"
          }
        }
      },
      "block_order": [
        "73731f51-f53c-4b3f-b57f-a8ed7aef8fb6",
        "03c9cc3d-4842-413f-b737-219c75cc0881",
        "0d4a05fb-35aa-4feb-b016-c19d0aa770e9",
        "164616275497118f56-0",
        "14956ddf-1a21-498f-8bf4-7404c6a085cd",
        "fe59bd4f-007b-4812-aa1d-f8b2fc43b523",
        "a841dcca-0824-4e40-a62e-ff780a3c18a0",
        "184e6b15-4136-4835-8906-be6bdf3e1de5",
        "4b5c9a8c-8bca-414a-9fb3-e853983b0ca8",
        "164616275497118f56-4",
        "d7b7691e-ce58-4b67-9ffe-52aa297042ff",
        "817cbf81-51f5-427b-832d-c2fece105693"
      ],
      "settings": {
        "se_height": "t4s_ratio_cuspx",
        "custom_dk": true,
        "height_dk": 952,
        "custom_tb": true,
        "height_tb": 600,
        "custom_mb": true,
        "height_mb": 600,
        "eff": "slide",
        "loop": true,
        "au_time": 0,
        "au_hover": true,
        "nav_btn": false,
        "btn_vi": "hover",
        "btn_owl": "default",
        "btn_shape": "none",
        "btn_cl": "2",
        "btn_size": "small",
        "btn_hidden_mobile": false,
        "nav_dot": true,
        "dot_owl": "elessi",
        "dots_cl": "primary",
        "dots_round": true,
        "dots_space": 10,
        "dots_hidden_mobile": false,
        "layout": "t4s-container-fluid",
        "cl_bg": "",
        "cl_bg_gradient": "",
        "mg": "0",
        "pd": "",
        "mg_mb": "0",
        "pd_mb": "",
        "use_cus_css": false,
        "code_cus_css": ".SectionID {\nbackground-color:red\n}"
      }
    },
    "1646635705d2ac92d3": {
      "type": "testimonials",
      "blocks": {
        "1646635705cf93e774-0": {
          "type": "quote",
          "settings": {
            "content": "<p>I love this bread! I have been a fan for 7 years <\/p><p>and recommend your products to customers at the co-op where I work!<\/p>",
            "title": "Liam Neeson",
            "pos": "",
            "rating": 5
          }
        },
        "1646635705cf93e774-1": {
          "type": "quote",
          "settings": {
            "content": "<p>Quality breads and pastries made to order. Beautiful Cakes <\/p><p>for Beautiful Occasions.<\/p>",
            "title": "Randy Orlando",
            "pos": "",
            "rating": 5
          }
        },
        "1646635705cf93e774-2": {
          "type": "quote",
          "settings": {
            "content": "<p>Thank you for the love in your food and I love your spiritual approach too!<\/p>",
            "title": "Liam Neeson",
            "pos": "",
            "rating": 5
          }
        }
      },
      "block_order": [
        "1646635705cf93e774-0",
        "1646635705cf93e774-1",
        "1646635705cf93e774-2"
      ],
      "settings": {
        "design_heading": "1",
        "heading_align": "t4s-text-center",
        "top_heading": "",
        "icon_heading": "gem",
        "top_subheading": "",
        "tophead_mb": 30,
        "ter_des": "7",
        "cl_name": "#dddddd",
        "cl_content": "#ffffff",
        "cl_bd": "",
        "cl_bg_item": "",
        "bdr": 0,
        "content_align": "text-center",
        "col_dk": "1",
        "col_tb": "1",
        "col_mb": "1",
        "space_h_item": "30",
        "space_v_item": "30",
        "space_h_item_mb": "10",
        "space_v_item_mb": "30",
        "layout_des": "2",
        "loop": true,
        "au_time": 0,
        "au_hover": true,
        "nav_btn": false,
        "btn_vi": "hover",
        "btn_owl": "default",
        "btn_shape": "none",
        "btn_cl": "dark",
        "btn_size": "small",
        "btn_hidden_mobile": false,
        "nav_dot": true,
        "dot_owl": "default",
        "dots_cl": "light",
        "dots_round": true,
        "dots_space": 10,
        "dots_hidden_mobile": false,
        "layout": "t4s-container-wrap",
        "cl_bg": "",
        "cl_bg_gradient": "",
        "image_bg": "shopify:\/\/shop_images\/background-Testimonial.jpg",
        "mg": ",,50px,",
        "pd": "100px,0,100px",
        "mg_mb": ",,50px,",
        "pd_mb": "50px,0,50px,",
        "use_cus_css": false,
        "code_cus_css": ".SectionID {\nbackground-color:red\n}"
      }
    },
    "1646636193b4e30cca": {
      "type": "custom-section",
      "blocks": {
        "164663619322402304-0": {
          "type": "bl_col",
          "settings": {
            "col_dk": "4",
            "col_tb": "6",
            "col_mb": "12",
            "align_vertical": true,
            "content_align": "start",
            "content_align_mobile": "start",
            "padding_inner": "30px,0,30px",
            "padding_inner_mb": "",
            "bg_cl": "#ffffff"
          }
        },
        "7cebcb02-9f2c-4a10-b9a3-507da87072fa": {
          "type": "custom_text",
          "settings": {
            "text": "Welcome to Kalles<br>Baked Fresh for You!",
            "remove_br_tag": false,
            "fontf": "2",
            "text_cl": "#222222",
            "text_fs": 30,
            "text_lh": 34,
            "text_fw": 700,
            "text_ls": 0,
            "font_italic": false,
            "text_shadow": false,
            "text_mgb": 20,
            "hidden_mobile": false,
            "text_fs_mb": 30,
            "text_lh_mb": 30,
            "text_ls_mb": 0,
            "text_mgb_mobile": 20
          }
        },
        "cad75184-dce6-4078-9555-ce067a51ad10": {
          "type": "image",
          "settings": {
            "image_child": "shopify:\/\/shop_images\/pattenr.png",
            "img_width": 80,
            "img_width_mb": 80,
            "hidden_mobile": false,
            "mgb": 20,
            "mgb_mb": 20
          }
        },
        "dc71f09a-5e48-4f54-b020-dd3a41b49df1": {
          "type": "custom_text",
          "settings": {
            "text": "High-quality French bread is the specialty of Eric Kayser. We also produce viennoiseries, pastries and other food around which bread is a centerpiece.",
            "remove_br_tag": false,
            "fontf": "inherit",
            "text_cl": "#000000",
            "text_fs": 14,
            "text_lh": 24,
            "text_fw": 400,
            "text_ls": 0,
            "font_italic": false,
            "text_shadow": false,
            "text_mgb": 20,
            "hidden_mobile": false,
            "text_fs_mb": 14,
            "text_lh_mb": 22,
            "text_ls_mb": 0,
            "text_mgb_mobile": 20
          }
        },
        "14cf1185-516a-4751-b404-a4d2751dd9ea": {
          "type": "custom_button",
          "settings": {
            "button_text": "START TO SHOP",
            "button_link": "#",
            "target_link": "_self",
            "fontf": "inherit",
            "button_icon_w": 0,
            "button_style": "default",
            "button_effect": "fade",
            "pri_cl": "#222222",
            "second_cl": "#ffffff",
            "pri_cl_hover": "#bb9230",
            "second_cl_hover": "#ffffff",
            "fsbutton": 14,
            "fwbutton": 600,
            "button_ls": 0,
            "button_mh": 49,
            "button_bdr": 0,
            "button_pd_lr": 35,
            "button_mgb": 0,
            "hidden_mobile": false,
            "button_icon_w_mb": 0,
            "fsbutton_mb": 12,
            "button_mh_mb": 40,
            "button_pd_lr_mb": 30,
            "button_ls_mb": 0,
            "button_mgb_mb": 0
          }
        },
        "164663619322402304-3": {
          "type": "bl_col",
          "settings": {
            "col_dk": "8",
            "col_tb": "6",
            "col_mb": "12",
            "align_vertical": true,
            "content_align": "end",
            "content_align_mobile": "center",
            "padding_inner": "30px,0,30px,30px,",
            "padding_inner_mb": "0px",
            "bg_cl": "rgba(0,0,0,0)"
          }
        },
        "0b7a1219-f93f-4b3d-901d-92c3924ce8eb": {
          "type": "image",
          "settings": {
            "image_child": "shopify:\/\/shop_images\/About-Image.png",
            "img_width": 0,
            "img_width_mb": 0,
            "hidden_mobile": false,
            "mgb": 20,
            "mgb_mb": 20
          }
        }
      },
      "block_order": [
        "164663619322402304-0",
        "7cebcb02-9f2c-4a10-b9a3-507da87072fa",
        "cad75184-dce6-4078-9555-ce067a51ad10",
        "dc71f09a-5e48-4f54-b020-dd3a41b49df1",
        "14cf1185-516a-4751-b404-a4d2751dd9ea",
        "164663619322402304-3",
        "0b7a1219-f93f-4b3d-901d-92c3924ce8eb"
      ],
      "settings": {
        "space_h_item": "0",
        "space_v_item": "30",
        "space_h_item_mb": "10",
        "space_v_item_mb": "30",
        "layout": "t4s-container-wrap",
        "cl_bg": "",
        "cl_bg_gradient": "",
        "mg": ",,50px,",
        "pd": "",
        "mg_mb": ",,30px,",
        "pd_mb": "",
        "use_cus_css": true,
        "code_cus_css": ".SectionID {\nbackground-color:red\n}"
      }
    },
    "16462941386b111e9b": {
      "type": "featured-collection",
      "settings": {
        "design_heading": "1",
        "heading_align": "t4s-text-center",
        "top_heading": "Featured Products",
        "icon_heading": "las la-spa",
        "top_subheading": "",
        "tophead_mb": 50,
        "collection": "bakery",
        "product_des": "1",
        "show_vendor": false,
        "image_ratio": "ratio1_1",
        "image_size": "cover",
        "image_position": "7",
        "content_align": "center",
        "limit": 8,
        "col_dk": "4",
        "col_tb": "2",
        "col_mb": "2",
        "space_h_item": "30",
        "space_v_item": "30",
        "space_h_item_mb": "10",
        "space_v_item_mb": "20",
        "layout_des": "1",
        "loop": true,
        "au_time": 0,
        "au_hover": true,
        "nav_btn": false,
        "btn_vi": "hover",
        "btn_owl": "default",
        "btn_shape": "round",
        "btn_cl": "primary",
        "btn_size": "medium",
        "btn_hidden_mobile": false,
        "nav_dot": true,
        "dot_owl": "elessi",
        "dots_cl": "dark",
        "dots_round": true,
        "dots_space": 10,
        "dots_hidden_mobile": false,
        "use_pagination": "load-more",
        "enable_bar_lm": false,
        "btn_icon": false,
        "button_style": "default",
        "btns_size": "large",
        "btns_cl": "dark",
        "button_effect": "fade",
        "btn_pos": "t4s-text-center",
        "layout": "t4s-container-wrap",
        "cl_bg": "#f8f8f8",
        "cl_bg_gradient": "",
        "image_bg": "shopify:\/\/shop_images\/background-collection.png",
        "mg": "",
        "pd": "80px,0,80px",
        "mg_mb": "",
        "pd_mb": "50px,0,50px",
        "use_cus_css": true,
        "code_cus_css": ".t4s-btn-base {\n    letter-spacing: 1px;\n}"
      }
    },
    "16464637514fb893b9": {
      "type": "lookbook-img",
      "blocks": {
        "a1701652-db6b-46e7-96ea-ccd7918c4653": {
          "type": "pr",
          "settings": {
            "pos_t": 25,
            "pos_l": 27,
            "type": "2",
            "shorttxt": "$59",
            "pos_size": "medium",
            "bg_cl": "#bb9230",
            "cl_text": "#ffffff",
            "pos_popup": "top",
            "size_popup": "medium",
            "product": "anadaman-cookies"
          }
        },
        "19988430-daad-424b-afb3-82545012fa2d": {
          "type": "pr",
          "settings": {
            "pos_t": 44,
            "pos_l": 38,
            "type": "2",
            "shorttxt": "$59",
            "pos_size": "medium",
            "bg_cl": "#bb9230",
            "cl_text": "#ffffff",
            "pos_popup": "top",
            "size_popup": "medium",
            "product": "sesame-de-outlets-breads"
          }
        },
        "1ccddc12-3abe-42c5-92b6-c63dbe0cca1d": {
          "type": "pr",
          "settings": {
            "pos_t": 50,
            "pos_l": 72,
            "type": "2",
            "shorttxt": "$59",
            "pos_size": "medium",
            "bg_cl": "#bb9230",
            "cl_text": "#ffffff",
            "pos_popup": "top",
            "size_popup": "medium",
            "product": "chocolate-cookies"
          }
        },
        "3073f511-49ab-4945-a798-6f7bf9d11821": {
          "type": "pr",
          "settings": {
            "pos_t": 68,
            "pos_l": 13,
            "type": "2",
            "shorttxt": "$59",
            "pos_size": "medium",
            "bg_cl": "#bb9230",
            "cl_text": "#ffffff",
            "pos_popup": "top",
            "size_popup": "medium",
            "product": "pistachio-financiers"
          }
        }
      },
      "block_order": [
        "a1701652-db6b-46e7-96ea-ccd7918c4653",
        "19988430-daad-424b-afb3-82545012fa2d",
        "1ccddc12-3abe-42c5-92b6-c63dbe0cca1d",
        "3073f511-49ab-4945-a798-6f7bf9d11821"
      ],
      "settings": {
        "design_heading": "1",
        "heading_align": "t4s-text-center",
        "top_heading": "",
        "icon_heading": "gem",
        "top_subheading": "",
        "tophead_mb": 30,
        "img_size": "1",
        "image": "shopify:\/\/shop_images\/pin-bn.jpg",
        "pr_pin_des": "1",
        "layout": "t4s-container-fluid",
        "cl_bg": "",
        "cl_bg_gradient": "",
        "mg": "0px,,0px,",
        "pd": "",
        "mg_mb": "0px,,50px,",
        "pd_mb": ""
      }
    },
    "16464637586ef5aa90": {
      "type": "blog-post",
      "settings": {
        "design_heading": "1",
        "heading_align": "t4s-text-center",
        "top_heading": "Bakehouse Articals",
        "icon_heading": "gem",
        "top_subheading": "",
        "tophead_mb": 30,
        "blog": "bakery",
        "post_des": "1",
        "show_cate": false,
        "show_tags": false,
        "show_cnt": true,
        "show_au": true,
        "show_dt": true,
        "show_cm": false,
        "show_rm": false,
        "show_irm": false,
        "date": "date",
        "content_align": "t4s-text-start",
        "limit": 8,
        "img_effect": "none",
        "b_effect": "none",
        "image_ratio": "ratioadapt",
        "image_size": "cover",
        "image_position": "8",
        "col_dk": "3",
        "col_tb": "2",
        "col_mb": "1",
        "space_h_item": "30",
        "space_v_item": "30",
        "space_h_item_mb": "10",
        "space_v_item_mb": "10",
        "layout_des": "2",
        "loop": true,
        "au_time": 0,
        "au_hover": true,
        "nav_btn": false,
        "btn_vi": "hover",
        "btn_owl": "default",
        "btn_shape": "round",
        "btn_cl": "2",
        "btn_size": "small",
        "btn_hidden_mobile": false,
        "nav_dot": true,
        "dot_owl": "default",
        "dots_cl": "2",
        "dots_round": true,
        "dots_space": 10,
        "dots_hidden_mobile": false,
        "use_pagination": "none",
        "enable_bar_lm": true,
        "btn_icon": false,
        "button_style": "default",
        "btns_size": "medium",
        "btns_cl": "default",
        "button_effect": "fade",
        "btn_pos": "t4s-text-center",
        "layout": "t4s-container-wrap",
        "cl_bg": "",
        "cl_bg_gradient": "",
        "mg": "80px,0,80px,",
        "pd": "",
        "mg_mb": ",,30px,",
        "pd_mb": "",
        "use_cus_css": true,
        "code_cus_css": ".t4s-post-item .t4s-post-title {\n    font-size: 22px;\n    font-weight: 700;\n}"
      }
    },
    "164645002042723021": {
      "type": "logo_list",
      "blocks": {
        "16464500208e79b634-0": {
          "type": "logo_item",
          "settings": {
            "image": "shopify:\/\/shop_images\/4_180x_f504ef00-a475-4e36-bb42-05f779d82e41.png",
            "url": ""
          }
        },
        "16464500208e79b634-1": {
          "type": "logo_item",
          "settings": {
            "image": "shopify:\/\/shop_images\/5_180x_8683a4d2-2ea2-453c-85a7-4e765dd1a364.png",
            "url": ""
          }
        },
        "16464500208e79b634-2": {
          "type": "logo_item",
          "settings": {
            "image": "shopify:\/\/shop_images\/3_180x_7390a375-5550-4dd0-ab9b-9b49657ff6a7.png",
            "url": ""
          }
        },
        "16464500208e79b634-3": {
          "type": "logo_item",
          "settings": {
            "image": "shopify:\/\/shop_images\/2_360x_816190f4-079a-4c33-b191-04c27a18f434.png",
            "url": ""
          }
        },
        "16464500208e79b634-4": {
          "type": "logo_item",
          "settings": {
            "image": "shopify:\/\/shop_images\/1_180x_188f54a6-f91b-4441-a3f0-2deb1cb3d2df.png",
            "url": ""
          }
        },
        "8f5ae0c2-30e8-4748-b6b4-67c54b44f26e": {
          "type": "logo_item",
          "settings": {
            "image": "shopify:\/\/shop_images\/3_180x_7390a375-5550-4dd0-ab9b-9b49657ff6a7.png",
            "url": ""
          }
        }
      },
      "block_order": [
        "16464500208e79b634-0",
        "16464500208e79b634-1",
        "16464500208e79b634-2",
        "16464500208e79b634-3",
        "16464500208e79b634-4",
        "8f5ae0c2-30e8-4748-b6b4-67c54b44f26e"
      ],
      "settings": {
        "design_heading": "1",
        "heading_align": "t4s-text-center",
        "top_heading": "",
        "icon_heading": "las la-gem",
        "top_subheading": "",
        "tophead_mb": 30,
        "img_effect": "bounceIn",
        "b_effect": "none",
        "open_link": "_blank",
        "layout_des": "2",
        "click_image": "data-goto",
        "nav_thumbs": true,
        "col_dk": "5",
        "col_tb": "3",
        "col_mb": "2",
        "space_item": "30",
        "space_item_mb": "30",
        "loop": true,
        "au_time": 0,
        "au_hover": true,
        "nav_btn": false,
        "btn_vi": "hover",
        "btn_owl": "default",
        "btn_shape": "round",
        "btn_cl": "2",
        "btn_size": "small",
        "btn_hidden_mobile": false,
        "nav_dot": false,
        "dot_owl": "default",
        "dots_cl": "dark",
        "dots_round": false,
        "dots_space": 10,
        "dots_hidden_mobile": false,
        "layout": "t4s-container-wrap",
        "cl_bg": "#f8f8f8",
        "cl_bg_gradient": "",
        "image_bg": "shopify:\/\/shop_images\/Brandlist-background.jpg",
        "mg": "0",
        "pd": "70px,0,70px,",
        "mg_mb": "",
        "pd_mb": "50px,0,50px,",
        "use_cus_css": false,
        "code_cus_css": ".SectionID {\nbackground-color:red\n}"
      }
    }
  },
  "order": [
    "16461627553debd4ba",
    "1646635705d2ac92d3",
    "1646636193b4e30cca",
    "16462941386b111e9b",
    "16464637514fb893b9",
    "16464637586ef5aa90",
    "164645002042723021"
  ]
}