{
  "sections": {
    "16475370619b8de674": {
      "type": "slideshow",
      "blocks": {
        "1647537060d57c7264-0": {
          "type": "image_parent",
          "settings": {
            "image": "shopify:\/\/shop_images\/02_slideshow_1950x_280bc018-671b-48a3-bc1e-3d08598d5621.jpg",
            "image_mb": "shopify:\/\/shop_images\/02_slideshow_3750x_3904f600-fbb2-41f6-8113-96da5f6ecd04.jpg",
            "image_position": "8",
            "cl_img": "",
            "link_img1": "",
            "open_link": "_blank",
            "animate_slide": "none",
            "text_align": "start",
            "text_align_mb": "start",
            "content_width": "container",
            "cv_pos": 50,
            "ch_pos": 0,
            "cv_pos_mb": 50,
            "ch_pos_mb": 50,
            "bg_overlay": "#000000",
            "bg_opacity": 0,
            "bg_content_cl": "#ffffff",
            "bg_content_op": 0,
            "content_pd_tb": 15,
            "content_pd_lr": 15,
            "content_pd_tb_mb": 10,
            "content_pd_lr_mb": 10,
            "border_bl": false,
            "br_color": "#222222",
            "br_bg": "#ffffff",
            "br_opacity": 50,
            "br_style": "solid",
            "br_pd": 20,
            "br_pd_mb": 10,
            "time_animation": 1,
            "animation_delay": 40
          }
        },
        "c0f3e53e-df58-4057-9ee7-074048c8457f": {
          "type": "custom_text",
          "settings": {
            "text": "PUSH HADER\/RUN FASTER & GO FURTHER",
            "remove_br_tag": false,
            "fontf": "1",
            "text_cl": "#ffffff",
            "text_fs": 20,
            "text_lh": 0,
            "text_fw": 500,
            "text_ls": 0,
            "text_mgb": 15,
            "font_italic": false,
            "text_shadow": false,
            "hidden_mobile": false,
            "text_fs_mb": 16,
            "text_lh_mb": 0,
            "text_ls_mb": 0,
            "text_mgb_mobile": 5,
            "animation": "fadeInUp"
          }
        },
        "001f0e02-f5d3-4ce1-b3a1-473c0d25d5f1": {
          "type": "custom_text",
          "settings": {
            "text": "TRAINING’S CLOTHING<br>LOOKBOOK",
            "remove_br_tag": false,
            "fontf": "inherit",
            "text_cl": "#ffffff",
            "text_fs": 60,
            "text_lh": 0,
            "text_fw": 700,
            "text_ls": 0,
            "text_mgb": 30,
            "font_italic": false,
            "text_shadow": false,
            "hidden_mobile": false,
            "text_fs_mb": 35,
            "text_lh_mb": 0,
            "text_ls_mb": 0,
            "text_mgb_mobile": 20,
            "animation": "fadeInUp"
          }
        },
        "c950f808-1c93-4457-ae6f-2e04d898c3a2": {
          "type": "custom_button",
          "settings": {
            "button_text": "SHOP NOW",
            "button_link": "shopify:\/\/collections\/polarized",
            "target_link": "_self",
            "fontf": "1",
            "button_icon_w": 0,
            "button_style": "default",
            "button_effect": "default",
            "pri_cl": "#ff8400",
            "second_cl": "#ffffff",
            "pri_cl_hover": "#ff8400",
            "second_cl_hover": "#ffffff",
            "fsbutton": 14,
            "fwbutton": 500,
            "button_ls": 0,
            "button_mh": 50,
            "button_bdr": 0,
            "button_pd_lr": 37,
            "button_mgb": 0,
            "hidden_mobile": false,
            "button_icon_w_mb": 0,
            "fsbutton_mb": 12,
            "button_mh_mb": 40,
            "button_pd_lr_mb": 42,
            "button_ls_mb": 0,
            "button_mgb_mb": 0,
            "animation": "fadeInLeft"
          }
        },
        "eac6122d-7b0b-45ac-954b-bb8f3e1a840e": {
          "type": "custom_button",
          "settings": {
            "button_text": "VIEW THE LOOK",
            "button_link": "shopify:\/\/collections\/eyeglasses",
            "target_link": "_self",
            "fontf": "1",
            "button_icon_w": 0,
            "button_style": "outline",
            "button_effect": "default",
            "pri_cl": "#ffffff",
            "second_cl": "",
            "pri_cl_hover": "rgba(0,0,0,0)",
            "second_cl_hover": "#ffffff",
            "fsbutton": 14,
            "fwbutton": 500,
            "button_ls": 0,
            "button_mh": 50,
            "button_bdr": 0,
            "button_pd_lr": 20,
            "button_mgb": 0,
            "hidden_mobile": false,
            "button_icon_w_mb": 0,
            "fsbutton_mb": 12,
            "button_mh_mb": 40,
            "button_pd_lr_mb": 29,
            "button_ls_mb": 0,
            "button_mgb_mb": 0,
            "animation": "fadeInRight"
          }
        },
        "44d64848-4445-442d-b247-5f148722dcd4": {
          "type": "image_parent",
          "settings": {
            "image": "shopify:\/\/shop_images\/01_slideshow_1950x_5c3fb371-1f8f-493a-b17f-07664cdf3200.jpg",
            "image_mb": "shopify:\/\/shop_images\/01_slideshow_3750x_7001691a-3194-4e76-8fdb-e1943979237f.jpg",
            "image_position": "8",
            "cl_img": "",
            "link_img1": "",
            "open_link": "_blank",
            "animate_slide": "none",
            "text_align": "start",
            "text_align_mb": "start",
            "content_width": "container",
            "cv_pos": 50,
            "ch_pos": 0,
            "cv_pos_mb": 50,
            "ch_pos_mb": 0,
            "bg_overlay": "#000000",
            "bg_opacity": 0,
            "bg_content_cl": "#ffffff",
            "bg_content_op": 0,
            "content_pd_tb": 15,
            "content_pd_lr": 15,
            "content_pd_tb_mb": 10,
            "content_pd_lr_mb": 10,
            "border_bl": false,
            "br_color": "#222222",
            "br_bg": "#ffffff",
            "br_opacity": 50,
            "br_style": "solid",
            "br_pd": 20,
            "br_pd_mb": 10,
            "time_animation": 1,
            "animation_delay": 40
          }
        },
        "fdc3910c-9c14-4c54-9d9f-57f740107145": {
          "type": "custom_text",
          "settings": {
            "text": "TRANSFORM YOUR LIFE TODAY",
            "remove_br_tag": false,
            "fontf": "1",
            "text_cl": "#ffffff",
            "text_fs": 20,
            "text_lh": 0,
            "text_fw": 500,
            "text_ls": 0,
            "text_mgb": 15,
            "font_italic": false,
            "text_shadow": false,
            "hidden_mobile": false,
            "text_fs_mb": 16,
            "text_lh_mb": 0,
            "text_ls_mb": 0,
            "text_mgb_mobile": 5,
            "animation": "fadeInUp"
          }
        },
        "9bf30596-c58d-4fa5-9cce-eda9e2081cae": {
          "type": "custom_text",
          "settings": {
            "text": "LOSE FAT, GET FIT",
            "remove_br_tag": false,
            "fontf": "2",
            "text_cl": "#ffffff",
            "text_fs": 60,
            "text_lh": 0,
            "text_fw": 700,
            "text_ls": 0,
            "text_mgb": 30,
            "font_italic": false,
            "text_shadow": false,
            "hidden_mobile": false,
            "text_fs_mb": 34,
            "text_lh_mb": 0,
            "text_ls_mb": 0,
            "text_mgb_mobile": 20,
            "animation": "fadeInUp"
          }
        },
        "77f4cfe6-d7d4-4454-961c-d69be7326cc9": {
          "type": "custom_text",
          "settings": {
            "text": "HAVE FUN!",
            "remove_br_tag": false,
            "fontf": "2",
            "text_cl": "#ffffff",
            "text_fs": 60,
            "text_lh": 0,
            "text_fw": 700,
            "text_ls": 0,
            "text_mgb": 30,
            "font_italic": false,
            "text_shadow": false,
            "hidden_mobile": false,
            "text_fs_mb": 34,
            "text_lh_mb": 0,
            "text_ls_mb": 0,
            "text_mgb_mobile": 15,
            "animation": "fadeInUp"
          }
        },
        "66587c8e-f85d-4804-bcf4-4841b7473712": {
          "type": "custom_button",
          "settings": {
            "button_text": "EXPLORE NOW",
            "button_link": "shopify:\/\/collections\/eyeglasses",
            "target_link": "_self",
            "fontf": "1",
            "button_icon_w": 0,
            "button_style": "default",
            "button_effect": "default",
            "pri_cl": "#ff8400",
            "second_cl": "#ffffff",
            "pri_cl_hover": "#ff8400",
            "second_cl_hover": "#ffffff",
            "fsbutton": 14,
            "fwbutton": 500,
            "button_ls": 0,
            "button_mh": 50,
            "button_bdr": 0,
            "button_pd_lr": 24,
            "button_mgb": 0,
            "hidden_mobile": false,
            "button_icon_w_mb": 0,
            "fsbutton_mb": 12,
            "button_mh_mb": 40,
            "button_pd_lr_mb": 32,
            "button_ls_mb": 0,
            "button_mgb_mb": 0,
            "animation": "fadeInUp"
          }
        },
        "c1ec43b8-3517-4735-8958-0f8260cd506a": {
          "type": "image_parent",
          "settings": {
            "image": "shopify:\/\/shop_images\/03_slideshow_1950x_57e70d90-6161-484d-a074-d0e1d5dd184a.jpg",
            "image_mb": "shopify:\/\/shop_images\/03_slideshow_3750x_f51bee1d-f17a-4275-8749-ec921f1b0547.jpg",
            "image_position": "8",
            "cl_img": "",
            "link_img1": "",
            "open_link": "_blank",
            "animate_slide": "none",
            "text_align": "start",
            "text_align_mb": "start",
            "content_width": "container",
            "cv_pos": 50,
            "ch_pos": 50,
            "cv_pos_mb": 50,
            "ch_pos_mb": 50,
            "bg_overlay": "#000000",
            "bg_opacity": 0,
            "bg_content_cl": "#ffffff",
            "bg_content_op": 0,
            "content_pd_tb": 15,
            "content_pd_lr": 15,
            "content_pd_tb_mb": 10,
            "content_pd_lr_mb": 10,
            "border_bl": false,
            "br_color": "#222222",
            "br_bg": "#ffffff",
            "br_opacity": 50,
            "br_style": "solid",
            "br_pd": 20,
            "br_pd_mb": 10,
            "time_animation": 1,
            "animation_delay": 40
          }
        },
        "7ed2c853-9416-43a0-ab0d-85be824e4374": {
          "type": "custom_text",
          "settings": {
            "text": "NEW ARRIVALS",
            "remove_br_tag": false,
            "fontf": "1",
            "text_cl": "#ffffff",
            "text_fs": 20,
            "text_lh": 0,
            "text_fw": 500,
            "text_ls": 0,
            "text_mgb": 15,
            "font_italic": false,
            "text_shadow": false,
            "hidden_mobile": false,
            "text_fs_mb": 16,
            "text_lh_mb": 0,
            "text_ls_mb": 0,
            "text_mgb_mobile": 10,
            "animation": "fadeInRight"
          }
        },
        "2cdb43dc-606d-4978-aa6b-fb9911e263fc": {
          "type": "custom_text",
          "settings": {
            "text": "MEN’S CLOTHING",
            "remove_br_tag": false,
            "fontf": "2",
            "text_cl": "#ffffff",
            "text_fs": 60,
            "text_lh": 0,
            "text_fw": 700,
            "text_ls": 0,
            "text_mgb": 30,
            "font_italic": false,
            "text_shadow": false,
            "hidden_mobile": false,
            "text_fs_mb": 35,
            "text_lh_mb": 0,
            "text_ls_mb": 0,
            "text_mgb_mobile": 20,
            "animation": "fadeInRight"
          }
        },
        "fca2a954-eaed-44ce-a1fa-f9b7702f88b1": {
          "type": "custom_text",
          "settings": {
            "text": "& ACCESSORIES",
            "remove_br_tag": false,
            "fontf": "2",
            "text_cl": "#ffffff",
            "text_fs": 60,
            "text_lh": 0,
            "text_fw": 700,
            "text_ls": 0,
            "text_mgb": 35,
            "font_italic": false,
            "text_shadow": false,
            "hidden_mobile": false,
            "text_fs_mb": 35,
            "text_lh_mb": 0,
            "text_ls_mb": 0,
            "text_mgb_mobile": 20,
            "animation": "fadeInRight"
          }
        },
        "304a9e7b-d355-4a15-a5ca-3d19864438fa": {
          "type": "custom_button",
          "settings": {
            "button_text": "SHOP NOW",
            "button_link": "shopify:\/\/collections\/fitness-sweaters",
            "target_link": "_self",
            "fontf": "1",
            "button_icon_w": 0,
            "button_style": "default",
            "button_effect": "default",
            "pri_cl": "#ff8400",
            "second_cl": "#ffffff",
            "pri_cl_hover": "#ff8400",
            "second_cl_hover": "#ffffff",
            "fsbutton": 15,
            "fwbutton": 500,
            "button_ls": 0,
            "button_mh": 50,
            "button_bdr": 0,
            "button_pd_lr": 37,
            "button_mgb": 0,
            "hidden_mobile": false,
            "button_icon_w_mb": 0,
            "fsbutton_mb": 12,
            "button_mh_mb": 40,
            "button_pd_lr_mb": 42,
            "button_ls_mb": 0,
            "button_mgb_mb": 0,
            "animation": "fadeInUp"
          }
        },
        "29fc64c3-fc46-4405-997e-c570a1d073c8": {
          "type": "custom_button",
          "settings": {
            "button_text": "EXPLORE NOW",
            "button_link": "shopify:\/\/collections\/shop-active",
            "target_link": "_self",
            "fontf": "inherit",
            "button_icon_w": 0,
            "button_style": "outline",
            "button_effect": "default",
            "pri_cl": "#ffffff",
            "second_cl": "",
            "pri_cl_hover": "rgba(0,0,0,0)",
            "second_cl_hover": "#ffffff",
            "fsbutton": 14,
            "fwbutton": 500,
            "button_ls": 0,
            "button_mh": 50,
            "button_bdr": 0,
            "button_pd_lr": 24,
            "button_mgb": 0,
            "hidden_mobile": false,
            "button_icon_w_mb": 0,
            "fsbutton_mb": 12,
            "button_mh_mb": 40,
            "button_pd_lr_mb": 32,
            "button_ls_mb": 0,
            "button_mgb_mb": 0,
            "animation": "fadeInUp"
          }
        }
      },
      "block_order": [
        "1647537060d57c7264-0",
        "c0f3e53e-df58-4057-9ee7-074048c8457f",
        "001f0e02-f5d3-4ce1-b3a1-473c0d25d5f1",
        "c950f808-1c93-4457-ae6f-2e04d898c3a2",
        "eac6122d-7b0b-45ac-954b-bb8f3e1a840e",
        "44d64848-4445-442d-b247-5f148722dcd4",
        "fdc3910c-9c14-4c54-9d9f-57f740107145",
        "9bf30596-c58d-4fa5-9cce-eda9e2081cae",
        "77f4cfe6-d7d4-4454-961c-d69be7326cc9",
        "66587c8e-f85d-4804-bcf4-4841b7473712",
        "c1ec43b8-3517-4735-8958-0f8260cd506a",
        "7ed2c853-9416-43a0-ab0d-85be824e4374",
        "2cdb43dc-606d-4978-aa6b-fb9911e263fc",
        "fca2a954-eaed-44ce-a1fa-f9b7702f88b1",
        "304a9e7b-d355-4a15-a5ca-3d19864438fa",
        "29fc64c3-fc46-4405-997e-c570a1d073c8"
      ],
      "settings": {
        "se_height": "t4s_ratio_cuspx",
        "custom_dk": false,
        "height_dk": 600,
        "custom_tb": true,
        "height_tb": 600,
        "custom_mb": true,
        "height_mb": 500,
        "eff": "fade",
        "loop": true,
        "au_time": 0,
        "au_hover": true,
        "nav_btn": false,
        "btn_vi": "hover",
        "btn_owl": "default",
        "btn_shape": "none",
        "btn_cl": "dark",
        "btn_size": "small",
        "btn_hidden_mobile": false,
        "nav_dot": true,
        "dot_owl": "default",
        "dots_cl": "custom1",
        "dots_round": true,
        "dots_space": 10,
        "dots_hidden_mobile": false,
        "layout": "t4s-container-fluid",
        "cl_bg": "",
        "cl_bg_gradient": "",
        "mg": ",,30px,",
        "pd": "",
        "mg_mb": ",,30px,",
        "pd_mb": "",
        "use_cus_css": false,
        "code_cus_css": ".SectionID {\nbackground-color:red\n}"
      }
    },
    "16475103368ee961bf": {
      "type": "banner",
      "blocks": {
        "1647510336d54acffa-0": {
          "type": "b_item",
          "settings": {
            "custom_dk": true,
            "height_dk": 600,
            "custom_tb": true,
            "height_tb": 400,
            "custom_mb": true,
            "height_mb": 300,
            "image": "shopify:\/\/shop_images\/banner-1_720x_aeb36ca8-023b-4588-9077-82f09a81ec3d.jpg",
            "image_mb": "shopify:\/\/shop_images\/banner-1_540x_662e4de7-8e7c-4590-9a70-d6942c16c07e.jpg",
            "b_link": "shopify:\/\/collections\/sport",
            "open_link": "_self",
            "img_effect": "zoom",
            "b_effect": "plus-zoom-overlay",
            "col_dk": "4",
            "col_tb": "6",
            "col_mb": "12",
            "content_align": "start",
            "content_align_mobile": "start",
            "content_width": "auto",
            "cv_pos": 50,
            "ch_pos": 15,
            "cv_pos_mb": 50,
            "ch_pos_mb": 30,
            "bg_overlay": "#000000",
            "bg_opacity": 0,
            "bg_content_bl": false,
            "bg_content_cl": "#ffffff",
            "bg_content_op": 50,
            "content_pd_tb": 20,
            "content_pd_lr": 20,
            "content_pd_tb_mb": 10,
            "content_pd_lr_mb": 10,
            "border_bl": false,
            "br_color": "#222222",
            "br_bg": "#ffffff",
            "br_opacity": 50,
            "br_style": "solid",
            "br_pd": 20,
            "br_pd_mb": 10,
            "time_animation": 1,
            "animation_delay": 40
          }
        },
        "1647510336d54acffa-1": {
          "type": "custom_text",
          "settings": {
            "text": "ACCESSORIES",
            "remove_br_tag": false,
            "fontf": "1",
            "text_cl": "#ffffff",
            "text_fs": 16,
            "text_lh": 0,
            "text_fw": 600,
            "text_ls": 0,
            "font_italic": false,
            "text_shadow": false,
            "text_mgb": 5,
            "hidden_mobile": false,
            "text_fs_mb": 16,
            "text_lh_mb": 0,
            "text_ls_mb": 0,
            "text_mgb_mobile": 5,
            "animation": "none"
          }
        },
        "1647510336d54acffa-2": {
          "type": "custom_text",
          "settings": {
            "text": "FOR MEN",
            "remove_br_tag": false,
            "fontf": "2",
            "text_cl": "#ffffff",
            "text_fs": 36,
            "text_lh": 0,
            "text_fw": 700,
            "text_ls": 0,
            "font_italic": false,
            "text_shadow": false,
            "text_mgb": 0,
            "hidden_mobile": false,
            "text_fs_mb": 36,
            "text_lh_mb": 0,
            "text_ls_mb": 0,
            "text_mgb_mobile": 0,
            "animation": "none"
          }
        },
        "1647510336d54acffa-3": {
          "type": "b_item",
          "settings": {
            "custom_dk": true,
            "height_dk": 600,
            "custom_tb": true,
            "height_tb": 400,
            "custom_mb": true,
            "height_mb": 300,
            "image": "shopify:\/\/shop_images\/banner-02_720x_e0340ebd-2b8b-4537-b1d8-6ec1bc85d3d0.jpg",
            "image_mb": "shopify:\/\/shop_images\/banner-02_540x_a4f002ab-522e-484f-b7f3-8ba72b946b0b.jpg",
            "b_link": "shopify:\/\/collections\/sport",
            "open_link": "_self",
            "img_effect": "zoom",
            "b_effect": "plus-zoom-overlay",
            "col_dk": "4",
            "col_tb": "6",
            "col_mb": "12",
            "content_align": "start",
            "content_align_mobile": "start",
            "content_width": "auto",
            "cv_pos": 50,
            "ch_pos": 15,
            "cv_pos_mb": 50,
            "ch_pos_mb": 49,
            "bg_overlay": "#000000",
            "bg_opacity": 0,
            "bg_content_bl": false,
            "bg_content_cl": "#ffffff",
            "bg_content_op": 50,
            "content_pd_tb": 20,
            "content_pd_lr": 20,
            "content_pd_tb_mb": 10,
            "content_pd_lr_mb": 10,
            "border_bl": false,
            "br_color": "#222222",
            "br_bg": "#ffffff",
            "br_opacity": 50,
            "br_style": "solid",
            "br_pd": 20,
            "br_pd_mb": 10,
            "time_animation": 1,
            "animation_delay": 40
          }
        },
        "1647510336d54acffa-4": {
          "type": "custom_text",
          "settings": {
            "text": "TRAINING CLOTHING",
            "remove_br_tag": false,
            "fontf": "1",
            "text_cl": "#ffffff",
            "text_fs": 16,
            "text_lh": 0,
            "text_fw": 600,
            "text_ls": 0,
            "font_italic": false,
            "text_shadow": false,
            "text_mgb": 5,
            "hidden_mobile": false,
            "text_fs_mb": 22,
            "text_lh_mb": 0,
            "text_ls_mb": 0,
            "text_mgb_mobile": 5,
            "animation": "none"
          }
        },
        "1647510336d54acffa-5": {
          "type": "custom_text",
          "settings": {
            "text": "FOR WOMEN",
            "remove_br_tag": false,
            "fontf": "2",
            "text_cl": "#ffffff",
            "text_fs": 36,
            "text_lh": 0,
            "text_fw": 700,
            "text_ls": 0,
            "font_italic": false,
            "text_shadow": false,
            "text_mgb": 0,
            "hidden_mobile": false,
            "text_fs_mb": 36,
            "text_lh_mb": 0,
            "text_ls_mb": 0,
            "text_mgb_mobile": 0,
            "animation": "none"
          }
        },
        "831857b8-5f17-480d-9fb3-ed9777a5d17c": {
          "type": "b_item",
          "settings": {
            "custom_dk": true,
            "height_dk": 600,
            "custom_tb": true,
            "height_tb": 400,
            "custom_mb": true,
            "height_mb": 300,
            "image": "shopify:\/\/shop_images\/banner-03_720x_a85b834c-2462-4923-bb12-ad863ea39714.jpg",
            "image_mb": "shopify:\/\/shop_images\/banner-03_540x_ff3338df-22e5-44ff-9a5b-90faae418582.jpg",
            "b_link": "shopify:\/\/collections",
            "open_link": "_self",
            "img_effect": "zoom",
            "b_effect": "plus-zoom-overlay",
            "col_dk": "4",
            "col_tb": "6",
            "col_mb": "12",
            "content_align": "start",
            "content_align_mobile": "center",
            "content_width": "auto",
            "cv_pos": 50,
            "ch_pos": 15,
            "cv_pos_mb": 50,
            "ch_pos_mb": 50,
            "bg_overlay": "#000000",
            "bg_opacity": 0,
            "bg_content_bl": false,
            "bg_content_cl": "#ffffff",
            "bg_content_op": 50,
            "content_pd_tb": 20,
            "content_pd_lr": 20,
            "content_pd_tb_mb": 10,
            "content_pd_lr_mb": 10,
            "border_bl": false,
            "br_color": "#222222",
            "br_bg": "#ffffff",
            "br_opacity": 50,
            "br_style": "solid",
            "br_pd": 20,
            "br_pd_mb": 10,
            "time_animation": 1,
            "animation_delay": 40
          }
        },
        "07f7bf89-d1a9-4c44-b50e-37b07584614d": {
          "type": "custom_text",
          "settings": {
            "text": "-50% OFF",
            "remove_br_tag": false,
            "fontf": "2",
            "text_cl": "#ffffff",
            "text_fs": 60,
            "text_lh": 0,
            "text_fw": 700,
            "text_ls": 0,
            "font_italic": false,
            "text_shadow": false,
            "text_mgb": 5,
            "hidden_mobile": false,
            "text_fs_mb": 45,
            "text_lh_mb": 0,
            "text_ls_mb": 0,
            "text_mgb_mobile": 5,
            "animation": "none"
          }
        },
        "e966c0a5-82eb-4cf3-b32c-17f02d3e5f9b": {
          "type": "custom_text",
          "settings": {
            "text": "SUMMER SALE",
            "remove_br_tag": false,
            "fontf": "1",
            "text_cl": "#ffffff",
            "text_fs": 16,
            "text_lh": 0,
            "text_fw": 600,
            "text_ls": 0,
            "font_italic": false,
            "text_shadow": false,
            "text_mgb": 0,
            "hidden_mobile": false,
            "text_fs_mb": 16,
            "text_lh_mb": 0,
            "text_ls_mb": 0,
            "text_mgb_mobile": 0,
            "animation": "none"
          }
        }
      },
      "block_order": [
        "1647510336d54acffa-0",
        "1647510336d54acffa-1",
        "1647510336d54acffa-2",
        "1647510336d54acffa-3",
        "1647510336d54acffa-4",
        "1647510336d54acffa-5",
        "831857b8-5f17-480d-9fb3-ed9777a5d17c",
        "07f7bf89-d1a9-4c44-b50e-37b07584614d",
        "e966c0a5-82eb-4cf3-b32c-17f02d3e5f9b"
      ],
      "settings": {
        "image_ratio": "ratioadapt",
        "image_size": "cover",
        "image_position": "8",
        "equal_height": false,
        "space_h_item": "30",
        "space_v_item": "30",
        "space_h_item_mb": "10",
        "space_v_item_mb": "10",
        "layout": "t4s-container-wrap",
        "cl_bg": "",
        "cl_bg_gradient": "",
        "mg": ",,80px,",
        "pd": "",
        "mg_mb": ",,30px,",
        "pd_mb": "",
        "use_cus_css": false,
        "code_cus_css": ".SectionID {\nbackground-color:red\n}"
      }
    },
    "164756608761abbadb": {
      "type": "tabs-collection",
      "blocks": {
        "1647566087fa1ec317-0": {
          "type": "tab_item",
          "settings": {
            "tab_title": "FEATURED",
            "icon_title": "",
            "collection": "sport",
            "product_des": "1",
            "show_vendor": false,
            "image_ratio": "ratioadapt",
            "image_size": "cover",
            "image_position": "8",
            "content_align": "default",
            "limit": 8,
            "col_dk": "4",
            "col_tb": "2",
            "col_mb": "2",
            "space_h_item": "30",
            "space_v_item": "30",
            "space_h_item_mb": "10",
            "space_v_item_mb": "10",
            "layout_des": "2",
            "loop": true,
            "au_time": 0,
            "au_hover": true,
            "nav_btn": true,
            "btn_vi": "hover",
            "btn_owl": "default",
            "btn_shape": "none",
            "btn_cl": "primary",
            "btn_size": "small",
            "btn_hidden_mobile": false,
            "nav_dot": false,
            "dot_owl": "default",
            "dots_cl": "dark",
            "dots_round": false,
            "dots_space": 10,
            "dots_hidden_mobile": false,
            "use_pagination": "none",
            "enable_bar_lm": true,
            "btn_icon": false,
            "button_style": "default",
            "btns_size": "medium",
            "btns_cl": "default",
            "button_effect": "fade",
            "btn_pos": "t4s-text-center"
          }
        },
        "1647566087fa1ec317-1": {
          "type": "tab_item",
          "settings": {
            "tab_title": "NEW ARRIVALS",
            "icon_title": "",
            "collection": "sport",
            "product_des": "1",
            "show_vendor": false,
            "image_ratio": "ratioadapt",
            "image_size": "cover",
            "image_position": "8",
            "content_align": "default",
            "limit": 8,
            "col_dk": "4",
            "col_tb": "2",
            "col_mb": "2",
            "space_h_item": "30",
            "space_v_item": "30",
            "space_h_item_mb": "10",
            "space_v_item_mb": "10",
            "layout_des": "2",
            "loop": true,
            "au_time": 0,
            "au_hover": true,
            "nav_btn": true,
            "btn_vi": "hover",
            "btn_owl": "default",
            "btn_shape": "none",
            "btn_cl": "primary",
            "btn_size": "small",
            "btn_hidden_mobile": false,
            "nav_dot": false,
            "dot_owl": "default",
            "dots_cl": "dark",
            "dots_round": false,
            "dots_space": 10,
            "dots_hidden_mobile": false,
            "use_pagination": "none",
            "enable_bar_lm": true,
            "btn_icon": false,
            "button_style": "default",
            "btns_size": "medium",
            "btns_cl": "default",
            "button_effect": "fade",
            "btn_pos": "t4s-text-center"
          }
        },
        "1647566087fa1ec317-2": {
          "type": "tab_item",
          "settings": {
            "tab_title": "ON SALE",
            "icon_title": "",
            "collection": "sport",
            "product_des": "1",
            "show_vendor": false,
            "image_ratio": "ratioadapt",
            "image_size": "cover",
            "image_position": "8",
            "content_align": "default",
            "limit": 8,
            "col_dk": "4",
            "col_tb": "2",
            "col_mb": "2",
            "space_h_item": "30",
            "space_v_item": "30",
            "space_h_item_mb": "10",
            "space_v_item_mb": "10",
            "layout_des": "2",
            "loop": true,
            "au_time": 0,
            "au_hover": true,
            "nav_btn": true,
            "btn_vi": "hover",
            "btn_owl": "default",
            "btn_shape": "none",
            "btn_cl": "primary",
            "btn_size": "small",
            "btn_hidden_mobile": false,
            "nav_dot": false,
            "dot_owl": "default",
            "dots_cl": "dark",
            "dots_round": false,
            "dots_space": 10,
            "dots_hidden_mobile": false,
            "use_pagination": "none",
            "enable_bar_lm": true,
            "btn_icon": false,
            "button_style": "default",
            "btns_size": "medium",
            "btns_cl": "default",
            "button_effect": "fade",
            "btn_pos": "t4s-text-center"
          }
        }
      },
      "block_order": [
        "1647566087fa1ec317-0",
        "1647566087fa1ec317-1",
        "1647566087fa1ec317-2"
      ],
      "settings": {
        "design_heading": "1",
        "heading_align": "t4s-text-center",
        "top_heading": "",
        "icon_heading": "las la-gem",
        "top_subheading": "",
        "tophead_mb": 30,
        "tabs_des": "underline",
        "tabs_border": "solid",
        "item_rounded": false,
        "item_cl": "#222222",
        "item_bg": "",
        "item_cl_active": "#222222",
        "item_bg_active": "#ff8400",
        "space_between": 30,
        "tabs_pos": "center",
        "tabslist_mb": 30,
        "layout": "t4s-container-wrap",
        "cl_bg": "",
        "cl_bg_gradient": "",
        "mg": ",,80px,",
        "pd": "",
        "mg_mb": ",,30px,",
        "pd_mb": "",
        "use_cus_css": false,
        "code_cus_css": ".SectionID {\nbackground-color:red\n}"
      }
    },
    "164756510355f0f0b4": {
      "type": "banner",
      "blocks": {
        "1647565102484abb88-0": {
          "type": "b_item",
          "settings": {
            "custom_dk": true,
            "height_dk": 600,
            "custom_tb": true,
            "height_tb": 400,
            "custom_mb": true,
            "height_mb": 300,
            "image": "shopify:\/\/shop_images\/banner-hero_1950x_6a0054c6-f8b2-4cca-926b-0864eda4ee94.jpg",
            "image_mb": "shopify:\/\/shop_images\/BANNER-mobile_720x_48a654eb-b120-4f8d-ae0f-53affe3bba21.jpg",
            "b_link": "",
            "open_link": "_self",
            "img_effect": "zoom",
            "b_effect": "none",
            "col_dk": "12",
            "col_tb": "12",
            "col_mb": "12",
            "content_align": "start",
            "content_align_mobile": "start",
            "content_width": "auto",
            "cv_pos": 50,
            "ch_pos": 35,
            "cv_pos_mb": 50,
            "ch_pos_mb": 51,
            "bg_overlay": "#000000",
            "bg_opacity": 0,
            "bg_content_bl": false,
            "bg_content_cl": "#ffffff",
            "bg_content_op": 50,
            "content_pd_tb": 20,
            "content_pd_lr": 20,
            "content_pd_tb_mb": 10,
            "content_pd_lr_mb": 10,
            "border_bl": false,
            "br_color": "#222222",
            "br_bg": "#ffffff",
            "br_opacity": 50,
            "br_style": "solid",
            "br_pd": 20,
            "br_pd_mb": 10,
            "time_animation": 1,
            "animation_delay": 40
          }
        },
        "1647565102484abb88-1": {
          "type": "custom_text",
          "settings": {
            "text": "BLACK FRIDAY",
            "remove_br_tag": false,
            "fontf": "1",
            "text_cl": "#ffffff",
            "text_fs": 16,
            "text_lh": 0,
            "text_fw": 500,
            "text_ls": 0,
            "font_italic": false,
            "text_shadow": false,
            "text_mgb": 10,
            "hidden_mobile": false,
            "text_fs_mb": 14,
            "text_lh_mb": 0,
            "text_ls_mb": 0,
            "text_mgb_mobile": 5,
            "animation": "none"
          }
        },
        "1647565102484abb88-2": {
          "type": "custom_text",
          "settings": {
            "text": "SAVE 50% OFF",
            "remove_br_tag": false,
            "fontf": "2",
            "text_cl": "#ffffff",
            "text_fs": 70,
            "text_lh": 0,
            "text_fw": 700,
            "text_ls": 0,
            "font_italic": false,
            "text_shadow": false,
            "text_mgb": 5,
            "hidden_mobile": false,
            "text_fs_mb": 35,
            "text_lh_mb": 0,
            "text_ls_mb": 0,
            "text_mgb_mobile": 5,
            "animation": "none"
          }
        },
        "144c5047-41ff-4932-b0ae-a0451496eb62": {
          "type": "custom_text",
          "settings": {
            "text": "FIRST ONLINE PURCHASE",
            "remove_br_tag": false,
            "fontf": "1",
            "text_cl": "#ffffff",
            "text_fs": 36,
            "text_lh": 0,
            "text_fw": 700,
            "text_ls": 0,
            "font_italic": false,
            "text_shadow": false,
            "text_mgb": 32,
            "hidden_mobile": false,
            "text_fs_mb": 18,
            "text_lh_mb": 0,
            "text_ls_mb": 0,
            "text_mgb_mobile": 24,
            "animation": "none"
          }
        },
        "0c754b27-9820-4ce3-ae58-ee5bceb41506": {
          "type": "custom_button",
          "settings": {
            "button_text": "VIEW PROMOTION",
            "button_link": "shopify:\/\/collections\/fitness-sweaters",
            "target_link": "_self",
            "fontf": "1",
            "button_icon_w": 0,
            "button_style": "default",
            "button_effect": "default",
            "pri_cl": "#222222",
            "second_cl": "#ffffff",
            "pri_cl_hover": "#222222",
            "second_cl_hover": "#ffffff",
            "fsbutton": 14,
            "fwbutton": 600,
            "button_ls": 0,
            "button_mh": 40,
            "button_bdr": 0,
            "button_pd_lr": 17,
            "button_mgb": 0,
            "hidden_mobile": false,
            "button_icon_w_mb": 0,
            "fsbutton_mb": 13,
            "button_mh_mb": 40,
            "button_pd_lr_mb": 18,
            "button_ls_mb": 0,
            "button_mgb_mb": 0,
            "animation": "none"
          }
        }
      },
      "block_order": [
        "1647565102484abb88-0",
        "1647565102484abb88-1",
        "1647565102484abb88-2",
        "144c5047-41ff-4932-b0ae-a0451496eb62",
        "0c754b27-9820-4ce3-ae58-ee5bceb41506"
      ],
      "settings": {
        "image_ratio": "ratioadapt",
        "image_size": "cover",
        "image_position": "8",
        "equal_height": false,
        "space_h_item": "30",
        "space_v_item": "30",
        "space_h_item_mb": "10",
        "space_v_item_mb": "10",
        "layout": "t4s-container-fluid",
        "cl_bg": "",
        "cl_bg_gradient": "",
        "mg": ",,50px,",
        "pd": "",
        "mg_mb": ",,30px,",
        "pd_mb": "",
        "use_cus_css": false,
        "code_cus_css": ".SectionID {\nbackground-color:red\n}"
      }
    },
    "1647566807e707751a": {
      "type": "featured-collection",
      "settings": {
        "design_heading": "6",
        "heading_align": "t4s-text-center",
        "top_heading": "TOP SELLING",
        "icon_heading": "las la-dumbbell",
        "top_subheading": "Whether your goals are to improve weight or body composition, increase strength and function, or improve overall<br>\nhealth, resistance training can help you get there.",
        "tophead_mb": 30,
        "collection": "sport",
        "product_des": "1",
        "show_vendor": false,
        "image_ratio": "ratioadapt",
        "image_size": "cover",
        "image_position": "8",
        "content_align": "default",
        "limit": 8,
        "col_dk": "4",
        "col_tb": "2",
        "col_mb": "2",
        "space_h_item": "30",
        "space_v_item": "30",
        "space_h_item_mb": "10",
        "space_v_item_mb": "10",
        "layout_des": "1",
        "loop": true,
        "au_time": 0,
        "au_hover": true,
        "nav_btn": true,
        "btn_vi": "hover",
        "btn_owl": "default",
        "btn_shape": "none",
        "btn_cl": "dark",
        "btn_size": "small",
        "btn_hidden_mobile": false,
        "nav_dot": false,
        "dot_owl": "default",
        "dots_cl": "dark",
        "dots_round": false,
        "dots_space": 10,
        "dots_hidden_mobile": false,
        "use_pagination": "none",
        "enable_bar_lm": true,
        "btn_icon": false,
        "button_style": "default",
        "btns_size": "medium",
        "btns_cl": "default",
        "button_effect": "fade",
        "btn_pos": "t4s-text-center",
        "layout": "t4s-container-wrap",
        "cl_bg": "",
        "cl_bg_gradient": "",
        "mg": ",,50px,",
        "pd": "",
        "mg_mb": ",,30px,",
        "pd_mb": "",
        "use_cus_css": false,
        "code_cus_css": ".SectionID {\nbackground-color:red\n}"
      }
    },
    "1647567915a985f810": {
      "type": "line",
      "settings": {
        "line_style": "solid",
        "line_width": 100,
        "line_height": 1,
        "line_cl": "#e6e6e6",
        "line_pos": "t4s-text-start",
        "layout": "t4s-container-wrap",
        "mg": ",,50px,",
        "mg_mb": ",,30px,",
        "use_cus_css": false,
        "code_cus_css": ".SectionID {\nbackground-color:red\n}"
      }
    },
    "164754152733b9e059": {
      "type": "blog-post",
      "settings": {
        "design_heading": "6",
        "heading_align": "t4s-text-center",
        "top_heading": "Latest News",
        "icon_heading": "las la-trophy",
        "top_subheading": "Increased caloric expenditure can result from resistance training both due to acute effects from training sessions<br>\nand long-term effects from increased muscle mass.",
        "tophead_mb": 30,
        "blog": "blog-home-sport",
        "post_des": "1",
        "show_cate": false,
        "show_tags": false,
        "show_cnt": true,
        "show_au": false,
        "show_dt": true,
        "show_cm": false,
        "show_rm": false,
        "show_irm": false,
        "date": "date",
        "content_align": "t4s-text-start",
        "limit": 3,
        "img_effect": "zoom",
        "b_effect": "pervasive-circle",
        "image_ratio": "ratio4_3",
        "image_size": "cover",
        "image_position": "8",
        "col_dk": "3",
        "col_tb": "2",
        "col_mb": "1",
        "space_h_item": "30",
        "space_v_item": "30",
        "space_h_item_mb": "10",
        "space_v_item_mb": "10",
        "layout_des": "2",
        "loop": true,
        "au_time": 0,
        "au_hover": true,
        "nav_btn": true,
        "btn_vi": "always",
        "btn_owl": "default",
        "btn_shape": "none",
        "btn_cl": "primary",
        "btn_size": "medium",
        "btn_hidden_mobile": false,
        "nav_dot": false,
        "dot_owl": "default",
        "dots_cl": "dark",
        "dots_round": false,
        "dots_space": 10,
        "dots_hidden_mobile": false,
        "use_pagination": "none",
        "enable_bar_lm": true,
        "btn_icon": false,
        "button_style": "default",
        "btns_size": "medium",
        "btns_cl": "default",
        "button_effect": "fade",
        "btn_pos": "t4s-text-center",
        "layout": "t4s-container-wrap",
        "cl_bg": "",
        "cl_bg_gradient": "",
        "mg": ",,60px,",
        "pd": "",
        "mg_mb": ",,30px,",
        "pd_mb": "",
        "use_cus_css": true,
        "code_cus_css": ".t4s_nt_se_template--15802670776576__164754152733b9e059 .t4s-post-item .t4s-post-title {\n    font-weight: 500;\n}"
      }
    },
    "16475674004dd1dd7e": {
      "type": "line",
      "settings": {
        "line_style": "solid",
        "line_width": 100,
        "line_height": 1,
        "line_cl": "#e6e6e6",
        "line_pos": "t4s-text-start",
        "layout": "t4s-container-wrap",
        "mg": ",,20px,",
        "mg_mb": ",,30px,",
        "use_cus_css": false,
        "code_cus_css": ".SectionID {\nbackground-color:red\n}"
      }
    },
    "16475380339ff084e0": {
      "type": "shipping",
      "blocks": {
        "16475380337c6801f3-0": {
          "type": "shipping",
          "settings": {
            "icon_themes": "car",
            "icon": "las la-truck",
            "title": "FREE SHIPPING",
            "text": "<p>Free shipping on all US order or order above $100<\/p>"
          }
        },
        "16475380337c6801f3-1": {
          "type": "shipping",
          "settings": {
            "icon_themes": "help",
            "icon": "las la-headset",
            "title": "SUPPORT 24\/7",
            "text": "<p>Contact us 24 hours a day, 7 days a week<\/p>"
          }
        },
        "16475380337c6801f3-2": {
          "type": "shipping",
          "settings": {
            "icon_themes": "refesh",
            "icon": "las la-donate",
            "title": "30 DAYS RETURN",
            "text": "<p>Simply return it within 30 days for an exchange.<\/p>"
          }
        }
      },
      "block_order": [
        "16475380337c6801f3-0",
        "16475380337c6801f3-1",
        "16475380337c6801f3-2"
      ],
      "settings": {
        "design_heading": "1",
        "heading_align": "t4s-text-center",
        "top_heading": "",
        "icon_heading": "las la-gem",
        "top_subheading": "",
        "tophead_mb": 30,
        "content_align": "text-center",
        "align_vertical": false,
        "design_padding": "1",
        "source": "line_awe",
        "icon_des": "deafult",
        "icon_size": "large",
        "col_dk": "3",
        "col_tb": "2",
        "col_mb": "1",
        "border": false,
        "cl_bd": "#dddddd",
        "cl_ic": "#ff8400",
        "cl_hd": "#222222",
        "cl_cot": "#878787",
        "bg_item": "#ffffff",
        "space_h_item": "30",
        "space_v_item": "30",
        "space_h_item_mb": "10",
        "space_v_item_mb": "10",
        "carousel_mobile": false,
        "dots_cl": "dark",
        "dots_round": true,
        "layout": "t4s-container-wrap",
        "cl_bg": "",
        "cl_bg_gradient": "",
        "mg": ",,75px,",
        "pd": "",
        "mg_mb": ",,50px,",
        "pd_mb": "",
        "use_cus_css": false,
        "code_cus_css": ".SectionID {\nbackground-color:red\n}"
      }
    }
  },
  "order": [
    "16475370619b8de674",
    "16475103368ee961bf",
    "164756608761abbadb",
    "164756510355f0f0b4",
    "1647566807e707751a",
    "1647567915a985f810",
    "164754152733b9e059",
    "16475674004dd1dd7e",
    "16475380339ff084e0"
  ]
}