{
  "sections": {
    "1646631809432fc801": {
      "type": "slideshow",
      "blocks": {
        "9700ac7a-6403-4fe4-a7f0-902ce445ef88": {
          "type": "image_parent",
          "settings": {
            "image": "shopify:\/\/shop_images\/Slide-01.jpg",
            "image_position": "8",
            "cl_img": "",
            "link_img1": "",
            "open_link": "_blank",
            "animate_slide": "none",
            "text_align": "start",
            "text_align_mb": "start",
            "content_width": "auto",
            "cv_pos": 50,
            "ch_pos": 40,
            "cv_pos_mb": 50,
            "ch_pos_mb": 0,
            "bg_overlay": "#000000",
            "bg_opacity": 0,
            "bg_content_cl": "#ffffff",
            "bg_content_op": 0,
            "content_pd_tb": 20,
            "content_pd_lr": 15,
            "content_pd_tb_mb": 10,
            "content_pd_lr_mb": 15,
            "border_bl": false,
            "br_color": "#222222",
            "br_bg": "#ffffff",
            "br_opacity": 50,
            "br_style": "solid",
            "br_pd": 20,
            "br_pd_mb": 10,
            "time_animation": 1,
            "animation_delay": 40
          }
        },
        "42d1a76c-0a08-4cbd-8f8c-ef54bad084ed": {
          "type": "custom_text",
          "settings": {
            "text": "A must-have for any jewellery box",
            "remove_br_tag": false,
            "fontf": "inherit",
            "text_cl": "#ffffff",
            "text_fs": 18,
            "text_lh": 26,
            "text_fw": 500,
            "text_ls": 0,
            "text_mgb": 0,
            "font_italic": false,
            "text_shadow": false,
            "hidden_mobile": false,
            "text_fs_mb": 16,
            "text_lh_mb": 24,
            "text_ls_mb": 0,
            "text_mgb_mobile": 0,
            "animation": "fadeInDown"
          }
        },
        "7b891377-7f83-4d41-8a82-7a61ad3e27ae": {
          "type": "custom_text",
          "settings": {
            "text": "70% OFF NEW COLLECTIONS",
            "remove_br_tag": false,
            "fontf": "1",
            "text_cl": "#ffffff",
            "text_fs": 50,
            "text_lh": 70,
            "text_fw": 700,
            "text_ls": 0,
            "text_mgb": 10,
            "font_italic": false,
            "text_shadow": false,
            "hidden_mobile": false,
            "text_fs_mb": 35,
            "text_lh_mb": 40,
            "text_ls_mb": 0,
            "text_mgb_mobile": 20,
            "animation": "fadeInDown"
          }
        },
        "7e205e33-6d1e-4636-96c8-0810eb769222": {
          "type": "custom_button",
          "settings": {
            "button_text": "Explore Now",
            "button_link": "#",
            "target_link": "_self",
            "fontf": "inherit",
            "button_icon_w": 0,
            "button_style": "default",
            "button_effect": "fade",
            "pri_cl": "#222222",
            "second_cl": "#ffffff",
            "pri_cl_hover": "#ec0101",
            "second_cl_hover": "#ffffff",
            "fsbutton": 14,
            "fwbutton": 500,
            "button_ls": 0,
            "button_mh": 46,
            "button_bdr": 0,
            "button_pd_lr": 35,
            "button_mgb": 0,
            "hidden_mobile": false,
            "button_icon_w_mb": 0,
            "fsbutton_mb": 14,
            "button_mh_mb": 40,
            "button_pd_lr_mb": 15,
            "button_ls_mb": 0,
            "button_mgb_mb": 0,
            "animation": "bounceInUp"
          }
        },
        "1011d7f1-8801-42f9-b6da-7e724aab0d5f": {
          "type": "image_parent",
          "settings": {
            "image": "shopify:\/\/shop_images\/Slide-02.jpg",
            "image_position": "8",
            "cl_img": "",
            "link_img1": "",
            "open_link": "_blank",
            "animate_slide": "none",
            "text_align": "center",
            "text_align_mb": "center",
            "content_width": "container",
            "cv_pos": 50,
            "ch_pos": 50,
            "cv_pos_mb": 50,
            "ch_pos_mb": 50,
            "bg_overlay": "#000000",
            "bg_opacity": 0,
            "bg_content_cl": "#ffffff",
            "bg_content_op": 0,
            "content_pd_tb": 20,
            "content_pd_lr": 15,
            "content_pd_tb_mb": 10,
            "content_pd_lr_mb": 15,
            "border_bl": false,
            "br_color": "#222222",
            "br_bg": "#ffffff",
            "br_opacity": 0,
            "br_style": "solid",
            "br_pd": 20,
            "br_pd_mb": 10,
            "time_animation": 1,
            "animation_delay": 40
          }
        },
        "169d161a-43a1-419d-9668-8e782ba928ba": {
          "type": "custom_text",
          "settings": {
            "text": "Autumn-Spring Collections",
            "remove_br_tag": false,
            "fontf": "1",
            "text_cl": "#ffffff",
            "text_fs": 18,
            "text_lh": 24,
            "text_fw": 500,
            "text_ls": 0,
            "text_mgb": 0,
            "font_italic": false,
            "text_shadow": false,
            "hidden_mobile": false,
            "text_fs_mb": 16,
            "text_lh_mb": 24,
            "text_ls_mb": 0,
            "text_mgb_mobile": 0,
            "animation": "zoomIn"
          }
        },
        "f3245dff-94e4-44b2-a04c-ec1d214e1abe": {
          "type": "custom_text",
          "settings": {
            "text": "WEDDING SEASON 50% OFF",
            "remove_br_tag": false,
            "fontf": "1",
            "text_cl": "#ffffff",
            "text_fs": 50,
            "text_lh": 70,
            "text_fw": 700,
            "text_ls": 0,
            "text_mgb": 15,
            "font_italic": false,
            "text_shadow": false,
            "hidden_mobile": false,
            "text_fs_mb": 35,
            "text_lh_mb": 40,
            "text_ls_mb": 0,
            "text_mgb_mobile": 20,
            "animation": "fadeInDown"
          }
        },
        "9aa9eac5-3bb3-4ae4-a096-be73655da4be": {
          "type": "custom_button",
          "settings": {
            "button_text": "Shop now",
            "button_link": "#",
            "target_link": "_self",
            "fontf": "inherit",
            "button_icon_w": 0,
            "button_style": "default",
            "button_effect": "fade",
            "pri_cl": "#222222",
            "second_cl": "#ffffff",
            "pri_cl_hover": "#ec0101",
            "second_cl_hover": "#ffffff",
            "fsbutton": 14,
            "fwbutton": 500,
            "button_ls": 0,
            "button_mh": 46,
            "button_bdr": 0,
            "button_pd_lr": 35,
            "button_mgb": 0,
            "hidden_mobile": false,
            "button_icon_w_mb": 0,
            "fsbutton_mb": 10,
            "button_mh_mb": 36,
            "button_pd_lr_mb": 15,
            "button_ls_mb": 0,
            "button_mgb_mb": 0,
            "animation": "fadeInUp"
          }
        }
      },
      "block_order": [
        "9700ac7a-6403-4fe4-a7f0-902ce445ef88",
        "42d1a76c-0a08-4cbd-8f8c-ef54bad084ed",
        "7b891377-7f83-4d41-8a82-7a61ad3e27ae",
        "7e205e33-6d1e-4636-96c8-0810eb769222",
        "1011d7f1-8801-42f9-b6da-7e724aab0d5f",
        "169d161a-43a1-419d-9668-8e782ba928ba",
        "f3245dff-94e4-44b2-a04c-ec1d214e1abe",
        "9aa9eac5-3bb3-4ae4-a096-be73655da4be"
      ],
      "settings": {
        "se_height": "t4s_ratio_fh",
        "custom_dk": false,
        "height_dk": 800,
        "custom_tb": true,
        "height_tb": 640,
        "custom_mb": true,
        "height_mb": 400,
        "eff": "slide",
        "loop": true,
        "au_time": 0,
        "au_hover": true,
        "nav_btn": false,
        "btn_vi": "hover",
        "btn_owl": "default",
        "btn_shape": "none",
        "btn_cl": "dark",
        "btn_size": "small",
        "btn_hidden_mobile": false,
        "nav_dot": true,
        "dot_owl": "default",
        "dots_cl": "dark",
        "dots_round": true,
        "dots_space": 10,
        "dots_hidden_mobile": false,
        "layout": "t4s-container-fluid",
        "cl_bg": "",
        "cl_bg_gradient": "",
        "mg": ",,50px,",
        "pd": "",
        "mg_mb": ",,30px,",
        "pd_mb": "",
        "use_cus_css": false,
        "code_cus_css": ".SectionID {\nbackground-color:red\n}"
      }
    },
    "164689562699f421b6": {
      "type": "collections-list-packery",
      "blocks": {
        "1646895626733c19c1-0": {
          "type": "collection_item",
          "settings": {
            "collection": "jewelry",
            "image": "shopify:\/\/shop_images\/bj1.png",
            "col_dk": "3",
            "col_tb": "3",
            "col_mb": "6",
            "collection_title": "BRACELETS",
            "collection_link": ""
          }
        },
        "1646895626733c19c1-1": {
          "type": "collection_item",
          "settings": {
            "collection": "",
            "image": "shopify:\/\/shop_images\/bj4.png",
            "col_dk": "6",
            "col_tb": "6",
            "col_mb": "12",
            "collection_title": "",
            "collection_link": ""
          }
        },
        "1646895626733c19c1-2": {
          "type": "collection_item",
          "settings": {
            "collection": "baby-accessories",
            "image": "shopify:\/\/shop_images\/bj5.png",
            "col_dk": "3",
            "col_tb": "3",
            "col_mb": "12",
            "collection_title": "ACCESSORIES",
            "collection_link": ""
          }
        },
        "1646895626733c19c1-3": {
          "type": "collection_item",
          "settings": {
            "collection": "jewelry",
            "image": "shopify:\/\/shop_images\/bj3.png",
            "col_dk": "6",
            "col_tb": "6",
            "col_mb": "12",
            "collection_title": "ENGAGEMENT",
            "collection_link": ""
          }
        },
        "1646895626733c19c1-4": {
          "type": "collection_item",
          "settings": {
            "collection": "jewelry",
            "image": "shopify:\/\/shop_images\/bj2.png",
            "col_dk": "3",
            "col_tb": "3",
            "col_mb": "6",
            "collection_title": "NECKLACE",
            "collection_link": ""
          }
        }
      },
      "block_order": [
        "1646895626733c19c1-0",
        "1646895626733c19c1-1",
        "1646895626733c19c1-2",
        "1646895626733c19c1-3",
        "1646895626733c19c1-4"
      ],
      "settings": {
        "design_heading": "1",
        "heading_align": "t4s-text-center",
        "top_heading": "",
        "icon_heading": "las la-gem",
        "top_subheading": "",
        "tophead_mb": 30,
        "collection_des": "6",
        "title_cl": "#222222",
        "title_cl_hover": "#ffffff",
        "subtitle_cl": "#222222",
        "count_cl": "#222222",
        "border_cl": "#e5e5e5",
        "collection_subtitle": "Products",
        "open_link": "_self",
        "space_bottom": 20,
        "space_bottom_mb": 10,
        "border": false,
        "item_pd": 0,
        "item_rd": 0,
        "img_effect": "none",
        "b_effect": "none",
        "image_ratio": "ratioadapt",
        "image_size": "cover",
        "image_position": "8",
        "col_dk": "4",
        "col_tb": "2",
        "col_mb": "2",
        "space_h_item": "30",
        "space_v_item": "30",
        "space_h_item_mb": "10",
        "space_v_item_mb": "10",
        "layout": "t4s-container-wrap",
        "cl_bg": "",
        "cl_bg_gradient": "",
        "mg": ",,80px,",
        "pd": "",
        "mg_mb": ",,50px,",
        "pd_mb": "",
        "use_cus_css": true,
        "code_cus_css": ".t4s-collection-item .t4s-cat-title {\n    font-family: var(--font-family-2);\n}"
      }
    },
    "16468133992f4a3383": {
      "type": "featured-collection",
      "settings": {
        "design_heading": "1",
        "heading_align": "t4s-text-center",
        "top_heading": "Our Best Selling",
        "icon_heading": "",
        "top_subheading": "Discover our best selling items",
        "tophead_mb": 30,
        "collection": "jewelry",
        "product_des": "2",
        "show_vendor": false,
        "image_ratio": "rationt",
        "image_size": "cover",
        "image_position": "8",
        "content_align": "default",
        "limit": 8,
        "col_dk": "4",
        "col_tb": "2",
        "col_mb": "2",
        "space_h_item": "30",
        "space_v_item": "30",
        "space_h_item_mb": "10",
        "space_v_item_mb": "20",
        "layout_des": "1",
        "loop": true,
        "au_time": 0,
        "au_hover": true,
        "nav_btn": true,
        "btn_vi": "hover",
        "btn_owl": "outline",
        "btn_shape": "round",
        "btn_cl": "dark",
        "btn_size": "small",
        "btn_hidden_mobile": false,
        "nav_dot": false,
        "dot_owl": "default",
        "dots_cl": "dark",
        "dots_round": false,
        "dots_space": 10,
        "dots_hidden_mobile": false,
        "use_pagination": "none",
        "enable_bar_lm": true,
        "btn_icon": false,
        "button_style": "default",
        "btns_size": "medium",
        "btns_cl": "default",
        "button_effect": "fade",
        "btn_pos": "t4s-text-center",
        "layout": "t4s-container-wrap",
        "cl_bg": "",
        "cl_bg_gradient": "",
        "mg": ",,80px,",
        "pd": "",
        "mg_mb": ",,50px,",
        "pd_mb": "",
        "use_cus_css": false,
        "code_cus_css": ".SectionID {\nbackground-color:red\n}"
      }
    },
    "164689563337d2c318": {
      "type": "banner",
      "blocks": {
        "1646895632386abaf4-0": {
          "type": "b_item",
          "settings": {
            "custom_dk": true,
            "height_dk": 600,
            "custom_tb": true,
            "height_tb": 400,
            "custom_mb": true,
            "height_mb": 300,
            "image": "shopify:\/\/shop_images\/Banner-1_163f3bb4-b3f5-42c1-a219-0d900db022a2.jpg",
            "b_link": "#",
            "open_link": "_self",
            "img_effect": "zoom",
            "b_effect": "none",
            "col_dk": "6",
            "col_tb": "6",
            "col_mb": "12",
            "content_align": "start",
            "content_align_mobile": "center",
            "content_width": "auto",
            "cv_pos": 50,
            "ch_pos": 50,
            "cv_pos_mb": 50,
            "ch_pos_mb": 50,
            "bg_overlay": "#000000",
            "bg_opacity": 0,
            "bg_content_bl": false,
            "bg_content_cl": "#ffffff",
            "bg_content_op": 50,
            "content_pd_tb": 20,
            "content_pd_lr": 20,
            "content_pd_tb_mb": 10,
            "content_pd_lr_mb": 10,
            "border_bl": false,
            "br_color": "#222222",
            "br_bg": "#ffffff",
            "br_opacity": 50,
            "br_style": "solid",
            "br_pd": 20,
            "br_pd_mb": 10,
            "time_animation": 1,
            "animation_delay": 40
          }
        },
        "1646895632386abaf4-1": {
          "type": "custom_text",
          "settings": {
            "text": "The latest on-trend styles",
            "remove_br_tag": false,
            "fontf": "inherit",
            "text_cl": "#ffffff",
            "text_fs": 16,
            "text_lh": 24,
            "text_fw": 400,
            "text_ls": 0,
            "font_italic": false,
            "text_shadow": false,
            "text_mgb": 5,
            "hidden_mobile": false,
            "text_fs_mb": 14,
            "text_lh_mb": 16,
            "text_ls_mb": 0,
            "text_mgb_mobile": 5,
            "animation": "none"
          }
        },
        "1646895632386abaf4-2": {
          "type": "custom_text",
          "settings": {
            "text": "Check out our latest range",
            "remove_br_tag": false,
            "fontf": "2",
            "text_cl": "#ffffff",
            "text_fs": 36,
            "text_lh": 38,
            "text_fw": 400,
            "text_ls": 0,
            "font_italic": false,
            "text_shadow": false,
            "text_mgb": 20,
            "hidden_mobile": false,
            "text_fs_mb": 20,
            "text_lh_mb": 20,
            "text_ls_mb": 0,
            "text_mgb_mobile": 15,
            "animation": "none"
          }
        },
        "260f0939-f293-4666-a6bb-7d168e35ef48": {
          "type": "custom_button",
          "settings": {
            "button_text": "Shop Now",
            "button_link": "#",
            "target_link": "_self",
            "fontf": "inherit",
            "button_icon_w": 14,
            "button_style": "default",
            "button_effect": "default",
            "pri_cl": "#222222",
            "second_cl": "#ffffff",
            "pri_cl_hover": "#ec0101",
            "second_cl_hover": "#ffffff",
            "fsbutton": 14,
            "fwbutton": 400,
            "button_ls": 0,
            "button_mh": 42,
            "button_bdr": 0,
            "button_pd_lr": 30,
            "button_mgb": 0,
            "hidden_mobile": false,
            "button_icon_w_mb": 14,
            "fsbutton_mb": 12,
            "button_mh_mb": 36,
            "button_pd_lr_mb": 15,
            "button_ls_mb": 0,
            "button_mgb_mb": 0,
            "animation": "none"
          }
        },
        "1646895632386abaf4-3": {
          "type": "b_item",
          "settings": {
            "custom_dk": true,
            "height_dk": 600,
            "custom_tb": true,
            "height_tb": 400,
            "custom_mb": true,
            "height_mb": 300,
            "image": "shopify:\/\/shop_images\/Banner-2_93467d81-c3cf-44b7-b60e-90d760d2b964.jpg",
            "b_link": "#",
            "open_link": "_self",
            "img_effect": "zoom",
            "b_effect": "none",
            "col_dk": "6",
            "col_tb": "6",
            "col_mb": "12",
            "content_align": "center",
            "content_align_mobile": "center",
            "content_width": "auto",
            "cv_pos": 50,
            "ch_pos": 50,
            "cv_pos_mb": 50,
            "ch_pos_mb": 50,
            "bg_overlay": "#000000",
            "bg_opacity": 0,
            "bg_content_bl": false,
            "bg_content_cl": "#ffffff",
            "bg_content_op": 50,
            "content_pd_tb": 20,
            "content_pd_lr": 20,
            "content_pd_tb_mb": 10,
            "content_pd_lr_mb": 10,
            "border_bl": false,
            "br_color": "#222222",
            "br_bg": "#ffffff",
            "br_opacity": 50,
            "br_style": "solid",
            "br_pd": 20,
            "br_pd_mb": 10,
            "time_animation": 1,
            "animation_delay": 40
          }
        },
        "1646895632386abaf4-4": {
          "type": "custom_text",
          "settings": {
            "text": "Shop our most popular products",
            "remove_br_tag": false,
            "fontf": "inherit",
            "text_cl": "#ffffff",
            "text_fs": 14,
            "text_lh": 24,
            "text_fw": 400,
            "text_ls": 0,
            "font_italic": false,
            "text_shadow": false,
            "text_mgb": 5,
            "hidden_mobile": false,
            "text_fs_mb": 14,
            "text_lh_mb": 16,
            "text_ls_mb": 0,
            "text_mgb_mobile": 5,
            "animation": "none"
          }
        },
        "1646895632386abaf4-5": {
          "type": "custom_text",
          "settings": {
            "text": "Earing Collections",
            "remove_br_tag": false,
            "fontf": "2",
            "text_cl": "#ffffff",
            "text_fs": 36,
            "text_lh": 38,
            "text_fw": 700,
            "text_ls": 0,
            "font_italic": false,
            "text_shadow": false,
            "text_mgb": 20,
            "hidden_mobile": false,
            "text_fs_mb": 20,
            "text_lh_mb": 24,
            "text_ls_mb": 0,
            "text_mgb_mobile": 15,
            "animation": "none"
          }
        },
        "d941b293-a9d2-449c-a7e0-8cb14b7a5e06": {
          "type": "custom_button",
          "settings": {
            "button_text": "Shop now",
            "button_link": "#",
            "target_link": "_self",
            "fontf": "inherit",
            "button_icon_w": 14,
            "button_style": "default",
            "button_effect": "fade",
            "pri_cl": "#222222",
            "second_cl": "#ffffff",
            "pri_cl_hover": "#ec0101",
            "second_cl_hover": "#ffffff",
            "fsbutton": 14,
            "fwbutton": 400,
            "button_ls": 0,
            "button_mh": 42,
            "button_bdr": 0,
            "button_pd_lr": 30,
            "button_mgb": 0,
            "hidden_mobile": false,
            "button_icon_w_mb": 14,
            "fsbutton_mb": 12,
            "button_mh_mb": 36,
            "button_pd_lr_mb": 15,
            "button_ls_mb": 0,
            "button_mgb_mb": 0,
            "animation": "none"
          }
        }
      },
      "block_order": [
        "1646895632386abaf4-0",
        "1646895632386abaf4-1",
        "1646895632386abaf4-2",
        "260f0939-f293-4666-a6bb-7d168e35ef48",
        "1646895632386abaf4-3",
        "1646895632386abaf4-4",
        "1646895632386abaf4-5",
        "d941b293-a9d2-449c-a7e0-8cb14b7a5e06"
      ],
      "settings": {
        "image_ratio": "ratioadapt",
        "image_size": "cover",
        "image_position": "8",
        "equal_height": false,
        "space_h_item": "30",
        "space_v_item": "30",
        "space_h_item_mb": "10",
        "space_v_item_mb": "10",
        "layout": "t4s-container-wrap",
        "cl_bg": "",
        "cl_bg_gradient": "",
        "mg": ",,80px,",
        "pd": "",
        "mg_mb": ",,50px,",
        "pd_mb": "",
        "use_cus_css": false,
        "code_cus_css": ".SectionID {\nbackground-color:red\n}"
      }
    },
    "164681675006a759a5": {
      "type": "featured-collection",
      "settings": {
        "design_heading": "1",
        "heading_align": "t4s-text-center",
        "top_heading": "Our Trendings",
        "icon_heading": "",
        "top_subheading": "Explore all trending items",
        "tophead_mb": 30,
        "collection": "jewelry",
        "product_des": "2",
        "show_vendor": false,
        "image_ratio": "rationt",
        "image_size": "cover",
        "image_position": "8",
        "content_align": "center",
        "limit": 8,
        "col_dk": "4",
        "col_tb": "2",
        "col_mb": "2",
        "space_h_item": "30",
        "space_v_item": "30",
        "space_h_item_mb": "10",
        "space_v_item_mb": "20",
        "layout_des": "1",
        "loop": true,
        "au_time": 0,
        "au_hover": true,
        "nav_btn": false,
        "btn_vi": "hover",
        "btn_owl": "default",
        "btn_shape": "none",
        "btn_cl": "dark",
        "btn_size": "small",
        "btn_hidden_mobile": false,
        "nav_dot": false,
        "dot_owl": "default",
        "dots_cl": "dark",
        "dots_round": false,
        "dots_space": 10,
        "dots_hidden_mobile": false,
        "use_pagination": "none",
        "enable_bar_lm": true,
        "btn_icon": false,
        "button_style": "default",
        "btns_size": "medium",
        "btns_cl": "default",
        "button_effect": "fade",
        "btn_pos": "t4s-text-center",
        "layout": "t4s-container-wrap",
        "cl_bg": "",
        "cl_bg_gradient": "",
        "mg": ",,80px,",
        "pd": "",
        "mg_mb": ",,50px,",
        "pd_mb": "",
        "use_cus_css": false,
        "code_cus_css": ".SectionID {\nbackground-color:red\n}"
      }
    },
    "16468167598eed4b1f": {
      "type": "blog-post",
      "settings": {
        "design_heading": "1",
        "heading_align": "t4s-text-center",
        "top_heading": "From The Blogs",
        "icon_heading": "",
        "top_subheading": "",
        "tophead_mb": 35,
        "blog": "jewelry",
        "post_des": "2",
        "show_cate": false,
        "show_tags": false,
        "show_cnt": true,
        "show_au": false,
        "show_dt": true,
        "show_cm": false,
        "show_rm": false,
        "show_irm": false,
        "date": "date",
        "content_align": "t4s-text-start",
        "limit": 8,
        "img_effect": "none",
        "b_effect": "pervasive-circle",
        "image_ratio": "ratioadapt",
        "image_size": "cover",
        "image_position": "8",
        "col_dk": "3",
        "col_tb": "2",
        "col_mb": "1",
        "space_h_item": "30",
        "space_v_item": "30",
        "space_h_item_mb": "10",
        "space_v_item_mb": "10",
        "layout_des": "2",
        "loop": true,
        "au_time": 0,
        "au_hover": true,
        "nav_btn": true,
        "btn_vi": "hover",
        "btn_owl": "default",
        "btn_shape": "round",
        "btn_cl": "light",
        "btn_size": "medium",
        "btn_hidden_mobile": false,
        "nav_dot": false,
        "dot_owl": "default",
        "dots_cl": "dark",
        "dots_round": false,
        "dots_space": 10,
        "dots_hidden_mobile": false,
        "use_pagination": "none",
        "enable_bar_lm": true,
        "btn_icon": false,
        "button_style": "default",
        "btns_size": "medium",
        "btns_cl": "default",
        "button_effect": "fade",
        "btn_pos": "t4s-text-center",
        "layout": "t4s-container-wrap",
        "cl_bg": "",
        "cl_bg_gradient": "",
        "mg": ",,70px,",
        "pd": "",
        "mg_mb": ",,50px,",
        "pd_mb": "",
        "use_cus_css": true,
        "code_cus_css": ".t4s-post-item .t4s-post-metas {\n    margin-bottom: 10px;\n}"
      }
    },
    "1646814450bded4afb": {
      "type": "logo_list",
      "blocks": {
        "1646814450018d35cd-0": {
          "type": "logo_item",
          "settings": {
            "image": "shopify:\/\/shop_images\/IG-5.jpg",
            "url": "#"
          }
        },
        "1646814450018d35cd-1": {
          "type": "logo_item",
          "settings": {
            "image": "shopify:\/\/shop_images\/IG-1.jpg",
            "url": ""
          }
        },
        "1646814450018d35cd-2": {
          "type": "logo_item",
          "settings": {
            "image": "shopify:\/\/shop_images\/IG-4.jpg",
            "url": "#"
          }
        },
        "1646814450018d35cd-3": {
          "type": "logo_item",
          "settings": {
            "image": "shopify:\/\/shop_images\/IG-2.jpg",
            "url": "#"
          }
        },
        "1646814450018d35cd-4": {
          "type": "logo_item",
          "settings": {
            "image": "shopify:\/\/shop_images\/IG-3.jpg",
            "url": "#"
          }
        },
        "1646814450018d35cd-5": {
          "type": "logo_item",
          "settings": {
            "image": "shopify:\/\/shop_images\/IG-6.jpg",
            "url": ""
          }
        },
        "1646814450018d35cd-6": {
          "type": "logo_item",
          "settings": {
            "image": "shopify:\/\/shop_images\/bj2.png",
            "url": "#"
          }
        }
      },
      "block_order": [
        "1646814450018d35cd-0",
        "1646814450018d35cd-1",
        "1646814450018d35cd-2",
        "1646814450018d35cd-3",
        "1646814450018d35cd-4",
        "1646814450018d35cd-5",
        "1646814450018d35cd-6"
      ],
      "settings": {
        "design_heading": "1",
        "heading_align": "t4s-text-center",
        "top_heading": "@ FOLLOW US ON INSTAGRAM",
        "icon_heading": "las la-gem",
        "top_subheading": "",
        "tophead_mb": 30,
        "img_effect": "zoom",
        "b_effect": "none",
        "open_link": "_blank",
        "layout_des": "2",
        "click_image": "data-goto",
        "nav_thumbs": true,
        "col_dk": "6",
        "col_tb": "3",
        "col_mb": "2",
        "space_item": "0",
        "space_item_mb": "0",
        "loop": true,
        "au_time": 0,
        "au_hover": true,
        "nav_btn": false,
        "btn_vi": "hover",
        "btn_owl": "default",
        "btn_shape": "none",
        "btn_cl": "dark",
        "btn_size": "small",
        "btn_hidden_mobile": false,
        "nav_dot": false,
        "dot_owl": "default",
        "dots_cl": "dark",
        "dots_round": false,
        "dots_space": 10,
        "dots_hidden_mobile": false,
        "layout": "t4s-container-fluid",
        "cl_bg": "",
        "cl_bg_gradient": "",
        "mg": ",,50px,",
        "pd": "",
        "mg_mb": ",,50px,",
        "pd_mb": "",
        "use_cus_css": false,
        "code_cus_css": ".SectionID {\nbackground-color:red\n}"
      }
    },
    "1647417247efbe72c5": {
      "type": "shipping",
      "blocks": {
        "16474172475e87dc1c-0": {
          "type": "shipping",
          "settings": {
            "icon_themes": "car",
            "icon": "tractor",
            "title": "FREE SHIPPING",
            "text": "<p>Free shipping on all US order or order above $100<\/p>"
          }
        },
        "16474172475e87dc1c-1": {
          "type": "shipping",
          "settings": {
            "icon_themes": "help",
            "icon": "life-ring",
            "title": "SUPPORT 24\/7",
            "text": "<p>Contact us 24 hours a day, 7 days a week<\/p>"
          }
        },
        "16474172475e87dc1c-2": {
          "type": "shipping",
          "settings": {
            "icon_themes": "refesh",
            "icon": "undo-alt",
            "title": "30 DAYS RETURN",
            "text": "<p>Simply return it within 30 days for an exchange.<\/p>"
          }
        },
        "16474172475e87dc1c-3": {
          "type": "shipping",
          "settings": {
            "icon_themes": "door-lock",
            "icon": "lock",
            "title": "100% PAYMENT SECURE",
            "text": "<p>We ensure secure payment with PEV<\/p>"
          }
        }
      },
      "block_order": [
        "16474172475e87dc1c-0",
        "16474172475e87dc1c-1",
        "16474172475e87dc1c-2",
        "16474172475e87dc1c-3"
      ],
      "settings": {
        "design_heading": "1",
        "heading_align": "t4s-text-center",
        "top_heading": "",
        "icon_heading": "las la-gem",
        "top_subheading": "",
        "tophead_mb": 30,
        "content_align": "text-start",
        "align_vertical": false,
        "design_padding": "1",
        "source": "themes_icon",
        "icon_des": "deafult",
        "icon_size": "medium",
        "col_dk": "4",
        "col_tb": "2",
        "col_mb": "1",
        "border": false,
        "cl_bd": "#dddddd",
        "cl_ic": "#9e9e9e",
        "cl_hd": "#222222",
        "cl_cot": "#878787",
        "bg_item": "#ffffff",
        "space_h_item": "30",
        "space_v_item": "30",
        "space_h_item_mb": "10",
        "space_v_item_mb": "30",
        "carousel_mobile": true,
        "dots_cl": "dark",
        "dots_round": true,
        "layout": "t4s-container-wrap",
        "cl_bg": "",
        "cl_bg_gradient": "",
        "mg": ",,50px,",
        "pd": "",
        "mg_mb": ",,50px,",
        "pd_mb": "",
        "use_cus_css": false,
        "code_cus_css": ".SectionID {\nbackground-color:red\n}"
      }
    }
  },
  "order": [
    "1646631809432fc801",
    "164689562699f421b6",
    "16468133992f4a3383",
    "164689563337d2c318",
    "164681675006a759a5",
    "16468167598eed4b1f",
    "1646814450bded4afb",
    "1647417247efbe72c5"
  ]
}