{
  "sections": {
    "164679487424973fe7": {
      "type": "slideshow",
      "blocks": {
        "1646794873c20a81c8-0": {
          "type": "image_parent",
          "settings": {
            "image": "shopify:\/\/shop_images\/01_1950x_fbce9d23-e66c-4e3e-bc73-8a4043ed2c0b.jpg",
            "image_position": "8",
            "cl_img": "",
            "link_img1": "",
            "open_link": "_blank",
            "animate_slide": "none",
            "text_align": "start",
            "text_align_mb": "end",
            "content_width": "auto",
            "cv_pos": 50,
            "ch_pos": 73,
            "cv_pos_mb": 50,
            "ch_pos_mb": 80,
            "bg_overlay": "#000000",
            "bg_opacity": 0,
            "bg_content_cl": "#ffffff",
            "bg_content_op": 0,
            "content_pd_tb": 20,
            "content_pd_lr": 20,
            "content_pd_tb_mb": 10,
            "content_pd_lr_mb": 10,
            "border_bl": false,
            "br_color": "#222222",
            "br_bg": "#ffffff",
            "br_opacity": 50,
            "br_style": "solid",
            "br_pd": 20,
            "br_pd_mb": 10,
            "time_animation": 1,
            "animation_delay": 40
          }
        },
        "1646794873c20a81c8-1": {
          "type": "custom_text",
          "settings": {
            "text": "WE ARE KALLES",
            "remove_br_tag": false,
            "fontf": "inherit",
            "text_cl": "#ffffff",
            "text_fs": 18,
            "text_lh": 22,
            "text_fw": 500,
            "text_ls": 3,
            "text_mgb": 15,
            "font_italic": false,
            "text_shadow": false,
            "hidden_mobile": false,
            "text_fs_mb": 16,
            "text_lh_mb": 0,
            "text_ls_mb": 0,
            "text_mgb_mobile": 10,
            "animation": "fadeInRight"
          }
        },
        "1646794873c20a81c8-2": {
          "type": "custom_text",
          "settings": {
            "text": "No Matter What <br>\n\nLifestyle You Live",
            "remove_br_tag": true,
            "fontf": "inherit",
            "text_cl": "#ffffff",
            "text_fs": 60,
            "text_lh": 70,
            "text_fw": 700,
            "text_ls": 1,
            "text_mgb": 30,
            "font_italic": false,
            "text_shadow": false,
            "hidden_mobile": false,
            "text_fs_mb": 30,
            "text_lh_mb": 36,
            "text_ls_mb": 0.5,
            "text_mgb_mobile": 10,
            "animation": "fadeInRight"
          }
        },
        "1646794873c20a81c8-3": {
          "type": "custom_button",
          "settings": {
            "button_text": "LEARN MORE",
            "button_link": "shopify:\/\/collections",
            "target_link": "_self",
            "fontf": "inherit",
            "button_icon_w": 14,
            "button_style": "outline",
            "button_effect": "fade",
            "pri_cl": "#ffffff",
            "second_cl": "",
            "pri_cl_hover": "#c91f28",
            "second_cl_hover": "#ffffff",
            "fsbutton": 16,
            "fwbutton": 500,
            "button_ls": 3,
            "button_mh": 60,
            "button_bdr": 0,
            "button_pd_lr": 19,
            "button_mgb": 0,
            "hidden_mobile": false,
            "button_icon_w_mb": 14,
            "fsbutton_mb": 14,
            "button_mh_mb": 40,
            "button_pd_lr_mb": 15,
            "button_ls_mb": 0,
            "button_mgb_mb": 0,
            "animation": "fadeInRight"
          }
        },
        "1646794873c20a81c8-4": {
          "type": "image_parent",
          "settings": {
            "image": "shopify:\/\/shop_images\/02_1950x_1b15566d-f53c-4d2e-abf5-bf66005cd55e.jpg",
            "image_position": "8",
            "cl_img": "",
            "link_img1": "",
            "open_link": "_blank",
            "animate_slide": "none",
            "text_align": "end",
            "text_align_mb": "end",
            "content_width": "container",
            "cv_pos": 50,
            "ch_pos": 100,
            "cv_pos_mb": 50,
            "ch_pos_mb": 100,
            "bg_overlay": "#000000",
            "bg_opacity": 0,
            "bg_content_cl": "#ffffff",
            "bg_content_op": 0,
            "content_pd_tb": 20,
            "content_pd_lr": 20,
            "content_pd_tb_mb": 10,
            "content_pd_lr_mb": 10,
            "border_bl": false,
            "br_color": "#222222",
            "br_bg": "#ffffff",
            "br_opacity": 50,
            "br_style": "solid",
            "br_pd": 20,
            "br_pd_mb": 10,
            "time_animation": 1,
            "animation_delay": 40
          }
        },
        "1646794873c20a81c8-5": {
          "type": "custom_text",
          "settings": {
            "text": "MEMBERS GET",
            "remove_br_tag": false,
            "fontf": "inherit",
            "text_cl": "#ffffff",
            "text_fs": 18,
            "text_lh": 22,
            "text_fw": 500,
            "text_ls": 0.9,
            "text_mgb": 15,
            "font_italic": false,
            "text_shadow": false,
            "hidden_mobile": false,
            "text_fs_mb": 16,
            "text_lh_mb": 0,
            "text_ls_mb": 0,
            "text_mgb_mobile": 10,
            "animation": "fadeInLeft"
          }
        },
        "1646794873c20a81c8-6": {
          "type": "custom_text",
          "settings": {
            "text": "20% OFF<br>\nONE FULL PRICE ITEM",
            "remove_br_tag": true,
            "fontf": "inherit",
            "text_cl": "#ffffff",
            "text_fs": 60,
            "text_lh": 70,
            "text_fw": 700,
            "text_ls": 1,
            "text_mgb": 30,
            "font_italic": false,
            "text_shadow": false,
            "hidden_mobile": false,
            "text_fs_mb": 30,
            "text_lh_mb": 36,
            "text_ls_mb": 0.5,
            "text_mgb_mobile": 10,
            "animation": "fadeInLeft"
          }
        },
        "1646794873c20a81c8-7": {
          "type": "custom_button",
          "settings": {
            "button_text": "REGISTER NOW",
            "button_link": "shopify:\/\/collections",
            "target_link": "_self",
            "fontf": "inherit",
            "button_icon_w": 16,
            "button_style": "outline",
            "button_effect": "fade",
            "pri_cl": "#ffffff",
            "second_cl": "",
            "pri_cl_hover": "#c91f28",
            "second_cl_hover": "#ffffff",
            "fsbutton": 16,
            "fwbutton": 500,
            "button_ls": 3,
            "button_mh": 60,
            "button_bdr": 0,
            "button_pd_lr": 17,
            "button_mgb": 0,
            "hidden_mobile": false,
            "button_icon_w_mb": 14,
            "fsbutton_mb": 14,
            "button_mh_mb": 40,
            "button_pd_lr_mb": 15,
            "button_ls_mb": 0,
            "button_mgb_mb": 0,
            "animation": "fadeInLeft"
          }
        }
      },
      "block_order": [
        "1646794873c20a81c8-0",
        "1646794873c20a81c8-1",
        "1646794873c20a81c8-2",
        "1646794873c20a81c8-3",
        "1646794873c20a81c8-4",
        "1646794873c20a81c8-5",
        "1646794873c20a81c8-6",
        "1646794873c20a81c8-7"
      ],
      "settings": {
        "se_height": "t4s_ratio_cuspx",
        "custom_dk": true,
        "height_dk": 750,
        "custom_tb": true,
        "height_tb": 550,
        "custom_mb": true,
        "height_mb": 350,
        "eff": "slide",
        "loop": true,
        "au_time": 0,
        "au_hover": true,
        "nav_btn": false,
        "btn_vi": "hover",
        "btn_owl": "default",
        "btn_shape": "none",
        "btn_cl": "dark",
        "btn_size": "small",
        "btn_hidden_mobile": false,
        "nav_dot": true,
        "dot_owl": "default",
        "dots_cl": "light",
        "dots_round": true,
        "dots_space": 10,
        "dots_hidden_mobile": false,
        "layout": "t4s-container-fluid",
        "cl_bg": "",
        "cl_bg_gradient": "",
        "mg": ",,85px,",
        "pd": "",
        "mg_mb": ",,35px,",
        "pd_mb": "",
        "use_cus_css": false,
        "code_cus_css": ".SectionID {\nbackground-color:red\n}"
      }
    },
    "16468088995ecbf14d": {
      "type": "custom-section",
      "blocks": {
        "16468088996d5b85b8-0": {
          "type": "bl_col",
          "settings": {
            "col_dk": "12",
            "col_tb": "6",
            "col_mb": "12",
            "align_vertical": true,
            "content_align": "center",
            "content_align_mobile": "center",
            "padding_inner": "",
            "padding_inner_mb": "",
            "bg_cl": "rgba(0,0,0,0)"
          }
        },
        "16468088996d5b85b8-1": {
          "type": "custom_text",
          "settings": {
            "text": "POWERPLATE COLLECTION",
            "remove_br_tag": false,
            "fontf": "1",
            "text_cl": "#222222",
            "text_fs": 35,
            "text_lh": 50,
            "text_fw": 600,
            "text_ls": 0.5,
            "font_italic": false,
            "text_shadow": false,
            "text_mgb": 0,
            "hidden_mobile": false,
            "text_fs_mb": 24,
            "text_lh_mb": 40,
            "text_ls_mb": 0,
            "text_mgb_mobile": 0
          }
        },
        "16468088996d5b85b8-2": {
          "type": "custom_text",
          "settings": {
            "text": "DISCOVER OUR BEST PRODUCTS",
            "remove_br_tag": false,
            "fontf": "inherit",
            "text_cl": "#7b7b7b",
            "text_fs": 14,
            "text_lh": 24,
            "text_fw": 400,
            "text_ls": 1.5,
            "font_italic": false,
            "text_shadow": false,
            "text_mgb": 0,
            "hidden_mobile": false,
            "text_fs_mb": 14,
            "text_lh_mb": 0,
            "text_ls_mb": 1,
            "text_mgb_mobile": 0
          }
        }
      },
      "block_order": [
        "16468088996d5b85b8-0",
        "16468088996d5b85b8-1",
        "16468088996d5b85b8-2"
      ],
      "settings": {
        "space_h_item": "30",
        "space_v_item": "30",
        "space_h_item_mb": "10",
        "space_v_item_mb": "10",
        "layout": "t4s-container-wrap",
        "cl_bg": "",
        "cl_bg_gradient": "",
        "mg": ",,30px,",
        "pd": "",
        "mg_mb": ",,30px,",
        "pd_mb": "",
        "use_cus_css": false,
        "code_cus_css": ".SectionID {\nbackground-color:red\n}"
      }
    },
    "1646808724969bcbcf": {
      "type": "featured-collection",
      "settings": {
        "design_heading": "1",
        "heading_align": "t4s-text-center",
        "top_heading": "",
        "icon_heading": "las la-gem",
        "top_subheading": "",
        "tophead_mb": 30,
        "collection": "bag",
        "product_des": "1",
        "show_vendor": false,
        "image_ratio": "rationt",
        "image_size": "cover",
        "image_position": "8",
        "content_align": "default",
        "limit": 8,
        "col_dk": "4",
        "col_tb": "2",
        "col_mb": "2",
        "space_h_item": "30",
        "space_v_item": "30",
        "space_h_item_mb": "10",
        "space_v_item_mb": "10",
        "layout_des": "1",
        "loop": true,
        "au_time": 0,
        "au_hover": true,
        "nav_btn": true,
        "btn_vi": "hover",
        "btn_owl": "default",
        "btn_shape": "none",
        "btn_cl": "dark",
        "btn_size": "small",
        "btn_hidden_mobile": false,
        "nav_dot": true,
        "dot_owl": "default",
        "dots_cl": "dark",
        "dots_round": false,
        "dots_space": 10,
        "dots_hidden_mobile": false,
        "use_pagination": "load-more",
        "enable_bar_lm": false,
        "btn_icon": true,
        "button_style": "outline",
        "btns_size": "large",
        "btns_cl": "dark",
        "button_effect": "rectangle-out",
        "btn_pos": "t4s-text-center",
        "layout": "t4s-container-wrap",
        "cl_bg": "",
        "cl_bg_gradient": "",
        "mg": ",,90px,",
        "pd": "",
        "mg_mb": ",,90px,",
        "pd_mb": "",
        "use_cus_css": false,
        "code_cus_css": ".SectionID {\nbackground-color:red\n}"
      }
    },
    "1649214867c14cbf68": {
      "type": "collections-list-packery",
      "blocks": {
        "164921486785087092-0": {
          "type": "collection_item",
          "settings": {
            "collection": "bag",
            "image": "shopify:\/\/shop_images\/01_720x_04a3364d-da46-43cd-8506-68a083294ca5.jpg",
            "col_dk": "4",
            "col_tb": "4",
            "col_mb": "6",
            "collection_title": "Messengers",
            "collection_link": ""
          }
        },
        "164921486785087092-1": {
          "type": "collection_item",
          "settings": {
            "collection": "travel-luggage",
            "image": "shopify:\/\/shop_images\/02_720x_fc8b8a9d-29a2-49e8-8bf1-31f7faefe9b2.jpg",
            "col_dk": "4",
            "col_tb": "4",
            "col_mb": "6",
            "collection_title": "Travel & Luggage",
            "collection_link": ""
          }
        },
        "164921486785087092-2": {
          "type": "collection_item",
          "settings": {
            "collection": "bag",
            "image": "shopify:\/\/shop_images\/04_1296x_1ee4b6db-25d2-45f5-ad8c-fd28f404f0e6.jpg",
            "col_dk": "8",
            "col_tb": "8",
            "col_mb": "12",
            "collection_title": "Laptop Bags",
            "collection_link": ""
          }
        },
        "164921486785087092-3": {
          "type": "collection_item",
          "settings": {
            "collection": "travel-luggage",
            "image": "shopify:\/\/shop_images\/person-backpack2jpg_720x_85203c57-3369-4df0-bfd4-b819f51bfb29.jpg",
            "col_dk": "4",
            "col_tb": "4",
            "col_mb": "12",
            "collection_title": "Backpack",
            "collection_link": ""
          }
        }
      },
      "block_order": [
        "164921486785087092-0",
        "164921486785087092-1",
        "164921486785087092-2",
        "164921486785087092-3"
      ],
      "settings": {
        "design_heading": "1",
        "heading_align": "t4s-text-center",
        "top_heading": "",
        "icon_heading": "",
        "top_subheading": "",
        "tophead_mb": 30,
        "collection_des": "1",
        "title_cl": "#ffffff",
        "title_cl_hover": "#222222",
        "subtitle_cl": "#878787",
        "count_cl": "#222222",
        "border_cl": "#e5e5e5",
        "collection_subtitle": "Products",
        "open_link": "_self",
        "space_bottom": 20,
        "space_bottom_mb": 10,
        "border": false,
        "item_pd": 0,
        "item_rd": 0,
        "img_effect": "none",
        "b_effect": "none",
        "image_ratio": "ratioadapt",
        "image_size": "cover",
        "image_position": "8",
        "col_dk": "4",
        "col_tb": "2",
        "col_mb": "2",
        "space_h_item": "10",
        "space_v_item": "10",
        "space_h_item_mb": "10",
        "space_v_item_mb": "10",
        "layout": "t4s-container-fluid",
        "cl_bg": "",
        "cl_bg_gradient": "",
        "mg": ",,90px,",
        "pd": "0,50px,0,50px",
        "mg_mb": ",,50px,",
        "pd_mb": "0,10px,0,10px",
        "use_cus_css": false,
        "code_cus_css": ".SectionID {\nbackground-color:red\n}"
      }
    },
    "1646763353af01205b": {
      "type": "custom-section",
      "blocks": {
        "16467633536e18ad68-0": {
          "type": "bl_col",
          "settings": {
            "col_dk": "12",
            "col_tb": "12",
            "col_mb": "12",
            "align_vertical": true,
            "content_align": "center",
            "content_align_mobile": "center",
            "padding_inner": "",
            "padding_inner_mb": "",
            "bg_cl": "rgba(0,0,0,0)"
          }
        },
        "16467633536e18ad68-1": {
          "type": "custom_text",
          "settings": {
            "text": "BEST SELLER PRODUCTS",
            "remove_br_tag": false,
            "fontf": "2",
            "text_cl": "#000000",
            "text_fs": 35,
            "text_lh": 50,
            "text_fw": 600,
            "text_ls": 0,
            "font_italic": false,
            "text_shadow": false,
            "text_mgb": 0,
            "hidden_mobile": false,
            "text_fs_mb": 24,
            "text_lh_mb": 40,
            "text_ls_mb": 0,
            "text_mgb_mobile": 0
          }
        },
        "16467633536e18ad68-2": {
          "type": "custom_text",
          "settings": {
            "text": "BEST SELLING PRODUCTS THIS SEASON",
            "remove_br_tag": true,
            "fontf": "inherit",
            "text_cl": "#878787",
            "text_fs": 14,
            "text_lh": 20,
            "text_fw": 400,
            "text_ls": 1.5,
            "font_italic": false,
            "text_shadow": false,
            "text_mgb": 0,
            "hidden_mobile": false,
            "text_fs_mb": 14,
            "text_lh_mb": 0,
            "text_ls_mb": 1,
            "text_mgb_mobile": 0
          }
        }
      },
      "block_order": [
        "16467633536e18ad68-0",
        "16467633536e18ad68-1",
        "16467633536e18ad68-2"
      ],
      "settings": {
        "space_h_item": "30",
        "space_v_item": "30",
        "space_h_item_mb": "10",
        "space_v_item_mb": "10",
        "layout": "t4s-container-wrap",
        "cl_bg": "",
        "cl_bg_gradient": "",
        "mg": ",,50px,",
        "pd": "",
        "mg_mb": ",,30px,",
        "pd_mb": "",
        "use_cus_css": false,
        "code_cus_css": ".SectionID {\nbackground-color:red\n}"
      }
    },
    "1646818520e0397b1e": {
      "type": "collection-products-banner",
      "blocks": {
        "1646818520199c1536-0": {
          "type": "b_item",
          "settings": {
            "image": "shopify:\/\/shop_images\/Banner_720x_97db754b-c296-49fe-9486-07197ec9ae59.jpg",
            "b_link": "",
            "open_link": "_self",
            "img_effect": "none",
            "b_effect": "none",
            "content_align": "start",
            "content_align_mobile": "start",
            "custom_height": 350,
            "content_width": "auto",
            "cv_pos": 93,
            "ch_pos": 30,
            "cv_pos_mb": 95,
            "ch_pos_mb": 20,
            "bg_overlay": "#000000",
            "bg_opacity": 0,
            "bg_content_bl": false,
            "bg_content_cl": "#ffffff",
            "bg_content_op": 50,
            "content_pd_tb": 20,
            "content_pd_lr": 20,
            "content_pd_tb_mb": 10,
            "content_pd_lr_mb": 10,
            "border_bl": false,
            "br_color": "#222222",
            "br_bg": "#ffffff",
            "br_opacity": 50,
            "br_style": "solid",
            "br_pd": 20,
            "br_pd_mb": 10,
            "time_animation": 1,
            "animation_delay": 40
          }
        },
        "1646818520199c1536-1": {
          "type": "custom_text",
          "settings": {
            "text": "FEATURED BACKPACK",
            "remove_br_tag": false,
            "fontf": "inherit",
            "text_cl": "#ffffff",
            "text_fs": 16,
            "text_lh": 0,
            "text_fw": 500,
            "text_ls": 0,
            "font_italic": false,
            "text_shadow": false,
            "text_mgb": 10,
            "hidden_mobile": false,
            "text_fs_mb": 16,
            "text_lh_mb": 0,
            "text_ls_mb": 0,
            "text_mgb_mobile": 10,
            "animation": "bounceInDown"
          }
        },
        "1646818520199c1536-2": {
          "type": "custom_text",
          "settings": {
            "text": "Urban 80M",
            "remove_br_tag": false,
            "fontf": "inherit",
            "text_cl": "#ffffff",
            "text_fs": 60,
            "text_lh": 60,
            "text_fw": 700,
            "text_ls": 0,
            "font_italic": false,
            "text_shadow": false,
            "text_mgb": 10,
            "hidden_mobile": false,
            "text_fs_mb": 34,
            "text_lh_mb": 34,
            "text_ls_mb": 0,
            "text_mgb_mobile": 10,
            "animation": "bounceInDown"
          }
        },
        "b891eaa4-cb2e-46c3-aeaa-205a77795646": {
          "type": "custom_button",
          "settings": {
            "button_text": "SHOP NOW",
            "button_link": "shopify:\/\/collections",
            "target_link": "_self",
            "fontf": "inherit",
            "button_icon_w": 14,
            "button_style": "outline",
            "button_effect": "fade",
            "pri_cl": "#ffffff",
            "second_cl": "",
            "pri_cl_hover": "#c91f28",
            "second_cl_hover": "#ffffff",
            "fsbutton": 16,
            "fwbutton": 500,
            "button_ls": 2.7,
            "button_mh": 60,
            "button_bdr": 0,
            "button_pd_lr": 28,
            "button_mgb": 0,
            "hidden_mobile": false,
            "button_icon_w_mb": 16,
            "fsbutton_mb": 14,
            "button_mh_mb": 40,
            "button_pd_lr_mb": 20,
            "button_ls_mb": 0,
            "button_mgb_mb": 0,
            "animation": "bounceInDown"
          }
        }
      },
      "block_order": [
        "1646818520199c1536-0",
        "1646818520199c1536-1",
        "1646818520199c1536-2",
        "b891eaa4-cb2e-46c3-aeaa-205a77795646"
      ],
      "settings": {
        "coll_pos": "left",
        "collection": "travel-luggage",
        "product_des": "1",
        "show_vendor": false,
        "image_ratio": "ratioadapt",
        "image_size": "cover",
        "image_position": "8",
        "content_align": "default",
        "limit": 4,
        "col_dk": 2,
        "col_tb": 2,
        "col_mb": 2,
        "space_h_item": "30",
        "space_v_item": "30",
        "space_h_item_mb": "10",
        "space_v_item_mb": "30",
        "layout_des": "1",
        "loop": true,
        "au_time": 0,
        "au_hover": true,
        "nav_btn": true,
        "btn_vi": "hover",
        "btn_owl": "default",
        "btn_shape": "none",
        "btn_cl": "dark",
        "btn_size": "small",
        "btn_hidden_mobile": false,
        "nav_dot": true,
        "dot_owl": "default",
        "dots_cl": "dark",
        "dots_round": false,
        "dots_space": 10,
        "dots_hidden_mobile": false,
        "layout": "t4s-container-wrap",
        "cl_bg": "",
        "cl_bg_gradient": "",
        "mg": ",,90px,",
        "pd": "",
        "mg_mb": ",,90px,",
        "pd_mb": "",
        "use_cus_css": false,
        "code_cus_css": ".SectionID {\nbackground-color:red\n}"
      }
    },
    "1646763353af01205d": {
      "type": "custom-section",
      "blocks": {
        "16467633536e18ad68-0": {
          "type": "bl_col",
          "settings": {
            "col_dk": "12",
            "col_tb": "12",
            "col_mb": "12",
            "align_vertical": true,
            "content_align": "center",
            "content_align_mobile": "center",
            "padding_inner": "",
            "padding_inner_mb": "",
            "bg_cl": "rgba(0,0,0,0)"
          }
        },
        "16467633536e18ad68-1": {
          "type": "custom_text",
          "settings": {
            "text": "OUR PARTNERS",
            "remove_br_tag": false,
            "fontf": "2",
            "text_cl": "#000000",
            "text_fs": 35,
            "text_lh": 50,
            "text_fw": 600,
            "text_ls": 0,
            "font_italic": false,
            "text_shadow": false,
            "text_mgb": 0,
            "hidden_mobile": false,
            "text_fs_mb": 24,
            "text_lh_mb": 40,
            "text_ls_mb": 0,
            "text_mgb_mobile": 0
          }
        },
        "16467633536e18ad68-2": {
          "type": "custom_text",
          "settings": {
            "text": "WHO WE WORK WITH",
            "remove_br_tag": true,
            "fontf": "inherit",
            "text_cl": "#878787",
            "text_fs": 14,
            "text_lh": 20,
            "text_fw": 400,
            "text_ls": 1.5,
            "font_italic": false,
            "text_shadow": false,
            "text_mgb": 0,
            "hidden_mobile": false,
            "text_fs_mb": 14,
            "text_lh_mb": 0,
            "text_ls_mb": 1,
            "text_mgb_mobile": 0
          }
        }
      },
      "block_order": [
        "16467633536e18ad68-0",
        "16467633536e18ad68-1",
        "16467633536e18ad68-2"
      ],
      "settings": {
        "space_h_item": "30",
        "space_v_item": "30",
        "space_h_item_mb": "10",
        "space_v_item_mb": "10",
        "layout": "t4s-container-wrap",
        "cl_bg": "",
        "cl_bg_gradient": "",
        "mg": ",,35px,",
        "pd": "",
        "mg_mb": ",,30px,",
        "pd_mb": "",
        "use_cus_css": false,
        "code_cus_css": ".SectionID {\nbackground-color:red\n}"
      }
    },
    "1646819025fce084cb": {
      "type": "logo_list",
      "blocks": {
        "1646819025e72953a5-6": {
          "type": "logo_item",
          "settings": {
            "image": "shopify:\/\/shop_images\/1_6c2a4caa-3571-4e74-b972-0679f85ffdc7.png",
            "url": ""
          }
        },
        "1646819025e72953a5-4": {
          "type": "logo_item",
          "settings": {
            "image": "shopify:\/\/shop_images\/br2_180x_b81dd6d8-2cab-44f0-bc67-d0ef7321c90c.png",
            "url": ""
          }
        },
        "1646819025e72953a5-0": {
          "type": "logo_item",
          "settings": {
            "image": "shopify:\/\/shop_images\/br3_180x_f38ab6a9-eda0-4565-95f5-cab76fff3aa3.png",
            "url": ""
          }
        },
        "1646819025e72953a5-1": {
          "type": "logo_item",
          "settings": {
            "image": "shopify:\/\/shop_images\/br4_180x_a009bff8-8d4d-4afc-aaed-f165f2c055ab.png",
            "url": ""
          }
        },
        "1646819025e72953a5-2": {
          "type": "logo_item",
          "settings": {
            "image": "shopify:\/\/shop_images\/br5_180x_b090332e-a676-40f5-9113-e60b5853b8b6.png",
            "url": ""
          }
        },
        "1646819025e72953a5-3": {
          "type": "logo_item",
          "settings": {
            "image": "shopify:\/\/shop_images\/br6_180x_ef39e643-1fda-424f-b129-193ebc72fc55.jpg",
            "url": ""
          }
        },
        "1646819025e72953a5-5": {
          "type": "logo_item",
          "settings": {
            "image": "shopify:\/\/shop_images\/br7_180x_a6ce1e40-b252-4bc2-bd7b-d660fa671e7b.jpg",
            "url": ""
          }
        },
        "afb6f73e-132e-464f-880f-26556b7fb0bd": {
          "type": "logo_item",
          "settings": {
            "image": "shopify:\/\/shop_images\/br8_180x_977c40e2-d97d-428a-a267-5ff3cb6e29d9.jpg",
            "url": ""
          }
        },
        "029d348c-ecb9-45a8-8b55-aa80484c8cd3": {
          "type": "logo_item",
          "settings": {
            "image": "shopify:\/\/shop_images\/br9_180x_d2aba22b-472e-4b10-b12f-3e780d70bbcc.jpg",
            "url": ""
          }
        },
        "b4f9fc78-ec8a-4503-be23-34cdd874775b": {
          "type": "logo_item",
          "settings": {
            "image": "shopify:\/\/shop_images\/br10_180x_e2938223-43e7-4638-a1f9-81ed07fe59c3.jpg",
            "url": ""
          }
        }
      },
      "block_order": [
        "1646819025e72953a5-6",
        "1646819025e72953a5-4",
        "1646819025e72953a5-0",
        "1646819025e72953a5-1",
        "1646819025e72953a5-2",
        "1646819025e72953a5-3",
        "1646819025e72953a5-5",
        "afb6f73e-132e-464f-880f-26556b7fb0bd",
        "029d348c-ecb9-45a8-8b55-aa80484c8cd3",
        "b4f9fc78-ec8a-4503-be23-34cdd874775b"
      ],
      "settings": {
        "design_heading": "1",
        "heading_align": "t4s-text-center",
        "top_heading": "",
        "icon_heading": "las la-gem",
        "top_subheading": "",
        "tophead_mb": 30,
        "img_effect": "bounceIn",
        "b_effect": "none",
        "open_link": "_blank",
        "layout_des": "1",
        "click_image": "data-goto",
        "nav_thumbs": true,
        "col_dk": "5",
        "col_tb": "3",
        "col_mb": "2",
        "space_item": "30",
        "space_item_mb": "30",
        "loop": true,
        "au_time": 0,
        "au_hover": true,
        "nav_btn": true,
        "btn_vi": "hover",
        "btn_owl": "default",
        "btn_shape": "none",
        "btn_cl": "dark",
        "btn_size": "small",
        "btn_hidden_mobile": false,
        "nav_dot": true,
        "dot_owl": "default",
        "dots_cl": "dark",
        "dots_round": false,
        "dots_space": 10,
        "dots_hidden_mobile": false,
        "layout": "t4s-container-wrap",
        "cl_bg": "",
        "cl_bg_gradient": "",
        "mg": ",,70px,",
        "pd": "",
        "mg_mb": ",,50px,",
        "pd_mb": "",
        "use_cus_css": false,
        "code_cus_css": ".SectionID {\nbackground-color:red\n}"
      }
    },
    "1646763353af01205x": {
      "type": "custom-section",
      "blocks": {
        "16467633536e18ad68-0": {
          "type": "bl_col",
          "settings": {
            "col_dk": "12",
            "col_tb": "12",
            "col_mb": "12",
            "align_vertical": true,
            "content_align": "center",
            "content_align_mobile": "center",
            "padding_inner": "",
            "padding_inner_mb": "",
            "bg_cl": "rgba(0,0,0,0)"
          }
        },
        "16467633536e18ad68-1": {
          "type": "custom_text",
          "settings": {
            "text": "HAPPY CUSTOMERS",
            "remove_br_tag": false,
            "fontf": "2",
            "text_cl": "#000000",
            "text_fs": 35,
            "text_lh": 50,
            "text_fw": 600,
            "text_ls": 0,
            "font_italic": false,
            "text_shadow": false,
            "text_mgb": 0,
            "hidden_mobile": false,
            "text_fs_mb": 24,
            "text_lh_mb": 40,
            "text_ls_mb": 0,
            "text_mgb_mobile": 0
          }
        },
        "16467633536e18ad68-2": {
          "type": "custom_text",
          "settings": {
            "text": "WHAT FOLKS ARE SAYING ABOUT US",
            "remove_br_tag": true,
            "fontf": "inherit",
            "text_cl": "#878787",
            "text_fs": 14,
            "text_lh": 20,
            "text_fw": 400,
            "text_ls": 1.5,
            "font_italic": false,
            "text_shadow": false,
            "text_mgb": 0,
            "hidden_mobile": false,
            "text_fs_mb": 14,
            "text_lh_mb": 0,
            "text_ls_mb": 1,
            "text_mgb_mobile": 0
          }
        }
      },
      "block_order": [
        "16467633536e18ad68-0",
        "16467633536e18ad68-1",
        "16467633536e18ad68-2"
      ],
      "settings": {
        "space_h_item": "30",
        "space_v_item": "30",
        "space_h_item_mb": "10",
        "space_v_item_mb": "10",
        "layout": "t4s-container-wrap",
        "cl_bg": "",
        "cl_bg_gradient": "",
        "mg": ",,50px,",
        "pd": "",
        "mg_mb": ",,40px,",
        "pd_mb": "",
        "use_cus_css": false,
        "code_cus_css": ".SectionID {\nbackground-color:red\n}"
      }
    },
    "164681909884adbf8b": {
      "type": "testimonials",
      "blocks": {
        "164681909871629b89-2": {
          "type": "quote",
          "settings": {
            "image_avata": "shopify:\/\/shop_images\/avar2_200x_914619af-625f-4df7-a50f-5d139b84176b.jpg",
            "content": "<p>Amazing theme and top class support, as I’m a beginner, Luke helped me above and beyond and was more than patient, his responses were quick and he has a genuine care for you to enjoy and move forward with your theme!<\/p>",
            "title": "Chester Torres",
            "pos": "CEO \/ Letters Inc",
            "rating": 5
          }
        },
        "164681909871629b89-1": {
          "type": "quote",
          "settings": {
            "image_avata": "shopify:\/\/shop_images\/avar1_200x_2d21ad23-536e-429a-97fc-beaec10c3529.jpg",
            "content": "<p>Amazing theme and top class support, as I’m a beginner, Luke helped me above and beyond and was more than patient, his responses were quick and he has a genuine care for you to enjoy and move forward with your theme!<\/p>",
            "title": "Annie Quinn",
            "pos": "Co-Founder \/ April Inc",
            "rating": 5
          }
        },
        "164681909871629b89-0": {
          "type": "quote",
          "settings": {
            "image_avata": "shopify:\/\/shop_images\/avar3_200x_1cb32452-8609-4467-b864-c0e8b8650e0f.jpg",
            "content": "<p>Amazing theme and top class support, as I’m a beginner, Luke helped me above and beyond and was more than patient, his responses were quick and he has a genuine care for you to enjoy and move forward with your theme!<\/p>",
            "title": "Arthur Hansen",
            "pos": "VP of Product \/ Local Inc",
            "rating": 5
          }
        }
      },
      "block_order": [
        "164681909871629b89-2",
        "164681909871629b89-1",
        "164681909871629b89-0"
      ],
      "settings": {
        "design_heading": "1",
        "heading_align": "t4s-text-center",
        "top_heading": "",
        "icon_heading": "las la-gem",
        "top_subheading": "",
        "tophead_mb": 30,
        "ter_des": "4",
        "cl_name": "#222222",
        "cl_content": "#878787",
        "cl_bd": "#eeeeee",
        "cl_bg_item": "",
        "bdr": 0,
        "content_align": "text-start",
        "col_dk": "3",
        "col_tb": "2",
        "col_mb": "1",
        "space_h_item": "0",
        "space_v_item": "0",
        "space_h_item_mb": "0",
        "space_v_item_mb": "0",
        "layout_des": "1",
        "loop": true,
        "au_time": 0,
        "au_hover": true,
        "nav_btn": true,
        "btn_vi": "hover",
        "btn_owl": "default",
        "btn_shape": "none",
        "btn_cl": "dark",
        "btn_size": "small",
        "btn_hidden_mobile": false,
        "nav_dot": true,
        "dot_owl": "default",
        "dots_cl": "dark",
        "dots_round": false,
        "dots_space": 10,
        "dots_hidden_mobile": false,
        "layout": "t4s-container-wrap",
        "cl_bg": "",
        "cl_bg_gradient": "",
        "mg": ",,90px,",
        "pd": "",
        "mg_mb": ",,30px,",
        "pd_mb": "",
        "use_cus_css": true,
        "code_cus_css": ".t4s_se_template--15803169865987__164681909884adbf8b  .t4s-quote-texts p {\nmargin: 0 0 30px;\n}"
      }
    }
  },
  "order": [
    "164679487424973fe7",
    "16468088995ecbf14d",
    "1646808724969bcbcf",
    "1649214867c14cbf68",
    "1646763353af01205b",
    "1646818520e0397b1e",
    "1646763353af01205d",
    "1646819025fce084cb",
    "1646763353af01205x",
    "164681909884adbf8b"
  ]
}