{
  "sections": {
    "1647427908519e25fd": {
      "type": "slideshow",
      "blocks": {
        "16474279070a0934ae-0": {
          "type": "image_parent",
          "settings": {
            "image": "shopify:\/\/shop_images\/Slideshow-img-fixed_1950x_8dc81e66-4800-45e8-9aa7-7ab7f2614616.jpg",
            "image_position": "8",
            "cl_img": "",
            "link_img1": "shopify:\/\/collections\/accessories",
            "open_link": "_self",
            "animate_slide": "zoom-out",
            "text_align": "start",
            "text_align_mb": "center",
            "content_width": "auto",
            "cv_pos": 50,
            "ch_pos": 30,
            "cv_pos_mb": 50,
            "ch_pos_mb": 50,
            "bg_overlay": "#000000",
            "bg_opacity": 0,
            "bg_content_cl": "#ffffff",
            "bg_content_op": 0,
            "content_pd_tb": 20,
            "content_pd_lr": 20,
            "content_pd_tb_mb": 10,
            "content_pd_lr_mb": 10,
            "border_bl": false,
            "br_color": "#222222",
            "br_bg": "#ffffff",
            "br_opacity": 50,
            "br_style": "solid",
            "br_pd": 20,
            "br_pd_mb": 10,
            "time_animation": 1,
            "animation_delay": 40
          }
        },
        "16474279070a0934ae-1": {
          "type": "custom_text",
          "settings": {
            "text": "FLASH SALE",
            "remove_br_tag": false,
            "fontf": "1",
            "text_cl": "#ffffff",
            "text_fs": 18,
            "text_lh": 0,
            "text_fw": 400,
            "text_ls": 0,
            "text_mgb": 18,
            "font_italic": false,
            "text_shadow": false,
            "hidden_mobile": false,
            "text_fs_mb": 12,
            "text_lh_mb": 0,
            "text_ls_mb": 0,
            "text_mgb_mobile": 12,
            "animation": "fadeInUp"
          }
        },
        "16474279070a0934ae-2": {
          "type": "custom_text",
          "settings": {
            "text": "Summer Collection",
            "remove_br_tag": false,
            "fontf": "3",
            "text_cl": "#ffffff",
            "text_fs": 65,
            "text_lh": 0,
            "text_fw": 600,
            "text_ls": 0.5,
            "text_mgb": 23,
            "font_italic": false,
            "text_shadow": false,
            "hidden_mobile": false,
            "text_fs_mb": 36,
            "text_lh_mb": 0,
            "text_ls_mb": 0.5,
            "text_mgb_mobile": 18,
            "animation": "fadeInUp"
          }
        },
        "16474279070a0934ae-3": {
          "type": "custom_button",
          "settings": {
            "button_text": "SHOP NOW",
            "button_link": "shopify:\/\/collections\/accessories",
            "target_link": "_self",
            "fontf": "1",
            "button_icon_w": 14,
            "button_style": "default",
            "button_effect": "fade",
            "pri_cl": "#000000",
            "second_cl": "#ffffff",
            "pri_cl_hover": "#000000",
            "second_cl_hover": "#ffffff",
            "fsbutton": 13,
            "fwbutton": 400,
            "button_ls": 0,
            "button_mh": 50,
            "button_bdr": 0,
            "button_pd_lr": 44,
            "button_mgb": 0,
            "hidden_mobile": false,
            "button_icon_w_mb": 12,
            "fsbutton_mb": 13,
            "button_mh_mb": 42,
            "button_pd_lr_mb": 30,
            "button_ls_mb": 0,
            "button_mgb_mb": 0,
            "animation": "fadeInUp"
          }
        },
        "16474279070a0934ae-4": {
          "type": "image_parent",
          "settings": {
            "image": "shopify:\/\/shop_images\/Slideshow-2_1950x_376102cc-54c1-464f-a10f-b6607cc83400.jpg",
            "image_position": "8",
            "cl_img": "",
            "link_img1": "shopify:\/\/collections\/women-s-outfit",
            "open_link": "_self",
            "animate_slide": "zoom-out",
            "text_align": "start",
            "text_align_mb": "center",
            "content_width": "auto",
            "cv_pos": 50,
            "ch_pos": 32,
            "cv_pos_mb": 50,
            "ch_pos_mb": 50,
            "bg_overlay": "#594029",
            "bg_opacity": 12,
            "bg_content_cl": "#ffffff",
            "bg_content_op": 0,
            "content_pd_tb": 20,
            "content_pd_lr": 20,
            "content_pd_tb_mb": 10,
            "content_pd_lr_mb": 10,
            "border_bl": false,
            "br_color": "#222222",
            "br_bg": "#ffffff",
            "br_opacity": 50,
            "br_style": "solid",
            "br_pd": 20,
            "br_pd_mb": 10,
            "time_animation": 1,
            "animation_delay": 40
          }
        },
        "16474279070a0934ae-5": {
          "type": "custom_text",
          "settings": {
            "text": "\bSPRING - SUMMER 2021",
            "remove_br_tag": false,
            "fontf": "1",
            "text_cl": "#222222",
            "text_fs": 18,
            "text_lh": 0,
            "text_fw": 400,
            "text_ls": 0,
            "text_mgb": 18,
            "font_italic": false,
            "text_shadow": false,
            "hidden_mobile": false,
            "text_fs_mb": 16,
            "text_lh_mb": 0,
            "text_ls_mb": 0,
            "text_mgb_mobile": 12,
            "animation": "fadeInLeft"
          }
        },
        "16474279070a0934ae-6": {
          "type": "custom_text",
          "settings": {
            "text": "Sunny Beaches",
            "remove_br_tag": false,
            "fontf": "3",
            "text_cl": "#222222",
            "text_fs": 65,
            "text_lh": 0,
            "text_fw": 600,
            "text_ls": 0,
            "text_mgb": 25,
            "font_italic": false,
            "text_shadow": false,
            "hidden_mobile": false,
            "text_fs_mb": 36,
            "text_lh_mb": 0,
            "text_ls_mb": 0,
            "text_mgb_mobile": 18,
            "animation": "fadeInLeft"
          }
        },
        "16474279070a0934ae-7": {
          "type": "custom_button",
          "settings": {
            "button_text": "DISCOVER MORE",
            "button_link": "shopify:\/\/collections\/women-s-outfit",
            "target_link": "_self",
            "fontf": "1",
            "button_icon_w": 16,
            "button_style": "default",
            "button_effect": "fade",
            "pri_cl": "#000000",
            "second_cl": "#ffffff",
            "pri_cl_hover": "#000000",
            "second_cl_hover": "#ffffff",
            "fsbutton": 13,
            "fwbutton": 400,
            "button_ls": 0,
            "button_mh": 50,
            "button_bdr": 0,
            "button_pd_lr": 26,
            "button_mgb": 0,
            "hidden_mobile": false,
            "button_icon_w_mb": 10,
            "fsbutton_mb": 13,
            "button_mh_mb": 42,
            "button_pd_lr_mb": 20,
            "button_ls_mb": 0,
            "button_mgb_mb": 0,
            "animation": "fadeInLeft"
          }
        },
        "afdbd1f8-e004-46c9-bba8-a7b84d1c17e1": {
          "type": "image_parent",
          "settings": {
            "image": "shopify:\/\/shop_images\/Slideshow-3_1950x_ebd7b5c1-d1f1-4556-80f8-bab9bcb5f1cf.jpg",
            "image_position": "8",
            "cl_img": "",
            "link_img1": "shopify:\/\/collections\/men-s-outfit",
            "open_link": "_blank",
            "animate_slide": "none",
            "text_align": "start",
            "text_align_mb": "center",
            "content_width": "auto",
            "cv_pos": 50,
            "ch_pos": 32,
            "cv_pos_mb": 50,
            "ch_pos_mb": 50,
            "bg_overlay": "#000000",
            "bg_opacity": 0,
            "bg_content_cl": "#ffffff",
            "bg_content_op": 0,
            "content_pd_tb": 20,
            "content_pd_lr": 20,
            "content_pd_tb_mb": 10,
            "content_pd_lr_mb": 10,
            "border_bl": false,
            "br_color": "#222222",
            "br_bg": "#ffffff",
            "br_opacity": 50,
            "br_style": "solid",
            "br_pd": 20,
            "br_pd_mb": 10,
            "time_animation": 1,
            "animation_delay": 40
          }
        },
        "094cc19d-8488-4789-91d9-81440f6e0549": {
          "type": "custom_text",
          "settings": {
            "text": "NEW ARRIVALS",
            "remove_br_tag": false,
            "fontf": "1",
            "text_cl": "#000000",
            "text_fs": 18,
            "text_lh": 0,
            "text_fw": 400,
            "text_ls": 0,
            "text_mgb": 18,
            "font_italic": false,
            "text_shadow": false,
            "hidden_mobile": false,
            "text_fs_mb": 16,
            "text_lh_mb": 0,
            "text_ls_mb": 0,
            "text_mgb_mobile": 12,
            "animation": "fadeInDown"
          }
        },
        "71b8767b-20e0-4e50-ad7c-6e5263d52e97": {
          "type": "custom_text",
          "settings": {
            "text": "Men's Collection",
            "remove_br_tag": false,
            "fontf": "1",
            "text_cl": "#000000",
            "text_fs": 65,
            "text_lh": 0,
            "text_fw": 600,
            "text_ls": 0,
            "text_mgb": 30,
            "font_italic": false,
            "text_shadow": false,
            "hidden_mobile": false,
            "text_fs_mb": 36,
            "text_lh_mb": 0,
            "text_ls_mb": 0,
            "text_mgb_mobile": 20,
            "animation": "fadeInDown"
          }
        },
        "ee6a316e-ecb9-408f-b2c0-8102c71540f2": {
          "type": "custom_button",
          "settings": {
            "button_text": "\bDISCOVER MORE",
            "button_link": "shopify:\/\/collections\/men-s-outfit",
            "target_link": "_self",
            "fontf": "inherit",
            "button_icon_w": 14,
            "button_style": "default",
            "button_effect": "default",
            "pri_cl": "#000000",
            "second_cl": "#ffffff",
            "pri_cl_hover": "#000000",
            "second_cl_hover": "#ffffff",
            "fsbutton": 13,
            "fwbutton": 400,
            "button_ls": 0,
            "button_mh": 50,
            "button_bdr": 0,
            "button_pd_lr": 26,
            "button_mgb": 0,
            "hidden_mobile": false,
            "button_icon_w_mb": 12,
            "fsbutton_mb": 13,
            "button_mh_mb": 42,
            "button_pd_lr_mb": 25,
            "button_ls_mb": 0,
            "button_mgb_mb": 0,
            "animation": "fadeInDown"
          }
        }
      },
      "block_order": [
        "16474279070a0934ae-0",
        "16474279070a0934ae-1",
        "16474279070a0934ae-2",
        "16474279070a0934ae-3",
        "16474279070a0934ae-4",
        "16474279070a0934ae-5",
        "16474279070a0934ae-6",
        "16474279070a0934ae-7",
        "afdbd1f8-e004-46c9-bba8-a7b84d1c17e1",
        "094cc19d-8488-4789-91d9-81440f6e0549",
        "71b8767b-20e0-4e50-ad7c-6e5263d52e97",
        "ee6a316e-ecb9-408f-b2c0-8102c71540f2"
      ],
      "settings": {
        "se_height": "t4s_ratioadapt",
        "custom_dk": true,
        "height_dk": 700,
        "custom_tb": true,
        "height_tb": 500,
        "custom_mb": true,
        "height_mb": 250,
        "eff": "fade",
        "loop": true,
        "au_time": 0,
        "au_hover": true,
        "nav_btn": true,
        "btn_vi": "hover",
        "btn_owl": "default",
        "btn_shape": "none",
        "btn_cl": "light",
        "btn_size": "small",
        "btn_hidden_mobile": false,
        "nav_dot": true,
        "dot_owl": "elessi",
        "dots_cl": "dark",
        "dots_round": true,
        "dots_space": 10,
        "dots_hidden_mobile": true,
        "layout": "t4s-container-fluid",
        "cl_bg": "",
        "cl_bg_gradient": "",
        "mg": ",,,",
        "pd": "",
        "mg_mb": ",,,",
        "pd_mb": "",
        "use_cus_css": false,
        "code_cus_css": ".SectionID {\nbackground-color:red\n}"
      }
    },
    "1647483385a7b99e37": {
      "type": "promo_text",
      "blocks": {
        "1647483385f0895f10-0": {
          "type": "1",
          "settings": {
            "content": "<p>TODAY DEAL SALE OFF 70%. END IN [countdown]. HURRY UP!!!<\/p>",
            "countdown": "2022\/12\/20",
            "cus_cd": "%-D day%!D %H:%M:%S",
            "dayx": 0,
            "cl_text": "#ffffff",
            "cl_link": "#56cfe1",
            "fw_text": 600,
            "fs_text": 12,
            "lh_text": 0,
            "ls_text": 0,
            "fs_mb_text": 10,
            "lh_text_mb": 0,
            "ls_mb_text": 0
          }
        }
      },
      "block_order": [
        "1647483385f0895f10-0"
      ],
      "settings": {
        "effect": "slider",
        "au_time": 3,
        "layout": "t4s-container-wrap",
        "cl_bg": "#000000",
        "cl_bg_gradient": "",
        "mg": ",,68px,",
        "pd": "10px,,10px,",
        "mg_mb": ",,30px,",
        "pd_mb": "10px,,10px,",
        "use_cus_css": false,
        "code_cus_css": ".SectionID {\nbackground-color:red\n}"
      }
    },
    "164741508621503265": {
      "type": "collections-list-manual",
      "blocks": {
        "1647415086bad34ffd-0": {
          "type": "collection_item",
          "settings": {
            "collection": "",
            "image": "shopify:\/\/shop_images\/51_720x_b80bcc17-5eb2-4c06-9b7a-e90334bdfc31.jpg",
            "collection_title": "women's outfit",
            "collection_link": "shopify:\/\/collections\/women-s-outfit"
          }
        },
        "869e62fb-63f1-4931-af83-f09ff6e4c0c6": {
          "type": "collection_item",
          "settings": {
            "collection": "",
            "image": "shopify:\/\/shop_images\/53877734_266_a_360x_d66e8806-9a19-4939-a242-3be400f61126.png",
            "collection_title": "Acessories",
            "collection_link": "shopify:\/\/collections\/accessories"
          }
        },
        "18de129f-0a34-4931-a30e-89980b15cd51": {
          "type": "collection_item",
          "settings": {
            "collection": "",
            "image": "shopify:\/\/shop_images\/52_360x_5da07fc7-7ad7-4b2d-b154-ee018c6305eb.jpg",
            "collection_title": "footerwear",
            "collection_link": "shopify:\/\/collections\/footwear"
          }
        },
        "1647415086bad34ffd-1": {
          "type": "collection_item",
          "settings": {
            "collection": "",
            "image": "shopify:\/\/shop_images\/51051126_023_0_360x_8469434a-eaf4-47ca-b1cd-bb148ad3a59e.jpg",
            "collection_title": "sweatpants",
            "collection_link": "shopify:\/\/collections\/sweatpants"
          }
        }
      },
      "block_order": [
        "1647415086bad34ffd-0",
        "869e62fb-63f1-4931-af83-f09ff6e4c0c6",
        "18de129f-0a34-4931-a30e-89980b15cd51",
        "1647415086bad34ffd-1"
      ],
      "settings": {
        "design_heading": "1",
        "heading_align": "t4s-text-center",
        "top_heading": "shop by categories",
        "icon_heading": "las la-gem",
        "top_subheading": "Quis nostrum exercitationem ullam corporis suscipit laboriosam, nisi ut aliquid.",
        "tophead_mb": 30,
        "collection_des": "1",
        "title_cl": "#ffffff",
        "title_cl_hover": "#222222",
        "subtitle_cl": "#878787",
        "count_cl": "#222222",
        "border_cl": "#e5e5e5",
        "collection_subtitle": "Products",
        "open_link": "_self",
        "space_bottom": 20,
        "space_bottom_mb": 10,
        "border": false,
        "item_rd": 0,
        "img_effect": "zoom",
        "b_effect": "plus-zoom-overlay",
        "image_position": "8",
        "coll_layout": "1",
        "layout": "t4s-se-container",
        "cl_bg": "",
        "cl_bg_gradient": "",
        "mg": ",,70px,",
        "pd": "",
        "mg_mb": ",,30px,",
        "pd_mb": "",
        "use_cus_css": false,
        "code_cus_css": ".SectionID {\nbackground-color:red\n}"
      }
    },
    "164744520091adad6a": {
      "type": "featured-collection",
      "settings": {
        "design_heading": "1",
        "heading_align": "t4s-text-center",
        "top_heading": "new arrivals",
        "icon_heading": "las la-gem",
        "top_subheading": "Quis nostrum exercitationem ullam corporis suscipit laboriosam, nisi ut aliquid.",
        "tophead_mb": 30,
        "collection": "fashion-new",
        "product_des": "2",
        "show_vendor": false,
        "image_ratio": "ratioadapt",
        "image_size": "cover",
        "image_position": "8",
        "content_align": "default",
        "limit": 8,
        "col_dk": "4",
        "col_tb": "3",
        "col_mb": "2",
        "space_h_item": "30",
        "space_v_item": "30",
        "space_h_item_mb": "10",
        "space_v_item_mb": "10",
        "layout_des": "1",
        "loop": true,
        "au_time": 0,
        "au_hover": true,
        "nav_btn": true,
        "btn_vi": "hover",
        "btn_owl": "outline",
        "btn_shape": "round",
        "btn_cl": "dark",
        "btn_size": "small",
        "btn_hidden_mobile": false,
        "nav_dot": false,
        "dot_owl": "default",
        "dots_cl": "dark",
        "dots_round": false,
        "dots_space": 10,
        "dots_hidden_mobile": false,
        "use_pagination": "none",
        "enable_bar_lm": false,
        "btn_icon": false,
        "button_style": "outline",
        "btns_size": "medium",
        "btns_cl": "primary",
        "button_effect": "fade",
        "btn_pos": "t4s-text-center",
        "layout": "t4s-container-wrap",
        "cl_bg": "",
        "cl_bg_gradient": "",
        "mg": ",,60px,",
        "pd": ",30px,,30px",
        "mg_mb": ",,60px,",
        "pd_mb": ",10px,,10px",
        "use_cus_css": false,
        "code_cus_css": ".SectionID {\nbackground-color:red\n}"
      }
    },
    "1649985775bb3ee796": {
      "type": "custom-section",
      "blocks": {
        "16499857740b0521ba-0": {
          "type": "bl_col",
          "settings": {
            "col_dk": "7",
            "col_tb": "6",
            "col_mb": "12",
            "align_vertical": true,
            "content_align": "start",
            "content_align_mobile": "start",
            "padding_inner": "",
            "padding_inner_mb": "",
            "bg_cl": "rgba(0,0,0,0)"
          }
        },
        "16499857740b0521ba-1": {
          "type": "custom_text",
          "settings": {
            "text": "SPRING - SUMMER 2021",
            "remove_br_tag": false,
            "fontf": "1",
            "text_cl": "#222222",
            "text_fs": 18,
            "text_lh": 0,
            "text_fw": 400,
            "text_ls": 0,
            "font_italic": false,
            "text_shadow": false,
            "text_mgb": 22,
            "hidden_mobile": false,
            "text_fs_mb": 16,
            "text_lh_mb": 0,
            "text_ls_mb": 0,
            "text_mgb_mobile": 10
          }
        },
        "16499857740b0521ba-2": {
          "type": "custom_text",
          "settings": {
            "text": "\bLookbook Collection",
            "remove_br_tag": false,
            "fontf": "3",
            "text_cl": "#222222",
            "text_fs": 45,
            "text_lh": 0,
            "text_fw": 700,
            "text_ls": 0.5,
            "font_italic": false,
            "text_shadow": false,
            "text_mgb": 20,
            "hidden_mobile": false,
            "text_fs_mb": 32,
            "text_lh_mb": 0,
            "text_ls_mb": 0.5,
            "text_mgb_mobile": 10
          }
        },
        "9c6a3ec0-ccc5-47b6-b085-9244e68e0203": {
          "type": "custom_text",
          "settings": {
            "text": "After many months design and development raking over<br>\n every detail of what a modern online retailer needs, Kalles is ready<br>\n to take your online empire to the next level.",
            "remove_br_tag": false,
            "fontf": "1",
            "text_cl": "#222222",
            "text_fs": 14,
            "text_lh": 25,
            "text_fw": 400,
            "text_ls": 0,
            "font_italic": false,
            "text_shadow": false,
            "text_mgb": 22,
            "hidden_mobile": false,
            "text_fs_mb": 14,
            "text_lh_mb": 20,
            "text_ls_mb": 0,
            "text_mgb_mobile": 10
          }
        },
        "6163b62c-5fe3-4ab3-911f-8ec2b9193589": {
          "type": "custom_button",
          "settings": {
            "button_text": "discovery now",
            "button_link": "shopify:\/\/collections\/women-s-outfit-1",
            "target_link": "_self",
            "fontf": "inherit",
            "button_icon_w": 14,
            "button_style": "default",
            "button_effect": "default",
            "pri_cl": "#000000",
            "second_cl": "#ffffff",
            "pri_cl_hover": "#000000",
            "second_cl_hover": "#ffffff",
            "fsbutton": 13,
            "fwbutton": 500,
            "button_ls": 0,
            "button_mh": 44,
            "button_bdr": 0,
            "button_pd_lr": 26,
            "button_mgb": 0,
            "hidden_mobile": false,
            "button_icon_w_mb": 12,
            "fsbutton_mb": 13,
            "button_mh_mb": 42,
            "button_pd_lr_mb": 24,
            "button_ls_mb": 0,
            "button_mgb_mb": 0
          }
        },
        "16499857740b0521ba-3": {
          "type": "bl_col",
          "settings": {
            "col_dk": "5",
            "col_tb": "6",
            "col_mb": "12",
            "align_vertical": true,
            "content_align": "center",
            "content_align_mobile": "center",
            "padding_inner": "",
            "padding_inner_mb": "",
            "bg_cl": "rgba(0,0,0,0)"
          }
        },
        "397ff5e3-aa70-4460-bd34-83ea1a7a47fb": {
          "type": "img_pin",
          "settings": {
            "image": "shopify:\/\/shop_images\/lookbook-img-3_720x_4c1d9528-2dcd-495c-86c3-a973a3c3ba19.png",
            "pr_pin_des": "1",
            "pos_size": "medium",
            "product_1": "women-white-sneaker",
            "pos_t_1": 58,
            "pos_l_1": 4,
            "pos_popup_1": "top",
            "bg_cl_1": "#fd4014",
            "cl_text_1": "#ffffff",
            "type_1": "1",
            "shorttxt_1": "$59",
            "product_2": "asymmetric-neckline-blouse",
            "pos_t_2": 46,
            "pos_l_2": 33,
            "pos_popup_2": "top",
            "bg_cl_2": "#fd4014",
            "cl_text_2": "#ffffff",
            "type_2": "1",
            "shorttxt_2": "$59",
            "product_3": "tie-front-tropical-top",
            "pos_t_3": 78,
            "pos_l_3": 60,
            "pos_popup_3": "top",
            "bg_cl_3": "#fd4014",
            "cl_text_3": "#ffffff",
            "type_3": "1",
            "shorttxt_3": "$59",
            "product_4": "women-tropical-necklace",
            "pos_t_4": 34,
            "pos_l_4": 76,
            "pos_popup_4": "top",
            "bg_cl_4": "#fd4014",
            "cl_text_4": "#ffffff",
            "type_4": "1",
            "shorttxt_4": "$59",
            "product_5": "",
            "pos_t_5": 50,
            "pos_l_5": 50,
            "pos_popup_5": "top",
            "bg_cl_5": "#65affa",
            "cl_text_5": "#ffffff",
            "type_5": "1",
            "shorttxt_5": "$59"
          }
        }
      },
      "block_order": [
        "16499857740b0521ba-0",
        "16499857740b0521ba-1",
        "16499857740b0521ba-2",
        "9c6a3ec0-ccc5-47b6-b085-9244e68e0203",
        "6163b62c-5fe3-4ab3-911f-8ec2b9193589",
        "16499857740b0521ba-3",
        "397ff5e3-aa70-4460-bd34-83ea1a7a47fb"
      ],
      "settings": {
        "space_h_item": "30",
        "space_v_item": "0",
        "space_h_item_mb": "10",
        "space_v_item_mb": "30",
        "layout": "t4s-container-wrap",
        "cl_bg": "",
        "cl_bg_gradient": "",
        "image_bg": "shopify:\/\/shop_images\/lookbook-background-fixed_1950x_f9580882-dcb2-4b56-8490-cd09508aa7aa.png",
        "mg": ",,70px,",
        "pd": "100px,,100px,",
        "mg_mb": ",,30px,",
        "pd_mb": "100px,,100px,",
        "use_cus_css": false,
        "code_cus_css": ".SectionID {\nbackground-color:red\n}"
      }
    },
    "1647418816dd2ce726": {
      "type": "blog-post",
      "settings": {
        "design_heading": "1",
        "heading_align": "t4s-text-center",
        "top_heading": "our journey",
        "icon_heading": "las la-gem",
        "top_subheading": "Quis nostrum exercitationem ullam corporis suscipit laboriosam, nisi ut aliquid.",
        "tophead_mb": 30,
        "blog": "news-home-fashion",
        "post_des": "2",
        "show_cate": false,
        "show_tags": false,
        "show_cnt": true,
        "show_au": false,
        "show_dt": true,
        "show_cm": false,
        "show_rm": false,
        "show_irm": false,
        "date": "date",
        "content_align": "t4s-text-start",
        "limit": 3,
        "img_effect": "zoom",
        "b_effect": "pervasive-circle",
        "image_ratio": "ratio4_3",
        "image_size": "cover",
        "image_position": "8",
        "col_dk": "3",
        "col_tb": "2",
        "col_mb": "1",
        "space_h_item": "30",
        "space_v_item": "30",
        "space_h_item_mb": "10",
        "space_v_item_mb": "10",
        "layout_des": "1",
        "loop": true,
        "au_time": 0,
        "au_hover": true,
        "nav_btn": true,
        "btn_vi": "hover",
        "btn_owl": "default",
        "btn_shape": "none",
        "btn_cl": "dark",
        "btn_size": "small",
        "btn_hidden_mobile": false,
        "nav_dot": true,
        "dot_owl": "default",
        "dots_cl": "dark",
        "dots_round": false,
        "dots_space": 10,
        "dots_hidden_mobile": false,
        "use_pagination": "none",
        "enable_bar_lm": true,
        "btn_icon": false,
        "button_style": "default",
        "btns_size": "medium",
        "btns_cl": "default",
        "button_effect": "fade",
        "btn_pos": "t4s-text-center",
        "layout": "t4s-container-wrap",
        "cl_bg": "",
        "cl_bg_gradient": "",
        "mg": ",,50px,",
        "pd": "",
        "mg_mb": ",,30px,",
        "pd_mb": "",
        "use_cus_css": true,
        "code_cus_css": ".t4s_nt_se_template--15800243060992__1647418816dd2ce726 .t4s-post-time >span{\n    color: #000;\n    font-size: 13px;\n    font-weight: 600;\n    text-transform: uppercase;\n}\n.t4s_nt_se_template--15800243060992__1647418816dd2ce726 .t4s-post-item .t4s-post-title{\nmargin-top: 15px;\n}\n.t4s_nt_se_template--15800243060992__1647418816dd2ce726 .t4s-post-item .t4s-post-content{color: #696969;}"
      }
    },
    "16499859582dc020f4": {
      "type": "lookbook-img",
      "disabled": true,
      "blocks": {
        "5ddc3340-85ca-4e82-ae88-fab09e29ce60": {
          "type": "pr",
          "settings": {
            "pos_t": 50,
            "pos_l": 50,
            "type": "1",
            "shorttxt": "$59",
            "pos_size": "medium",
            "bg_cl": "#65affa",
            "cl_text": "#ffffff",
            "pos_popup": "top",
            "size_popup": "medium",
            "product": "copy-of-caravus-classic-stethoscope"
          }
        }
      },
      "block_order": [
        "5ddc3340-85ca-4e82-ae88-fab09e29ce60"
      ],
      "settings": {
        "design_heading": "1",
        "heading_align": "t4s-text-center",
        "top_heading": "",
        "icon_heading": "las la-gem",
        "top_subheading": "",
        "tophead_mb": 30,
        "img_size": "1",
        "pr_pin_des": "1",
        "layout": "t4s-se-container",
        "cl_bg": "",
        "cl_bg_gradient": "",
        "mg": ",,50px,",
        "pd": "",
        "mg_mb": ",,30px,",
        "pd_mb": ""
      }
    }
  },
  "order": [
    "1647427908519e25fd",
    "1647483385a7b99e37",
    "164741508621503265",
    "164744520091adad6a",
    "1649985775bb3ee796",
    "1647418816dd2ce726",
    "16499859582dc020f4"
  ]
}