{
  "sections": {
    "16474879283a5e0bc6": {
      "type": "hero_image",
      "blocks": {
        "16474879288a625eda-0": {
          "type": "custom_text",
          "settings": {
            "text": "interior decorations",
            "remove_br_tag": false,
            "fontf": "inherit",
            "text_cl": "#ffffff",
            "text_fs": 50,
            "text_lh": 0,
            "text_fw": 500,
            "text_ls": 1,
            "text_mgb": 40,
            "font_italic": false,
            "text_shadow": false,
            "hidden_mobile": false,
            "text_fs_mb": 30,
            "text_lh_mb": 0,
            "text_ls_mb": 0,
            "text_mgb_mobile": 20,
            "animation": "fadeInUp"
          }
        },
        "69073928-7a7b-4097-b38b-5565b4ed7e3b": {
          "type": "space_html",
          "settings": {
            "color": "#ffffff",
            "width": 140,
            "height": 3,
            "mgb": 40,
            "width_mb": 140,
            "hidden_mobile": false,
            "height_mb": 3,
            "mgb_mb": 20,
            "animation": "fadeInUp"
          }
        },
        "16474879288a625eda-1": {
          "type": "custom_text",
          "settings": {
            "text": "looking for furniture for your living room",
            "remove_br_tag": false,
            "fontf": "3",
            "text_cl": "#ffffff",
            "text_fs": 20,
            "text_lh": 0,
            "text_fw": 500,
            "text_ls": 0,
            "text_mgb": 20,
            "font_italic": true,
            "text_shadow": false,
            "hidden_mobile": false,
            "text_fs_mb": 16,
            "text_lh_mb": 0,
            "text_ls_mb": 0,
            "text_mgb_mobile": 10,
            "animation": "fadeInUp"
          }
        },
        "16474879288a625eda-2": {
          "type": "custom_button",
          "settings": {
            "button_text": "shop now",
            "button_link": "shopify:\/\/collections\/decor",
            "target_link": "_self",
            "fontf": "inherit",
            "button_icon_w": 14,
            "button_style": "default",
            "button_effect": "default",
            "pri_cl": "#222222",
            "second_cl": "#ffffff",
            "pri_cl_hover": "#222222",
            "second_cl_hover": "#ffffff",
            "fsbutton": 14,
            "fwbutton": 500,
            "button_ls": 0,
            "button_mh": 50,
            "button_bdr": 0,
            "button_pd_lr": 30,
            "button_mgb": 0,
            "hidden_mobile": false,
            "button_icon_w_mb": 12,
            "fsbutton_mb": 14,
            "button_mh_mb": 42,
            "button_pd_lr_mb": 32,
            "button_ls_mb": 0,
            "button_mgb_mb": 0,
            "animation": "fadeInUp"
          }
        }
      },
      "block_order": [
        "16474879288a625eda-0",
        "69073928-7a7b-4097-b38b-5565b4ed7e3b",
        "16474879288a625eda-1",
        "16474879288a625eda-2"
      ],
      "settings": {
        "se_height": "t4s_ratio_cuspx",
        "custom_dk": false,
        "height_dk": 500,
        "custom_tb": true,
        "height_tb": 400,
        "custom_mb": true,
        "height_mb": 350,
        "image": "shopify:\/\/shop_images\/banelic4_1950x_b31d5be2-8313-42a7-b1a4-50b5dbb9306a.jpg",
        "parallax": false,
        "image_position": "0",
        "link_img1": "shopify:\/\/collections\/decor",
        "open_link": "_self",
        "text_align": "center",
        "text_align_mb": "center",
        "content_width": "auto",
        "cv_pos": 50,
        "ch_pos": 50,
        "cv_pos_mb": 50,
        "ch_pos_mb": 50,
        "bg_overlay": "#000000",
        "bg_opacity": 10,
        "bg_content_cl": "#ffffff",
        "bg_content_op": 0,
        "content_pd_tb": 15,
        "content_pd_lr": 15,
        "content_pd_tb_mb": 10,
        "content_pd_lr_mb": 10,
        "border_bl": false,
        "br_color": "#222222",
        "br_bg": "#ffffff",
        "br_opacity": 50,
        "br_style": "solid",
        "br_pd": 20,
        "br_pd_mb": 10,
        "time_animation": 1,
        "animation_delay": 40,
        "layout": "t4s-container-fluid",
        "cl_bg": "",
        "cl_bg_gradient": "",
        "mg": ",,,",
        "pd": "",
        "mg_mb": ",,,",
        "pd_mb": "",
        "use_cus_css": false,
        "code_cus_css": ".SectionID {\nbackground-color:red\n}"
      }
    },
    "1647416225a34bc8e7": {
      "type": "banner",
      "blocks": {
        "16474162240c07d954-0": {
          "type": "b_item",
          "settings": {
            "custom_dk": true,
            "height_dk": 600,
            "custom_tb": true,
            "height_tb": 400,
            "custom_mb": true,
            "height_mb": 300,
            "image": "shopify:\/\/shop_images\/ban14_720x_d2c3d29b-43c1-4612-aafe-dda40e917d06.jpg",
            "b_link": "shopify:\/\/collections",
            "open_link": "_self",
            "img_effect": "zoom",
            "b_effect": "plus-zoom-overlay",
            "col_dk": "4",
            "col_tb": "6",
            "col_mb": "12",
            "content_align": "start",
            "content_align_mobile": "start",
            "content_width": "auto",
            "cv_pos": 12,
            "ch_pos": 12,
            "cv_pos_mb": 20,
            "ch_pos_mb": 54,
            "bg_overlay": "#000000",
            "bg_opacity": 0,
            "bg_content_bl": false,
            "bg_content_cl": "#ffffff",
            "bg_content_op": 50,
            "content_pd_tb": 20,
            "content_pd_lr": 20,
            "content_pd_tb_mb": 10,
            "content_pd_lr_mb": 10,
            "border_bl": false,
            "br_color": "#222222",
            "br_bg": "#ffffff",
            "br_opacity": 50,
            "br_style": "solid",
            "br_pd": 20,
            "br_pd_mb": 10,
            "time_animation": 1,
            "animation_delay": 40
          }
        },
        "16474162240c07d954-1": {
          "type": "custom_text",
          "settings": {
            "text": "lighting collections",
            "remove_br_tag": false,
            "fontf": "1",
            "text_cl": "#ffffff",
            "text_fs": 30,
            "text_lh": 0,
            "text_fw": 600,
            "text_ls": 0,
            "font_italic": false,
            "text_shadow": false,
            "text_mgb": 5,
            "hidden_mobile": false,
            "text_fs_mb": 30,
            "text_lh_mb": 0,
            "text_ls_mb": 0,
            "text_mgb_mobile": 10,
            "animation": "none"
          }
        },
        "559284dd-8e8f-4126-b1bc-8153fa61be4e": {
          "type": "custom_button",
          "settings": {
            "button_text": "Explorer",
            "button_link": "shopify:\/\/collections",
            "target_link": "_self",
            "fontf": "inherit",
            "button_icon_w": 14,
            "button_style": "link",
            "button_effect": "default",
            "pri_cl": "#ffffff",
            "second_cl": "",
            "pri_cl_hover": "#ffffff",
            "second_cl_hover": "#ffffff",
            "fsbutton": 16,
            "fwbutton": 600,
            "button_ls": 0,
            "button_mh": 30,
            "button_bdr": 0,
            "button_pd_lr": 0,
            "button_mgb": 0,
            "hidden_mobile": false,
            "button_icon_w_mb": 14,
            "fsbutton_mb": 16,
            "button_mh_mb": 10,
            "button_pd_lr_mb": 0,
            "button_ls_mb": 0,
            "button_mgb_mb": 0,
            "animation": "none"
          }
        },
        "16474162240c07d954-3": {
          "type": "b_item",
          "settings": {
            "custom_dk": true,
            "height_dk": 600,
            "custom_tb": true,
            "height_tb": 400,
            "custom_mb": true,
            "height_mb": 300,
            "image": "shopify:\/\/shop_images\/ban15_720x_5ca7196e-ef3c-4833-b0fa-95647427e6ee.jpg",
            "b_link": "shopify:\/\/collections",
            "open_link": "_self",
            "img_effect": "zoom",
            "b_effect": "plus-zoom-overlay",
            "col_dk": "4",
            "col_tb": "6",
            "col_mb": "12",
            "content_align": "end",
            "content_align_mobile": "end",
            "content_width": "auto",
            "cv_pos": 90,
            "ch_pos": 90,
            "cv_pos_mb": 90,
            "ch_pos_mb": 90,
            "bg_overlay": "#000000",
            "bg_opacity": 0,
            "bg_content_bl": false,
            "bg_content_cl": "#ffffff",
            "bg_content_op": 50,
            "content_pd_tb": 20,
            "content_pd_lr": 20,
            "content_pd_tb_mb": 10,
            "content_pd_lr_mb": 10,
            "border_bl": false,
            "br_color": "#222222",
            "br_bg": "#ffffff",
            "br_opacity": 50,
            "br_style": "solid",
            "br_pd": 20,
            "br_pd_mb": 10,
            "time_animation": 1,
            "animation_delay": 40
          }
        },
        "4933bc63-50c5-47a0-a802-ead19dfc739b": {
          "type": "custom_text",
          "settings": {
            "text": "audio decor",
            "remove_br_tag": false,
            "fontf": "1",
            "text_cl": "#000000",
            "text_fs": 30,
            "text_lh": 0,
            "text_fw": 600,
            "text_ls": 1,
            "font_italic": false,
            "text_shadow": false,
            "text_mgb": 5,
            "hidden_mobile": false,
            "text_fs_mb": 30,
            "text_lh_mb": 0,
            "text_ls_mb": 0,
            "text_mgb_mobile": 5,
            "animation": "none"
          }
        },
        "8aa4f60d-c818-4004-b68b-c1c6b2419f98": {
          "type": "custom_button",
          "settings": {
            "button_text": "view collections",
            "button_link": "shopify:\/\/collections",
            "target_link": "_self",
            "fontf": "1",
            "button_icon_w": 14,
            "button_style": "link",
            "button_effect": "default",
            "pri_cl": "#000000",
            "second_cl": "",
            "pri_cl_hover": "#000000",
            "second_cl_hover": "#ffffff",
            "fsbutton": 16,
            "fwbutton": 600,
            "button_ls": 0,
            "button_mh": 30,
            "button_bdr": 0,
            "button_pd_lr": 0,
            "button_mgb": 0,
            "hidden_mobile": false,
            "button_icon_w_mb": 14,
            "fsbutton_mb": 16,
            "button_mh_mb": 10,
            "button_pd_lr_mb": 15,
            "button_ls_mb": 0,
            "button_mgb_mb": 0,
            "animation": "none"
          }
        },
        "34c1d498-da10-432d-960d-1d428798a686": {
          "type": "b_item",
          "settings": {
            "custom_dk": true,
            "height_dk": 600,
            "custom_tb": true,
            "height_tb": 400,
            "custom_mb": true,
            "height_mb": 300,
            "image": "shopify:\/\/shop_images\/ban16_720x_de4b3989-efbd-4a3f-b7ef-b56a3d9fe994.jpg",
            "b_link": "shopify:\/\/collections",
            "open_link": "_self",
            "img_effect": "zoom",
            "b_effect": "plus-zoom-overlay",
            "col_dk": "4",
            "col_tb": "6",
            "col_mb": "12",
            "content_align": "start",
            "content_align_mobile": "start",
            "content_width": "auto",
            "cv_pos": 10,
            "ch_pos": 10,
            "cv_pos_mb": 10,
            "ch_pos_mb": 10,
            "bg_overlay": "#000000",
            "bg_opacity": 0,
            "bg_content_bl": false,
            "bg_content_cl": "#ffffff",
            "bg_content_op": 50,
            "content_pd_tb": 20,
            "content_pd_lr": 20,
            "content_pd_tb_mb": 10,
            "content_pd_lr_mb": 10,
            "border_bl": false,
            "br_color": "#222222",
            "br_bg": "#ffffff",
            "br_opacity": 50,
            "br_style": "solid",
            "br_pd": 20,
            "br_pd_mb": 10,
            "time_animation": 1,
            "animation_delay": 40
          }
        },
        "8de825b9-f1fc-4914-af87-1ff521e842cb": {
          "type": "custom_text",
          "settings": {
            "text": "new arrivals",
            "remove_br_tag": false,
            "fontf": "1",
            "text_cl": "#000000",
            "text_fs": 30,
            "text_lh": 0,
            "text_fw": 600,
            "text_ls": 0,
            "font_italic": false,
            "text_shadow": false,
            "text_mgb": 15,
            "hidden_mobile": false,
            "text_fs_mb": 30,
            "text_lh_mb": 0,
            "text_ls_mb": 0,
            "text_mgb_mobile": 10,
            "animation": "none"
          }
        },
        "9dd592a6-f4a4-4696-8529-ee868d089367": {
          "type": "custom_button",
          "settings": {
            "button_text": "shop now",
            "button_link": "shopify:\/\/collections",
            "target_link": "_self",
            "fontf": "inherit",
            "button_icon_w": 16,
            "button_style": "link",
            "button_effect": "default",
            "pri_cl": "#000000",
            "second_cl": "#ffffff",
            "pri_cl_hover": "#000000",
            "second_cl_hover": "#ffffff",
            "fsbutton": 16,
            "fwbutton": 600,
            "button_ls": 0,
            "button_mh": 30,
            "button_bdr": 0,
            "button_pd_lr": 0,
            "button_mgb": 0,
            "hidden_mobile": false,
            "button_icon_w_mb": 14,
            "fsbutton_mb": 16,
            "button_mh_mb": 10,
            "button_pd_lr_mb": 0,
            "button_ls_mb": 0,
            "button_mgb_mb": 0,
            "animation": "none"
          }
        }
      },
      "block_order": [
        "16474162240c07d954-0",
        "16474162240c07d954-1",
        "559284dd-8e8f-4126-b1bc-8153fa61be4e",
        "16474162240c07d954-3",
        "4933bc63-50c5-47a0-a802-ead19dfc739b",
        "8aa4f60d-c818-4004-b68b-c1c6b2419f98",
        "34c1d498-da10-432d-960d-1d428798a686",
        "8de825b9-f1fc-4914-af87-1ff521e842cb",
        "9dd592a6-f4a4-4696-8529-ee868d089367"
      ],
      "settings": {
        "image_ratio": "ratioadapt",
        "image_size": "cover",
        "image_position": "8",
        "equal_height": false,
        "space_h_item": "30",
        "space_v_item": "30",
        "space_h_item_mb": "10",
        "space_v_item_mb": "10",
        "layout": "t4s-container-fluid",
        "cl_bg": "#f2f2f4",
        "cl_bg_gradient": "",
        "mg": ",,,",
        "pd": "30px,30px,,30px",
        "mg_mb": ",,,",
        "pd_mb": "10px,10px,,10px",
        "use_cus_css": false,
        "code_cus_css": ".SectionID {\nbackground-color:red\n}"
      }
    },
    "164744520091adad6a": {
      "type": "featured-collection",
      "settings": {
        "design_heading": "1",
        "heading_align": "t4s-text-center",
        "top_heading": "best selling products",
        "icon_heading": "las la-gem",
        "top_subheading": "Dolor sit amet, consectetur adipisicing elit, sed do eiusmod tempor!",
        "tophead_mb": 30,
        "collection": "home-decor",
        "product_des": "1",
        "show_vendor": false,
        "image_ratio": "ratio1_1",
        "image_size": "cover",
        "image_position": "8",
        "content_align": "center",
        "limit": 12,
        "col_dk": "6",
        "col_tb": "3",
        "col_mb": "2",
        "space_h_item": "30",
        "space_v_item": "30",
        "space_h_item_mb": "10",
        "space_v_item_mb": "10",
        "layout_des": "1",
        "loop": true,
        "au_time": 0,
        "au_hover": true,
        "nav_btn": true,
        "btn_vi": "hover",
        "btn_owl": "outline",
        "btn_shape": "round",
        "btn_cl": "dark",
        "btn_size": "small",
        "btn_hidden_mobile": false,
        "nav_dot": false,
        "dot_owl": "default",
        "dots_cl": "dark",
        "dots_round": false,
        "dots_space": 10,
        "dots_hidden_mobile": false,
        "use_pagination": "load-more",
        "enable_bar_lm": false,
        "btn_icon": true,
        "button_style": "default",
        "btns_size": "large",
        "btns_cl": "dark",
        "button_effect": "default",
        "btn_pos": "t4s-text-center",
        "layout": "t4s-container-fluid",
        "cl_bg": "#f2f2f4",
        "cl_bg_gradient": "",
        "mg": ",,90px,",
        "pd": "115px,50px,115px,50px",
        "mg_mb": ",,60px,",
        "pd_mb": "115px,15px,115px,15px",
        "use_cus_css": false,
        "code_cus_css": ".SectionID {\nbackground-color:red\n}"
      }
    },
    "1647418816dd2ce726": {
      "type": "blog-post",
      "settings": {
        "design_heading": "1",
        "heading_align": "t4s-text-center",
        "top_heading": "latest blog posts",
        "icon_heading": "las la-gem",
        "top_subheading": "Dolor sit amet, consectetur adipisicing elit, sed do eiusmod tempor!",
        "tophead_mb": 30,
        "blog": "news-home-decor",
        "post_des": "1",
        "show_cate": false,
        "show_tags": false,
        "show_cnt": true,
        "show_au": true,
        "show_dt": true,
        "show_cm": false,
        "show_rm": false,
        "show_irm": false,
        "date": "date",
        "content_align": "t4s-text-start",
        "limit": 8,
        "img_effect": "zoom",
        "b_effect": "pervasive-circle",
        "image_ratio": "ratio4_3",
        "image_size": "cover",
        "image_position": "8",
        "col_dk": "3",
        "col_tb": "2",
        "col_mb": "1",
        "space_h_item": "30",
        "space_v_item": "30",
        "space_h_item_mb": "10",
        "space_v_item_mb": "10",
        "layout_des": "2",
        "loop": true,
        "au_time": 0,
        "au_hover": true,
        "nav_btn": true,
        "btn_vi": "always",
        "btn_owl": "outline",
        "btn_shape": "round",
        "btn_cl": "dark",
        "btn_size": "medium",
        "btn_hidden_mobile": false,
        "nav_dot": false,
        "dot_owl": "default",
        "dots_cl": "dark",
        "dots_round": false,
        "dots_space": 10,
        "dots_hidden_mobile": false,
        "use_pagination": "none",
        "enable_bar_lm": true,
        "btn_icon": false,
        "button_style": "default",
        "btns_size": "medium",
        "btns_cl": "default",
        "button_effect": "fade",
        "btn_pos": "t4s-text-center",
        "layout": "t4s-container-wrap",
        "cl_bg": "",
        "cl_bg_gradient": "",
        "mg": ",,110px,",
        "pd": "",
        "mg_mb": ",,30px,",
        "pd_mb": "",
        "use_cus_css": true,
        "code_cus_css": ".t4s_nt_se_template--15800443666688__1647418816dd2ce726 .t4s-post-item .t4s-post-content {\n    color: #696969;\n}"
      }
    },
    "16474902795928054d": {
      "type": "newsletter",
      "blocks": {
        "16474902799da141db-0": {
          "type": "custom_text",
          "disabled": true,
          "settings": {
            "text": "subscribe our newsletter",
            "remove_br_tag": false,
            "fontf": "inherit",
            "text_cl": "#222222",
            "text_fs": 30,
            "text_lh": 0,
            "text_fw": 600,
            "text_ls": 0,
            "font_italic": false,
            "text_shadow": false,
            "text_mgb": 12,
            "hidden_mobile": false,
            "text_fs_mb": 24,
            "text_lh_mb": 0,
            "text_ls_mb": 0,
            "text_mgb_mobile": 10
          }
        },
        "8dcdb324-cb5a-48cd-a1da-ca6a14abfa13": {
          "type": "space_html",
          "disabled": true,
          "settings": {
            "color": "#222222",
            "width": 150,
            "height": 2,
            "mgb": 20,
            "width_mb": 120,
            "hidden_mobile": false,
            "height_mb": 2,
            "mgb_mb": 20
          }
        },
        "16474902799da141db-1": {
          "type": "custom_text",
          "disabled": true,
          "settings": {
            "text": "Sign up for our newsletter to be updated on the latest designs, exclusive offers, inspiration and tips!",
            "remove_br_tag": false,
            "fontf": "inherit",
            "text_cl": "#8b8784",
            "text_fs": 16,
            "text_lh": 0,
            "text_fw": 400,
            "text_ls": 0,
            "font_italic": false,
            "text_shadow": false,
            "text_mgb": 30,
            "hidden_mobile": false,
            "text_fs_mb": 14,
            "text_lh_mb": 0,
            "text_ls_mb": 0,
            "text_mgb_mobile": 10
          }
        },
        "9a5af8dd-f1b5-472e-981a-193419476e73": {
          "type": "newsletter",
          "settings": {
            "form_width": 528,
            "form_width_mb": 0,
            "newl_des": "3",
            "news_align": "start",
            "newl_size": "medium",
            "btn_icon": true,
            "input_cl": "#222222",
            "border_cl": "#222222",
            "btn_cl": "#ffffff",
            "btn_bg_cl": "#222222",
            "btn_hover_cl": "#ffffff",
            "btn_hover_bg_cl": "#222222",
            "hidden_mobile": false,
            "mgb": 15,
            "mgb_mb": 10
          }
        }
      },
      "block_order": [
        "16474902799da141db-0",
        "8dcdb324-cb5a-48cd-a1da-ca6a14abfa13",
        "16474902799da141db-1",
        "9a5af8dd-f1b5-472e-981a-193419476e73"
      ],
      "settings": {
        "design_heading": "1",
        "heading_align": "t4s-text-center",
        "top_heading": "Newsletter Signup",
        "icon_heading": "las la-gem",
        "top_subheading": "Sign up for our newsletter to be updated on the latest designs, exclusive offers, inspiration and tips!",
        "tophead_mb": 30,
        "content_align": "all-center",
        "layout": "t4s-container-wrap",
        "cl_bg": "#f2f2f4",
        "cl_bg_gradient": "",
        "parallax": false,
        "mg": "",
        "pd": "50px,,50px,",
        "mg_mb": "",
        "pd_mb": "50px,,50px,",
        "use_cus_css": true,
        "code_cus_css": ""
      }
    },
    "16474270477bee0653": {
      "type": "shipping",
      "blocks": {
        "16474270471ba74d6b-0": {
          "type": "shipping",
          "settings": {
            "icon_themes": "car",
            "icon": "las la-plane",
            "title": "FREE SHIPPING",
            "text": "<p>Free shipping for all US order<\/p>"
          }
        },
        "16474270471ba74d6b-1": {
          "type": "shipping",
          "settings": {
            "icon_themes": "help",
            "icon": "las la-life-ring",
            "title": "SUPPORT 24\/7",
            "text": "<p>we support 24 hours a day<\/p>"
          }
        },
        "16474270471ba74d6b-2": {
          "type": "shipping",
          "settings": {
            "icon_themes": "refesh",
            "icon": "las la-sync-alt",
            "title": "30 DAYS RETURN",
            "text": "<p>you have 30 days to return<\/p>"
          }
        },
        "16474270471ba74d6b-3": {
          "type": "shipping",
          "settings": {
            "icon_themes": "door-lock",
            "icon": "las la-shield-alt",
            "title": "100% PAYMENT SECURE",
            "text": "<p>Payment 100% Secure<\/p>"
          }
        }
      },
      "block_order": [
        "16474270471ba74d6b-0",
        "16474270471ba74d6b-1",
        "16474270471ba74d6b-2",
        "16474270471ba74d6b-3"
      ],
      "settings": {
        "design_heading": "1",
        "heading_align": "t4s-text-center",
        "top_heading": "",
        "icon_heading": "las la-gem",
        "top_subheading": "",
        "tophead_mb": 30,
        "content_align": "text-start",
        "align_vertical": true,
        "design_padding": "1",
        "source": "line_awe",
        "icon_des": "deafult",
        "icon_size": "large",
        "col_dk": "4",
        "col_tb": "2",
        "col_mb": "1",
        "border": false,
        "cl_bd": "#dddddd",
        "cl_ic": "#9e9e9e",
        "cl_hd": "#222222",
        "cl_cot": "#878787",
        "bg_item": "#ffffff",
        "space_h_item": "30",
        "space_v_item": "30",
        "space_h_item_mb": "10",
        "space_v_item_mb": "10",
        "carousel_mobile": false,
        "dots_cl": "dark",
        "dots_round": true,
        "layout": "t4s-container-wrap",
        "cl_bg": "",
        "cl_bg_gradient": "",
        "mg": "",
        "pd": "32px,,32px,",
        "mg_tb": ",,50px,",
        "pd_tb": "",
        "mg_mb": "",
        "pd_mb": "32px,,32px,",
        "use_cus_css": false,
        "code_cus_css": ".SectionID {\nbackground-color:red\n}"
      }
    }
  },
  "order": [
    "16474879283a5e0bc6",
    "1647416225a34bc8e7",
    "164744520091adad6a",
    "1647418816dd2ce726",
    "16474902795928054d",
    "16474270477bee0653"
  ]
} 