{
  "sections": {
    "1647826384aed7cd6c": {
      "type": "custom-section",
      "blocks": {
        "164782638493026570-0": {
          "type": "bl_col",
          "settings": {
            "col_dk": "4",
            "col_tb": "4",
            "col_mb": "12",
            "align_vertical": true,
            "content_align": "center",
            "content_align_tablet": "center",
            "content_align_mobile": "center",
            "padding_inner": "15px,0,15px",
            "padding_inner_mb": "",
            "bg_cl": "rgba(0,0,0,0)"
          }
        },
        "164782638493026570-2": {
          "type": "custom_text",
          "settings": {
            "text": "Refer a Friend. Get 20% Off",
            "remove_br_tag": false,
            "fontf": "inherit",
            "text_cl": "#ffffff",
            "text_fs": 15,
            "text_lh": 24,
            "text_fw": 500,
            "text_ls": 0,
            "font_italic": false,
            "text_shadow": false,
            "text_mgb": 0,
            "hidden_mobile": false,
            "text_fs_mb": 16,
            "text_lh_mb": 0,
            "text_ls_mb": 0,
            "text_mgb_mobile": 10
          }
        },
        "164782638493026570-3": {
          "type": "bl_col",
          "settings": {
            "col_dk": "4",
            "col_tb": "4",
            "col_mb": "12",
            "align_vertical": true,
            "content_align": "center",
            "content_align_tablet": "center",
            "content_align_mobile": "center",
            "padding_inner": "15px,0,15px",
            "padding_inner_mb": "",
            "bg_cl": "rgba(0,0,0,0)"
          }
        },
        "164782638493026570-1": {
          "type": "custom_text",
          "settings": {
            "text": "Subscribe Today and Get $10",
            "remove_br_tag": false,
            "fontf": "inherit",
            "text_cl": "#ffffff",
            "text_fs": 15,
            "text_lh": 0,
            "text_fw": 500,
            "text_ls": 0,
            "font_italic": false,
            "text_shadow": false,
            "text_mgb": 0,
            "hidden_mobile": false,
            "text_fs_mb": 16,
            "text_lh_mb": 0,
            "text_ls_mb": 0,
            "text_mgb_mobile": 10
          }
        },
        "73cd9e85-cd3f-453b-8a60-f6fca247edad": {
          "type": "bl_col",
          "settings": {
            "col_dk": "4",
            "col_tb": "4",
            "col_mb": "12",
            "align_vertical": true,
            "content_align": "center",
            "content_align_tablet": "center",
            "content_align_mobile": "center",
            "padding_inner": "15px,0,15px",
            "padding_inner_mb": "",
            "bg_cl": "rgba(0,0,0,0)"
          }
        },
        "f5997971-ff67-4226-8d43-6b72aa4894cc": {
          "type": "custom_text",
          "settings": {
            "text": "Free Shipping + 30 Day Returns",
            "remove_br_tag": false,
            "fontf": "inherit",
            "text_cl": "#ffffff",
            "text_fs": 15,
            "text_lh": 0,
            "text_fw": 500,
            "text_ls": 0,
            "font_italic": false,
            "text_shadow": false,
            "text_mgb": 0,
            "hidden_mobile": false,
            "text_fs_mb": 16,
            "text_lh_mb": 0,
            "text_ls_mb": 0,
            "text_mgb_mobile": 10
          }
        }
      },
      "block_order": [
        "164782638493026570-0",
        "164782638493026570-2",
        "164782638493026570-3",
        "164782638493026570-1",
        "73cd9e85-cd3f-453b-8a60-f6fca247edad",
        "f5997971-ff67-4226-8d43-6b72aa4894cc"
      ],
      "settings": {
        "space_h_item": "0",
        "space_v_item": "0",
        "space_h_item_mb": "0",
        "space_v_item_mb": "10",
        "layout": "t4s-container-wrap",
        "cl_bg": "#c67d4e",
        "cl_bg_gradient": "",
        "mg": ",,0px,",
        "pd": "",
        "mg_tb": ",,50px,",
        "pd_tb": "",
        "mg_mb": ",,0px,",
        "pd_mb": "20px,0,20px,",
        "use_cus_css": true,
        "code_cus_css": ".t4s_se_template--14736657383524__1647826384aed7cd6c .t4s-row {\n    flex-wrap: nowrap;\n    overflow-x: auto;\n    overflow-y: hidden;\n}"
      }
    },
    "1646631809432fc801": {
      "type": "slideshow",
      "blocks": {
        "9700ac7a-6403-4fe4-a7f0-902ce445ef88": {
          "type": "image_parent",
          "settings": {
            "image": "shopify:\/\/shop_images\/bb1.jpg",
            "image_mb": "shopify:\/\/shop_images\/slider_mobile.jpg",
            "image_position": "8",
            "cl_img": "",
            "link_img1": "",
            "open_link": "_blank",
            "animate_slide": "none",
            "text_align": "center",
            "text_align_mb": "center",
            "content_width": "container",
            "cv_pos": 50,
            "ch_pos": 0,
            "cv_pos_mb": 50,
            "ch_pos_mb": 0,
            "bg_overlay": "#000000",
            "bg_opacity": 0,
            "bg_content_cl": "#ffffff",
            "bg_content_op": 0,
            "content_pd_tb": 20,
            "content_pd_lr": 20,
            "content_pd_tb_mb": 15,
            "content_pd_lr_mb": 15,
            "border_bl": false,
            "br_color": "#222222",
            "br_bg": "#ffffff",
            "br_opacity": 50,
            "br_style": "solid",
            "br_pd": 20,
            "br_pd_mb": 10,
            "time_animation": 1,
            "animation_delay": 40
          }
        },
        "42d1a76c-0a08-4cbd-8f8c-ef54bad084ed": {
          "type": "custom_text",
          "settings": {
            "text": "Handmade with love",
            "remove_br_tag": false,
            "fontf": "inherit",
            "text_cl": "#ffffff",
            "text_fs": 24,
            "text_lh": 26,
            "text_fw": 500,
            "text_ls": 0,
            "text_mgb": 15,
            "font_italic": false,
            "text_shadow": false,
            "hidden_mobile": false,
            "text_fs_mb": 20,
            "text_lh_mb": 24,
            "text_ls_mb": 0,
            "text_mgb_mobile": 10,
            "animation": "fadeInDown"
          }
        },
        "7b891377-7f83-4d41-8a82-7a61ad3e27ae": {
          "type": "custom_text",
          "settings": {
            "text": "Beautiful Baby Mobiles",
            "remove_br_tag": false,
            "fontf": "2",
            "text_cl": "#ffffff",
            "text_fs": 50,
            "text_lh": 56,
            "text_fw": 700,
            "text_ls": 0,
            "text_mgb": 30,
            "font_italic": false,
            "text_shadow": false,
            "hidden_mobile": false,
            "text_fs_mb": 30,
            "text_lh_mb": 38,
            "text_ls_mb": 0,
            "text_mgb_mobile": 20,
            "animation": "fadeInDown"
          }
        },
        "7e205e33-6d1e-4636-96c8-0810eb769222": {
          "type": "custom_button",
          "settings": {
            "button_text": "SHOP THE COLLECTION",
            "button_link": "#",
            "target_link": "_self",
            "fontf": "inherit",
            "button_icon_w": 0,
            "button_style": "default",
            "button_effect": "fade",
            "pri_cl": "#c67d4e",
            "second_cl": "#ffffff",
            "pri_cl_hover": "#a35c2f",
            "second_cl_hover": "#ffffff",
            "fsbutton": 14,
            "fwbutton": 500,
            "button_ls": 0,
            "button_mh": 40,
            "button_bdr": 0,
            "button_pd_lr": 15,
            "button_mgb": 0,
            "hidden_mobile": false,
            "button_icon_w_mb": 0,
            "fsbutton_mb": 13,
            "button_mh_mb": 40,
            "button_pd_lr_mb": 15,
            "button_ls_mb": 0,
            "button_mgb_mb": 0,
            "animation": "bounceInUp"
          }
        },
        "1011d7f1-8801-42f9-b6da-7e724aab0d5f": {
          "type": "image_parent",
          "settings": {
            "image": "shopify:\/\/shop_images\/bb2.jpg",
            "image_position": "8",
            "cl_img": "",
            "link_img1": "",
            "open_link": "_blank",
            "animate_slide": "none",
            "text_align": "center",
            "text_align_mb": "center",
            "content_width": "container",
            "cv_pos": 50,
            "ch_pos": 0,
            "cv_pos_mb": 50,
            "ch_pos_mb": 0,
            "bg_overlay": "#000000",
            "bg_opacity": 0,
            "bg_content_cl": "#ffffff",
            "bg_content_op": 0,
            "content_pd_tb": 20,
            "content_pd_lr": 15,
            "content_pd_tb_mb": 10,
            "content_pd_lr_mb": 15,
            "border_bl": false,
            "br_color": "#222222",
            "br_bg": "#ffffff",
            "br_opacity": 50,
            "br_style": "solid",
            "br_pd": 20,
            "br_pd_mb": 10,
            "time_animation": 1,
            "animation_delay": 40
          }
        },
        "169d161a-43a1-419d-9668-8e782ba928ba": {
          "type": "custom_text",
          "settings": {
            "text": "A Luxury welcome to the word!",
            "remove_br_tag": false,
            "fontf": "1",
            "text_cl": "#ffffff",
            "text_fs": 24,
            "text_lh": 24,
            "text_fw": 500,
            "text_ls": 0,
            "text_mgb": 15,
            "font_italic": false,
            "text_shadow": false,
            "hidden_mobile": false,
            "text_fs_mb": 20,
            "text_lh_mb": 24,
            "text_ls_mb": 0,
            "text_mgb_mobile": 10,
            "animation": "zoomIn"
          }
        },
        "f3245dff-94e4-44b2-a04c-ec1d214e1abe": {
          "type": "custom_text",
          "settings": {
            "text": "Dress Up For Spring",
            "remove_br_tag": false,
            "fontf": "2",
            "text_cl": "#ffffff",
            "text_fs": 50,
            "text_lh": 56,
            "text_fw": 700,
            "text_ls": 0,
            "text_mgb": 30,
            "font_italic": false,
            "text_shadow": false,
            "hidden_mobile": false,
            "text_fs_mb": 30,
            "text_lh_mb": 40,
            "text_ls_mb": 0,
            "text_mgb_mobile": 20,
            "animation": "fadeInDown"
          }
        },
        "9aa9eac5-3bb3-4ae4-a096-be73655da4be": {
          "type": "custom_button",
          "settings": {
            "button_text": "SHOP ALL DRESSES",
            "button_link": "#",
            "target_link": "_self",
            "fontf": "inherit",
            "button_icon_w": 0,
            "button_style": "default",
            "button_effect": "fade",
            "pri_cl": "#c67d4e",
            "second_cl": "#ffffff",
            "pri_cl_hover": "#a35c2f",
            "second_cl_hover": "#ffffff",
            "fsbutton": 14,
            "fwbutton": 500,
            "button_ls": 0,
            "button_mh": 40,
            "button_bdr": 0,
            "button_pd_lr": 15,
            "button_mgb": 0,
            "hidden_mobile": false,
            "button_icon_w_mb": 0,
            "fsbutton_mb": 13,
            "button_mh_mb": 39,
            "button_pd_lr_mb": 15,
            "button_ls_mb": 0,
            "button_mgb_mb": 0,
            "animation": "fadeInUp"
          }
        }
      },
      "block_order": [
        "9700ac7a-6403-4fe4-a7f0-902ce445ef88",
        "42d1a76c-0a08-4cbd-8f8c-ef54bad084ed",
        "7b891377-7f83-4d41-8a82-7a61ad3e27ae",
        "7e205e33-6d1e-4636-96c8-0810eb769222",
        "1011d7f1-8801-42f9-b6da-7e724aab0d5f",
        "169d161a-43a1-419d-9668-8e782ba928ba",
        "f3245dff-94e4-44b2-a04c-ec1d214e1abe",
        "9aa9eac5-3bb3-4ae4-a096-be73655da4be"
      ],
      "settings": {
        "se_height": "t4s_ratio_cuspx",
        "custom_dk": true,
        "height_dk": 700,
        "custom_tb": true,
        "height_tb": 640,
        "custom_mb": true,
        "height_mb": 600,
        "eff": "slide",
        "loop": true,
        "au_time": 0,
        "au_hover": true,
        "nav_btn": true,
        "btn_vi": "hover",
        "btn_owl": "simple",
        "btn_shape": "round",
        "btn_cl": "light",
        "btn_size": "small",
        "btn_hidden_mobile": true,
        "nav_dot": false,
        "dot_owl": "default",
        "dots_cl": "primary",
        "dots_round": true,
        "dots_space": 10,
        "dots_hidden_mobile": false,
        "layout": "t4s-container-fluid",
        "cl_bg": "",
        "cl_bg_gradient": "",
        "mg": ",,80px,",
        "pd": "",
        "mg_tb": ",,30px,",
        "pd_tb": "",
        "mg_mb": ",,50px,",
        "pd_mb": "",
        "use_cus_css": false,
        "code_cus_css": ".SectionID {\nbackground-color:red\n}"
      }
    },
    "1646816504a46f3e42": {
      "type": "collections-list",
      "blocks": {
        "1646816504895fc849-0": {
          "type": "collection_item",
          "settings": {
            "collection": "baber",
            "image": "shopify:\/\/shop_images\/categories_1.png",
            "icon": "las la-gem",
            "collection_title": "Wardrobe",
            "collection_link": ""
          }
        },
        "1646816504895fc849-1": {
          "type": "collection_item",
          "settings": {
            "collection": "bakery",
            "image": "shopify:\/\/shop_images\/categories_5.png",
            "icon": "las la-gem",
            "collection_title": "Baby Play",
            "collection_link": ""
          }
        },
        "1646816504895fc849-2": {
          "type": "collection_item",
          "settings": {
            "collection": "funiture",
            "image": "shopify:\/\/shop_images\/categories_3.png",
            "icon": "las la-gem",
            "collection_title": "Accessories",
            "collection_link": "shopify:\/\/collections\/funiture"
          }
        },
        "8a39d098-3b63-4802-bf54-6e1c990faf84": {
          "type": "collection_item",
          "settings": {
            "collection": "baby",
            "image": "shopify:\/\/shop_images\/categories_2.png",
            "icon": "las la-gem",
            "collection_title": "Nursery",
            "collection_link": ""
          }
        },
        "81e2c97d-b8ff-462f-84e8-e71474388613": {
          "type": "collection_item",
          "settings": {
            "collection": "jewelry",
            "image": "shopify:\/\/shop_images\/categories_4.png",
            "icon": "las la-gem",
            "collection_title": "Essentials",
            "collection_link": "shopify:\/\/collections\/cosmetic"
          }
        }
      },
      "block_order": [
        "1646816504895fc849-0",
        "1646816504895fc849-1",
        "1646816504895fc849-2",
        "8a39d098-3b63-4802-bf54-6e1c990faf84",
        "81e2c97d-b8ff-462f-84e8-e71474388613"
      ],
      "settings": {
        "design_heading": "1",
        "heading_align": "t4s-text-center",
        "top_heading": "",
        "icon_heading": "las la-gem",
        "top_subheading": "",
        "tophead_mb": 30,
        "collection_des": "5",
        "title_cl": "#222222",
        "title_cl_hover": "#222222",
        "subtitle_cl": "#878787",
        "count_cl": "#222222",
        "border_cl": "#e5e5e5",
        "collection_subtitle": "Products",
        "open_link": "_self",
        "source": "image",
        "space_bottom": 20,
        "space_bottom_mb": 15,
        "border": false,
        "item_pd": 0,
        "item_rd": 50,
        "img_effect": "translateToTop",
        "b_effect": "none",
        "image_ratio": "ratio1_1",
        "image_size": "cover",
        "image_position": "8",
        "layout_des": "2",
        "col_dk": "5",
        "col_tb": "3",
        "col_mb": "2",
        "space_h_item": "30",
        "space_v_item": "30",
        "space_h_item_mb": "20",
        "space_v_item_mb": "30",
        "loop": true,
        "au_time": 0,
        "au_hover": true,
        "nav_btn": false,
        "btn_vi": "hover",
        "btn_owl": "default",
        "btn_shape": "none",
        "btn_cl": "dark",
        "btn_size": "small",
        "btn_hidden_mobile": false,
        "nav_dot": true,
        "dot_owl": "default",
        "dots_cl": "dark",
        "dots_round": true,
        "dots_space": 7,
        "dots_hidden_mobile": false,
        "layout": "t4s-container-wrap",
        "cl_bg": "",
        "cl_bg_gradient": "",
        "mg": ",,80px,",
        "pd": "",
        "mg_mb": ",,50px,",
        "pd_mb": "",
        "use_cus_css": true,
        "code_cus_css": ".t4s-coll-style-5 .t4s-cate-wrapper .t4s-cat-subtitle {\n    display: none;\n}"
      }
    },
    "1646817504052b40b2": {
      "type": "custom-section",
      "blocks": {
        "16468175049aa66286-0": {
          "type": "bl_col",
          "settings": {
            "col_dk": "6",
            "col_tb": "6",
            "col_mb": "12",
            "align_vertical": true,
            "content_align": "center",
            "content_align_tablet": "center",
            "content_align_mobile": "center",
            "padding_inner": "0",
            "padding_inner_mb": "0",
            "bg_cl": "rgba(0,0,0,0)"
          }
        },
        "82393189-f584-401a-950c-81550bb6f56a": {
          "type": "image",
          "settings": {
            "image_child": "shopify:\/\/shop_images\/Banner_custom.jpg",
            "img_width": 720,
            "img_width_mb": 0,
            "hidden_mobile": false,
            "mgb": 0,
            "mgb_mb": 0
          }
        },
        "16468175049aa66286-3": {
          "type": "bl_col",
          "settings": {
            "col_dk": "6",
            "col_tb": "6",
            "col_mb": "12",
            "align_vertical": true,
            "content_align": "start",
            "content_align_tablet": "start",
            "content_align_mobile": "center",
            "padding_inner": "30px,30px,30px,30px,",
            "padding_inner_mb": "30px,15px,30px,15px",
            "bg_cl": "rgba(0,0,0,0)"
          }
        },
        "16468175049aa66286-1": {
          "type": "custom_text",
          "settings": {
            "text": "MESSEY COLLECTION 2022",
            "remove_br_tag": false,
            "fontf": "2",
            "text_cl": "#c67d4e",
            "text_fs": 16,
            "text_lh": 40,
            "text_fw": 600,
            "text_ls": 0,
            "font_italic": false,
            "text_shadow": false,
            "text_mgb": 10,
            "hidden_mobile": false,
            "text_fs_mb": 14,
            "text_lh_mb": 36,
            "text_ls_mb": 0,
            "text_mgb_mobile": 5
          }
        },
        "e3421b9f-a58d-4b78-bf5a-8fef0b7d04ca": {
          "type": "custom_text",
          "settings": {
            "text": "Greatest Prices & Deals <br><span style=\"color : #c67d4e;\">Save 20% Off <\/span> Baby & Kids\n Wears...",
            "remove_br_tag": true,
            "fontf": "1",
            "text_cl": "#222222",
            "text_fs": 44,
            "text_lh": 56,
            "text_fw": 600,
            "text_ls": 0,
            "font_italic": false,
            "text_shadow": false,
            "text_mgb": 15,
            "hidden_mobile": false,
            "text_fs_mb": 24,
            "text_lh_mb": 32,
            "text_ls_mb": 0,
            "text_mgb_mobile": 10
          }
        },
        "16468175049aa66286-2": {
          "type": "custom_text",
          "settings": {
            "text": "Working on the details, twisting & playing with year staying same track. Kalles Baby’s inspiration comes from her large British family in-law. “We enjoy seeing our children look like children”.",
            "remove_br_tag": true,
            "fontf": "inherit",
            "text_cl": "#878787",
            "text_fs": 14,
            "text_lh": 28,
            "text_fw": 400,
            "text_ls": 0,
            "font_italic": false,
            "text_shadow": false,
            "text_mgb": 30,
            "hidden_mobile": false,
            "text_fs_mb": 14,
            "text_lh_mb": 28,
            "text_ls_mb": 0,
            "text_mgb_mobile": 30
          }
        },
        "52b83bb5-91cc-4df7-aaef-e39c03a85f88": {
          "type": "space_html",
          "settings": {
            "color": "#545250",
            "width": 50,
            "height": 3,
            "mgb": 30,
            "hidden_tablet": false,
            "width_tl": 40,
            "height_tl": 2,
            "mgb_tl": 20,
            "hidden_mobile": false,
            "width_mb": 50,
            "height_mb": 3,
            "mgb_mb": 20
          }
        },
        "80a4ec18-a7ca-4385-9747-800171f1d2d5": {
          "type": "custom_text",
          "settings": {
            "text": "IT'LL BE WORTH THE WAIT VERY SOON!",
            "remove_br_tag": false,
            "fontf": "1",
            "text_cl": "#999693",
            "text_fs": 12,
            "text_lh": 16,
            "text_fw": 500,
            "text_ls": 0,
            "font_italic": false,
            "text_shadow": false,
            "text_mgb": 15,
            "hidden_mobile": false,
            "text_fs_mb": 12,
            "text_lh_mb": 16,
            "text_ls_mb": 0,
            "text_mgb_mobile": 10
          }
        },
        "38233b37-6f85-4599-b279-aac40d77c0fc": {
          "type": "countdown",
          "settings": {
            "date": "2022\/12\/26",
            "cdt_des": "1",
            "cdt_size": "medium",
            "box_bdr": 5,
            "bd_width": 0,
            "space_item": 20,
            "number_cl": "#222222",
            "text_cl": "#222222",
            "border_cl": "#000000",
            "bg_cl": "#ffffff",
            "hidden_mobile": false,
            "mgb": 15,
            "mgb_mb": 10
          }
        }
      },
      "block_order": [
        "16468175049aa66286-0",
        "82393189-f584-401a-950c-81550bb6f56a",
        "16468175049aa66286-3",
        "16468175049aa66286-1",
        "e3421b9f-a58d-4b78-bf5a-8fef0b7d04ca",
        "16468175049aa66286-2",
        "52b83bb5-91cc-4df7-aaef-e39c03a85f88",
        "80a4ec18-a7ca-4385-9747-800171f1d2d5",
        "38233b37-6f85-4599-b279-aac40d77c0fc"
      ],
      "settings": {
        "space_h_item": "0",
        "space_v_item": "0",
        "space_h_item_mb": "0",
        "space_v_item_mb": "0",
        "layout": "t4s-container-fluid",
        "cl_bg": "#fcf5ef",
        "cl_bg_gradient": "",
        "mg": ",,50px,",
        "pd": "80px,,80px,",
        "mg_tb": ",,50px,",
        "pd_tb": "",
        "mg_mb": ",,50px,",
        "pd_mb": "",
        "use_cus_css": true,
        "code_cus_css": "div.t4s-countdown-des-1.t4s-countdown-size-medium .time>span .cd-number {\n    min-height: 50px;\n    font-size: 17.5px;\n}"
      }
    },
    "16468133992f4a3383": {
      "type": "featured-collection",
      "settings": {
        "design_heading": "1",
        "heading_align": "t4s-text-center",
        "top_heading": "Handpicked Products",
        "icon_heading": "las la-gem",
        "top_subheading": "",
        "tophead_mb": 30,
        "collection": "baby-accessories",
        "product_des": "1",
        "show_vendor": false,
        "image_ratio": "ratio1_1",
        "image_size": "cover",
        "image_position": "8",
        "content_align": "center",
        "limit": 8,
        "col_dk": "4",
        "col_tb": "2",
        "col_mb": "2",
        "space_h_item": "30",
        "space_v_item": "0",
        "space_h_item_mb": "10",
        "space_v_item_mb": "2",
        "layout_des": "2",
        "loop": true,
        "au_time": 0,
        "au_hover": true,
        "nav_btn": true,
        "btn_vi": "hover",
        "btn_owl": "outline",
        "btn_shape": "round",
        "btn_cl": "dark",
        "btn_size": "small",
        "btn_hidden_mobile": false,
        "nav_dot": false,
        "dot_owl": "default",
        "dots_cl": "dark",
        "dots_round": false,
        "dots_space": 10,
        "dots_hidden_mobile": false,
        "use_pagination": "none",
        "enable_bar_lm": true,
        "btn_icon": false,
        "button_style": "default",
        "btns_size": "medium",
        "btns_cl": "primary",
        "button_effect": "fade",
        "btn_pos": "t4s-text-center",
        "layout": "t4s-container-wrap",
        "cl_bg": "",
        "cl_bg_gradient": "",
        "mg": ",,80px,",
        "pd": "",
        "mg_mb": ",,50px,",
        "pd_mb": "",
        "use_cus_css": false,
        "code_cus_css": ".SectionID {\nbackground-color:red\n}"
      }
    },
    "164697009285a9549c": {
      "type": "lookbook-img",
      "blocks": {
        "18c7811c-2801-4526-991c-3c3eedbf4cc3": {
          "type": "pr",
          "settings": {
            "pos_t": 15,
            "pos_l": 66,
            "type": "2",
            "shorttxt": "$59",
            "pos_size": "small",
            "bg_cl": "#c67d4e",
            "cl_text": "#ffffff",
            "pos_popup": "top",
            "size_popup": "medium",
            "product": "mary-jane-baby-shoes"
          }
        },
        "50dd0cc0-bb87-47df-8ae0-17be84568660": {
          "type": "txt",
          "settings": {
            "pos_t": 50,
            "pos_l": 50,
            "type": "2",
            "shorttxt": "$59",
            "pos_size": "small",
            "bg_cl": "#c67d4e",
            "cl_text": "#ffffff",
            "pos_popup": "top",
            "size_popup": "medium",
            "heading": "01 - Water Resistance",
            "text": "<p>With groundbreaking water resistant capabilities, The Mission has the highest waterproof rating of any smartwatch on the market.<\/p>"
          }
        },
        "fdc59a9a-2b50-41aa-89df-7160df05cab5": {
          "type": "url",
          "settings": {
            "pos_t": 30,
            "pos_l": 22,
            "type": "2",
            "shorttxt": "$59",
            "pos_size": "small",
            "bg_cl": "#c67d4e",
            "cl_text": "#ffffff",
            "url": "shopify:\/\/products\/ditsy-floral-print-dress",
            "open_link": "_blank"
          }
        },
        "f1ff6670-2a2e-4080-88a8-e6691daaaecc": {
          "type": "pr",
          "settings": {
            "pos_t": 50,
            "pos_l": 81,
            "type": "2",
            "shorttxt": "$59",
            "pos_size": "small",
            "bg_cl": "#c67d4e",
            "cl_text": "#ffffff",
            "pos_popup": "top",
            "size_popup": "medium",
            "product": "blue-corduroy-bloomers"
          }
        }
      },
      "block_order": [
        "18c7811c-2801-4526-991c-3c3eedbf4cc3",
        "50dd0cc0-bb87-47df-8ae0-17be84568660",
        "fdc59a9a-2b50-41aa-89df-7160df05cab5",
        "f1ff6670-2a2e-4080-88a8-e6691daaaecc"
      ],
      "settings": {
        "design_heading": "1",
        "heading_align": "t4s-text-center",
        "top_heading": "",
        "icon_heading": "las la-gem",
        "top_subheading": "",
        "tophead_mb": 30,
        "img_size": "1",
        "image": "shopify:\/\/shop_images\/Lookbook_pin.jpg",
        "pr_pin_des": "1",
        "layout": "t4s-container-fluid",
        "cl_bg": "",
        "cl_bg_gradient": "",
        "mg": ",,50px,",
        "pd": "",
        "mg_mb": ",,50px,",
        "pd_mb": ""
      }
    },
    "164696995748f37010": {
      "type": "shipping",
      "blocks": {
        "1646969956c061319b-0": {
          "type": "shipping",
          "settings": {
            "icon_themes": "car",
            "image_icon": "shopify:\/\/shop_images\/Shipping_1.png",
            "icon": "tractor",
            "title": "Shipped Free & with Love",
            "text": "<p>On orders abouve $50.<\/p>"
          }
        },
        "1646969956c061319b-1": {
          "type": "shipping",
          "settings": {
            "icon_themes": "help",
            "image_icon": "shopify:\/\/shop_images\/Shipping_2.png",
            "icon": "life-ring",
            "title": "Security Payment",
            "text": "<p>Accept major credit cards.<\/p>"
          }
        },
        "1646969956c061319b-2": {
          "type": "shipping",
          "settings": {
            "icon_themes": "refesh",
            "image_icon": "shopify:\/\/shop_images\/Shipping_3.png",
            "icon": "undo-alt",
            "title": "Delivered in 1-3 Days",
            "text": "<p>And packaged with love.<\/p>"
          }
        },
        "1646969956c061319b-3": {
          "type": "shipping",
          "settings": {
            "icon_themes": "door-lock",
            "image_icon": "shopify:\/\/shop_images\/Shipping_4.png",
            "icon": "lock",
            "title": "And packaged with love.",
            "text": "<p>Consultations via email.<\/p>"
          }
        }
      },
      "block_order": [
        "1646969956c061319b-0",
        "1646969956c061319b-1",
        "1646969956c061319b-2",
        "1646969956c061319b-3"
      ],
      "settings": {
        "design_heading": "1",
        "heading_align": "t4s-text-center",
        "top_heading": "",
        "icon_heading": "las la-gem",
        "top_subheading": "",
        "tophead_mb": 30,
        "content_align": "text-center",
        "align_vertical": false,
        "design_padding": "1",
        "source": "get_image",
        "icon_des": "deafult",
        "icon_size": "medium",
        "col_dk": "4",
        "col_tb": "2",
        "col_mb": "1",
        "border": false,
        "cl_bd": "#dddddd",
        "cl_ic": "#9e9e9e",
        "cl_hd": "#222222",
        "cl_cot": "#878787",
        "bg_item": "#ffffff",
        "space_h_item": "30",
        "space_v_item": "30",
        "space_h_item_mb": "10",
        "space_v_item_mb": "30",
        "carousel_mobile": true,
        "dots_cl": "dark",
        "dots_round": true,
        "layout": "t4s-container-wrap",
        "cl_bg": "",
        "cl_bg_gradient": "",
        "mg": ",,50px,",
        "pd": "",
        "mg_tb": ",,50px,",
        "pd_tb": "",
        "mg_mb": ",,50px,",
        "pd_mb": "",
        "use_cus_css": true,
        "code_cus_css": "div .t4s-shipping .t4s-shipping-title {\n    font-size: 18px;\n    font-weight: 500;\n    margin-bottom: 5px;\n}"
      }
    },
    "164681675006a759a5": {
      "type": "featured-collection",
      "settings": {
        "design_heading": "1",
        "heading_align": "t4s-text-center",
        "top_heading": "Top Rated Products",
        "icon_heading": "las la-gem",
        "top_subheading": "",
        "tophead_mb": 30,
        "collection": "baby",
        "product_des": "2",
        "show_vendor": false,
        "image_ratio": "ratio1_1",
        "image_size": "cover",
        "image_position": "8",
        "content_align": "center",
        "limit": 4,
        "col_dk": "4",
        "col_tb": "2",
        "col_mb": "2",
        "space_h_item": "30",
        "space_v_item": "30",
        "space_h_item_mb": "10",
        "space_v_item_mb": "10",
        "layout_des": "1",
        "loop": true,
        "au_time": 0,
        "au_hover": true,
        "nav_btn": false,
        "btn_vi": "hover",
        "btn_owl": "default",
        "btn_shape": "none",
        "btn_cl": "dark",
        "btn_size": "small",
        "btn_hidden_mobile": false,
        "nav_dot": false,
        "dot_owl": "default",
        "dots_cl": "dark",
        "dots_round": false,
        "dots_space": 10,
        "dots_hidden_mobile": false,
        "use_pagination": "load-more",
        "enable_bar_lm": false,
        "btn_icon": false,
        "button_style": "default",
        "btns_size": "large",
        "btns_cl": "dark",
        "button_effect": "fade",
        "btn_pos": "t4s-text-center",
        "layout": "t4s-container-wrap",
        "cl_bg": "#fcf5ef",
        "cl_bg_gradient": "",
        "mg": ",,50px,",
        "pd": "80px,,80px,",
        "mg_mb": ",,30px,",
        "pd_mb": "50px,,50px,",
        "use_cus_css": false,
        "code_cus_css": ".SectionID {\nbackground-color:red\n}"
      }
    },
    "16468167598eed4b1f": {
      "type": "blog-post",
      "settings": {
        "design_heading": "1",
        "heading_align": "t4s-text-center",
        "top_heading": "More to Discover",
        "icon_heading": "las la-gem",
        "top_subheading": "Our bundles were designed to conveniently package your tanning<br>\nessentials while saving your money",
        "tophead_mb": 30,
        "blog": "baby",
        "post_des": "6",
        "show_cate": false,
        "show_tags": false,
        "show_cnt": false,
        "show_au": false,
        "show_dt": false,
        "show_cm": false,
        "show_rm": true,
        "show_irm": false,
        "date": "date",
        "content_align": "t4s-text-center",
        "limit": 8,
        "img_effect": "translateToTop",
        "b_effect": "border-run",
        "image_ratio": "ratioadapt",
        "image_size": "cover",
        "image_position": "8",
        "col_dk": "2",
        "col_tb": "2",
        "col_mb": "1",
        "space_h_item": "30",
        "space_v_item": "30",
        "space_h_item_mb": "10",
        "space_v_item_mb": "10",
        "layout_des": "2",
        "loop": true,
        "au_time": 0,
        "au_hover": true,
        "nav_btn": true,
        "btn_vi": "hover",
        "btn_owl": "default",
        "btn_shape": "none",
        "btn_cl": "primary",
        "btn_size": "small",
        "btn_hidden_mobile": false,
        "nav_dot": false,
        "dot_owl": "default",
        "dots_cl": "dark",
        "dots_round": false,
        "dots_space": 10,
        "dots_hidden_mobile": false,
        "use_pagination": "none",
        "enable_bar_lm": true,
        "btn_icon": false,
        "button_style": "default",
        "btns_size": "medium",
        "btns_cl": "default",
        "button_effect": "fade",
        "btn_pos": "t4s-text-center",
        "layout": "t4s-container-wrap",
        "cl_bg": "",
        "cl_bg_gradient": "",
        "mg": ",,50px,",
        "pd": "",
        "mg_mb": ",,50px,",
        "pd_mb": "",
        "use_cus_css": true,
        "code_cus_css": ".t4s-post-item a.t4s-post-readmore {\n    letter-spacing: .17em;\n    font-weight: 500;\n    font-size: 14px;\ntext-transform: none;\n}\n@media(min-width:1024px){\n\n.has_post_des_6  div .t4s-post-item .t4s-post-title {\n    font-size: 30px;\n    font-weight: 400;\n}\n}"
      }
    },
    "1646971820852c64b6": {
      "type": "custom-section",
      "blocks": {
        "1646971819d32bb581-0": {
          "type": "bl_col",
          "settings": {
            "col_dk": "12",
            "col_tb": "12",
            "col_mb": "12",
            "align_vertical": true,
            "content_align": "center",
            "content_align_tablet": "center",
            "content_align_mobile": "center",
            "padding_inner": "30px,,30px",
            "padding_inner_mb": "",
            "bg_cl": "rgba(0,0,0,0)"
          }
        },
        "1646971819d32bb581-1": {
          "type": "custom_text",
          "settings": {
            "text": "Subscribe & Get 20% Flate <br>Your First Purchase.",
            "remove_br_tag": true,
            "fontf": "inherit",
            "text_cl": "#000000",
            "text_fs": 36,
            "text_lh": 0,
            "text_fw": 600,
            "text_ls": 0,
            "font_italic": false,
            "text_shadow": false,
            "text_mgb": 5,
            "hidden_mobile": false,
            "text_fs_mb": 25,
            "text_lh_mb": 28,
            "text_ls_mb": 0,
            "text_mgb_mobile": 20
          }
        },
        "da95ad12-665f-4611-adc0-a7f45705292c": {
          "type": "bl_col",
          "settings": {
            "col_dk": "3",
            "col_tb": "6",
            "col_mb": "12",
            "align_vertical": true,
            "content_align": "center",
            "content_align_tablet": "center",
            "content_align_mobile": "center",
            "padding_inner": "",
            "padding_inner_mb": "",
            "bg_cl": "#ffffff"
          }
        },
        "60e93855-8091-43bf-b6bf-7f0147b79690": {
          "type": "bl_col",
          "settings": {
            "col_dk": "6",
            "col_tb": "6",
            "col_mb": "12",
            "align_vertical": true,
            "content_align": "start",
            "content_align_tablet": "center",
            "content_align_mobile": "start",
            "padding_inner": "",
            "padding_inner_mb": "",
            "bg_cl": "#ffffff"
          }
        },
        "1646971819d32bb581-4": {
          "type": "newsletter",
          "settings": {
            "form_width": 0,
            "form_width_mb": 0,
            "newl_des": "6",
            "news_align": "default",
            "newl_size": "medium",
            "btn_icon": true,
            "input_cl": "#222222",
            "border_cl": "#000000",
            "btn_cl": "#222222",
            "btn_bg_cl": "#ffffff",
            "btn_hover_cl": "#c67d4e",
            "btn_hover_bg_cl": "rgba(0,0,0,0)",
            "hidden_mobile": false,
            "mgb": 15,
            "mgb_mb": 10,
            "animation": "none"
          }
        }
      },
      "block_order": [
        "1646971819d32bb581-0",
        "1646971819d32bb581-1",
        "da95ad12-665f-4611-adc0-a7f45705292c",
        "60e93855-8091-43bf-b6bf-7f0147b79690",
        "1646971819d32bb581-4"
      ],
      "settings": {
        "space_h_item": "0",
        "space_v_item": "0",
        "space_h_item_mb": "0",
        "space_v_item_mb": "0",
        "layout": "t4s-container-wrap",
        "cl_bg": "",
        "cl_bg_gradient": "",
        "mg": ",,60px,",
        "pd": "",
        "mg_tb": ",,50px,",
        "pd_tb": "",
        "mg_mb": ",,50px,",
        "pd_mb": "",
        "use_cus_css": false,
        "code_cus_css": ".SectionID {\nbackground-color:red\n}"
      }
    }
  },
  "order": [
    "1647826384aed7cd6c",
    "1646631809432fc801",
    "1646816504a46f3e42",
    "1646817504052b40b2",
    "16468133992f4a3383",
    "164697009285a9549c",
    "164696995748f37010",
    "164681675006a759a5",
    "16468167598eed4b1f",
    "1646971820852c64b6"
  ]
}