{
  "sections": {
    "1646377643f28f622c": {
      "type": "background_video",
      "blocks": {
        "1646377642616873b2-0": {
          "type": "custom_text",
          "settings": {
            "text": "Spring – Summer 2022",
            "remove_br_tag": false,
            "fontf": "3",
            "text_cl": "#ffffff",
            "text_fs": 18,
            "text_lh": 0,
            "text_fw": 600,
            "text_ls": 1,
            "text_mgb": 20,
            "font_italic": true,
            "text_shadow": false,
            "hidden_mobile": false,
            "text_fs_mb": 16,
            "text_lh_mb": 0,
            "text_ls_mb": 0,
            "text_mgb_mobile": 15,
            "animation": "none"
          }
        },
        "1646377642616873b2-1": {
          "type": "custom_text",
          "settings": {
            "text": "FLASH SALE OFF 70%",
            "remove_br_tag": false,
            "fontf": "inherit",
            "text_cl": "#ffffff",
            "text_fs": 60,
            "text_lh": 60,
            "text_fw": 700,
            "text_ls": 0,
            "text_mgb": 20,
            "font_italic": false,
            "text_shadow": false,
            "hidden_mobile": false,
            "text_fs_mb": 16,
            "text_lh_mb": 0,
            "text_ls_mb": 0,
            "text_mgb_mobile": 10,
            "animation": "none"
          }
        },
        "1646377642616873b2-2": {
          "type": "custom_button",
          "settings": {
            "button_text": "Shop Now",
            "button_link": "shopify:\/\/collections",
            "target_link": "_self",
            "fontf": "inherit",
            "button_icon_w": 0,
            "button_style": "outline",
            "button_effect": "fade",
            "pri_cl": "#ffffff",
            "second_cl": "#ffffff",
            "pri_cl_hover": "#56cfe1",
            "second_cl_hover": "#ffffff",
            "fsbutton": 14,
            "fwbutton": 600,
            "button_ls": 0,
            "button_mh": 40,
            "button_bdr": 40,
            "button_pd_lr": 32,
            "button_mgb": 0,
            "hidden_mobile": false,
            "button_icon_w_mb": 0,
            "fsbutton_mb": 10,
            "button_mh_mb": 36,
            "button_pd_lr_mb": 22,
            "button_ls_mb": 0,
            "button_mgb_mb": 0,
            "animation": "none"
          }
        }
      },
      "block_order": [
        "1646377642616873b2-0",
        "1646377642616873b2-1",
        "1646377642616873b2-2"
      ],
      "settings": {
        "se_height": "t4s_ratio16_9",
        "custom_dk": true,
        "height_dk": 600,
        "custom_tb": true,
        "height_tb": 400,
        "custom_mb": true,
        "height_mb": 250,
        "image": "shopify:\/\/shop_images\/bg-loobook.jpg",
        "source": "2",
        "video_url": "",
        "file_link": "\/\/cdn.shopify.com\/s\/files\/1\/0332\/6420\/5963\/files\/jewelry_video.mp4?v=14944919741897558918",
        "text_align": "center",
        "text_align_mb": "center",
        "content_width": "auto",
        "cv_pos": 50,
        "ch_pos": 50,
        "cv_pos_mb": 50,
        "ch_pos_mb": 50,
        "bg_overlay": "#000000",
        "bg_opacity": 0,
        "bg_content_cl": "#ffffff",
        "bg_content_op": 0,
        "content_pd_tb": 20,
        "content_pd_lr": 20,
        "content_pd_tb_mb": 10,
        "content_pd_lr_mb": 10,
        "border_bl": false,
        "br_color": "#222222",
        "br_bg": "#ffffff",
        "br_opacity": 50,
        "br_style": "solid",
        "br_pd": 20,
        "br_pd_mb": 10,
        "time_animation": 1,
        "animation_delay": 40,
        "layout": "t4s-container-fluid",
        "cl_bg": "",
        "cl_bg_gradient": "",
        "mg": ",,50px,",
        "pd": "",
        "mg_mb": ",,30px,",
        "pd_mb": "",
        "use_cus_css": false,
        "code_cus_css": ".SectionID {\nbackground-color:red\n}"
      }
    },
    "164620932069107a3a": {
      "type": "shipping",
      "blocks": {
        "164620932047c7965f-0": {
          "type": "shipping",
          "settings": {
            "icon_themes": "plance",
            "icon": "tractor",
            "title": "FREE SHIPPING",
            "text": "<p>Free shipping for all US order<\/p>"
          }
        },
        "164620932047c7965f-1": {
          "type": "shipping",
          "settings": {
            "icon_themes": "help",
            "icon": "life-ring",
            "title": "SUPPORT 24\/7",
            "text": "<p>We support 24 hours a day<\/p>"
          }
        },
        "164620932047c7965f-2": {
          "type": "shipping",
          "settings": {
            "icon_themes": "refesh",
            "icon": "undo-alt",
            "title": "30 DAYS RETURN",
            "text": "<p>You have 30 days to return<\/p>"
          }
        },
        "164620932047c7965f-3": {
          "type": "shipping",
          "settings": {
            "icon_themes": "door-lock",
            "icon": "lock",
            "title": "100% PAYMENT SECURE",
            "text": "<p>Payment 100% secured<\/p>"
          }
        }
      },
      "block_order": [
        "164620932047c7965f-0",
        "164620932047c7965f-1",
        "164620932047c7965f-2",
        "164620932047c7965f-3"
      ],
      "settings": {
        "design_heading": "2",
        "heading_align": "t4s-text-center",
        "top_heading": "",
        "icon_heading": "gem",
        "top_subheading": "",
        "tophead_mb": 30,
        "content_align": "text-start",
        "align_vertical": false,
        "design_padding": "1",
        "source": "themes_icon",
        "icon_des": "deafult",
        "icon_size": "large",
        "col_dk": "4",
        "col_tb": "2",
        "col_mb": "1",
        "border": false,
        "cl_bd": "#dddddd",
        "cl_ic": "#9e9e9e",
        "cl_hd": "#222222",
        "cl_cot": "#878787",
        "bg_item": "#ffffff",
        "space_h_item": "30",
        "space_v_item": "30",
        "space_h_item_mb": "10",
        "space_v_item_mb": "0",
        "carousel_mobile": true,
        "dots_cl": "dark",
        "dots_round": true,
        "layout": "t4s-container-wrap",
        "cl_bg": "",
        "cl_bg_gradient": "",
        "mg": ",,50px,",
        "pd": "",
        "mg_tb": ",,50px,",
        "pd_tb": "",
        "mg_mb": ",,30px,",
        "pd_mb": "",
        "use_cus_css": false,
        "code_cus_css": ".SectionID {\nbackground-color:red\n}"
      }
    },
    "164603504020ce33da": {
      "type": "collections-list-manual",
      "blocks": {
        "1646035040fee424aa-0": {
          "type": "collection_item",
          "settings": {
            "collection": "women",
            "image": "shopify:\/\/shop_images\/cat-01_92c75c93-7be4-4666-8849-19a9cc598cc8.jpg",
            "collection_title": "",
            "collection_link": ""
          }
        },
        "1646035040fee424aa-1": {
          "type": "collection_item",
          "settings": {
            "collection": "accessories",
            "image": "shopify:\/\/shop_images\/cat-02_02ec7fd1-79ac-4022-b944-2284726135c4.jpg",
            "collection_title": "Accesories",
            "collection_link": ""
          }
        },
        "1646035040fee424aa-2": {
          "type": "collection_item",
          "settings": {
            "collection": "default-2",
            "image": "shopify:\/\/shop_images\/cat-03_d4a5ca2b-d2ca-48b3-94bf-8492eed07768.jpg",
            "collection_title": "Summer outfit",
            "collection_link": ""
          }
        }
      },
      "block_order": [
        "1646035040fee424aa-0",
        "1646035040fee424aa-1",
        "1646035040fee424aa-2"
      ],
      "settings": {
        "design_heading": "2",
        "heading_align": "t4s-text-center",
        "top_heading": "",
        "icon_heading": "gem",
        "top_subheading": "",
        "tophead_mb": 30,
        "collection_des": "1",
        "title_cl": "#ffffff",
        "title_cl_hover": "#222222",
        "subtitle_cl": "#878787",
        "count_cl": "#222222",
        "border_cl": "#e5e5e5",
        "collection_subtitle": "Products",
        "open_link": "_self",
        "space_bottom": 20,
        "space_bottom_mb": 10,
        "border": false,
        "item_rd": 0,
        "img_effect": "zoom",
        "b_effect": "border-run",
        "image_position": "8",
        "coll_layout": "2",
        "layout": "t4s-container-wrap",
        "cl_bg": "",
        "cl_bg_gradient": "",
        "mg": ",,110px,",
        "pd": "",
        "mg_mb": ",,50px,",
        "pd_mb": "",
        "use_cus_css": false,
        "code_cus_css": ".SectionID {\nbackground-color:red\n}"
      }
    },
    "1646035317ea8b6928": {
      "type": "featured-collection",
      "settings": {
        "design_heading": "2",
        "heading_align": "t4s-text-center",
        "top_heading": "TRENDING",
        "icon_heading": "gem",
        "top_subheading": "Top view in this week",
        "tophead_mb": 30,
        "collection": "default",
        "product_des": "1",
        "show_vendor": false,
        "image_ratio": "rationt",
        "image_size": "cover",
        "image_position": "8",
        "content_align": "default",
        "limit": 10,
        "col_dk": "4",
        "col_tb": "2",
        "col_mb": "2",
        "space_h_item": "30",
        "space_v_item": "0",
        "space_h_item_mb": "10",
        "space_v_item_mb": "0",
        "layout_des": "2",
        "loop": true,
        "au_time": 0,
        "au_hover": true,
        "nav_btn": true,
        "btn_vi": "hover",
        "btn_owl": "outline",
        "btn_shape": "round",
        "btn_cl": "dark",
        "btn_size": "small",
        "btn_hidden_mobile": false,
        "nav_dot": false,
        "dot_owl": "default",
        "dots_cl": "dark",
        "dots_round": false,
        "dots_space": 9,
        "dots_hidden_mobile": false,
        "use_pagination": "load-more",
        "enable_bar_lm": false,
        "btn_icon": false,
        "button_style": "outline",
        "btns_size": "medium",
        "btns_cl": "default",
        "button_effect": "fade",
        "btn_pos": "t4s-text-center",
        "layout": "t4s-container-wrap",
        "cl_bg": "",
        "cl_bg_gradient": "",
        "mg": ",,92px,",
        "pd": "",
        "mg_mb": ",,50px,",
        "pd_mb": "",
        "use_cus_css": false,
        "code_cus_css": ".SectionID {\nbackground-color:red\n}"
      }
    },
    "164636762512464696": {
      "type": "products-deal-banner",
      "blocks": {
        "24209265-ecc3-4b59-88f0-c7c00250e055": {
          "type": "banner1",
          "settings": {
            "image": "shopify:\/\/shop_images\/bn-01.jpg",
            "url": "",
            "img_effect": "zoom",
            "b_effect": "none",
            "cv_pos": 88,
            "ch_pos": 16,
            "cv_pos_mb": 90,
            "ch_pos_mb": 16,
            "content_align": "start",
            "content_align_mobile": "start",
            "heading": "VIEW COLLECTIONS",
            "cl_t1": "#222222",
            "heading2": "LOOKBOOK",
            "cl_t2": "#222222",
            "heading3": "your world of fashion in numbers",
            "cl_t3": "#878787"
          }
        },
        "657995f6-4eb7-46ae-99ed-ef0c64754954": {
          "type": "product",
          "settings": {
            "product": "la-boheme-rose-gold",
            "content_align": "center",
            "content_align_mobile": "center",
            "date": "2022\/6\/26",
            "cdt_des": "2",
            "cdt_size": "large",
            "box_bdr": 10,
            "bd_width": 0,
            "space_item": 10,
            "number_cl": "#ffffff",
            "text_cl": "#878787",
            "border_cl": "#000000",
            "bg_cl": "#000000"
          }
        },
        "9c4ee4bd-475f-4a38-b03d-e3205954822e": {
          "type": "banner2",
          "settings": {
            "image": "shopify:\/\/shop_images\/bn-02.jpg",
            "url": "shopify:\/\/collections",
            "img_effect": "zoom",
            "b_effect": "none",
            "cv_pos": 50,
            "ch_pos": 50,
            "cv_pos_mb": 50,
            "ch_pos_mb": 50,
            "content_align": "center",
            "content_align_mobile": "center",
            "heading": "SUMMER SALE",
            "cl_t1": "#222222",
            "heading2": "UP TO 70%",
            "cl_t2": "#222222",
            "button_text": "Shop now",
            "btn_icon": false,
            "button_style": "outline",
            "btns_size": "medium",
            "btns_cl": "dark",
            "button_effect": "rectangle-out"
          }
        }
      },
      "block_order": [
        "24209265-ecc3-4b59-88f0-c7c00250e055",
        "657995f6-4eb7-46ae-99ed-ef0c64754954",
        "9c4ee4bd-475f-4a38-b03d-e3205954822e"
      ],
      "settings": {
        "show_vendor": false,
        "image_ratio": "rationt",
        "image_size": "cover",
        "image_position": "8",
        "equal_height": false,
        "space_h_item": "30",
        "space_v_item": "30",
        "space_h_item_mb": "10",
        "space_v_item_mb": "10",
        "layout": "t4s-container-wrap",
        "cl_bg": "",
        "cl_bg_gradient": "",
        "mg": ",,110px,",
        "pd": "",
        "mg_mb": ",,30px,",
        "pd_mb": "",
        "use_cus_css": false,
        "code_cus_css": ".SectionID {\nbackground-color:red\n}"
      }
    },
    "1646213133ca6ccb28": {
      "type": "tabs-collection",
      "blocks": {
        "16462131332b0cbe8f-0": {
          "type": "tab_item",
          "settings": {
            "tab_title": "Best Seller",
            "icon_title": "",
            "collection": "default-2",
            "product_des": "1",
            "show_vendor": false,
            "image_ratio": "ratioadapt",
            "image_size": "cover",
            "image_position": "8",
            "content_align": "start",
            "limit": 4,
            "col_dk": "4",
            "col_tb": "2",
            "col_mb": "2",
            "space_h_item": "30",
            "space_v_item": "30",
            "space_h_item_mb": "10",
            "space_v_item_mb": "10",
            "layout_des": "1",
            "loop": true,
            "au_time": 0,
            "au_hover": true,
            "nav_btn": true,
            "btn_vi": "hover",
            "btn_owl": "default",
            "btn_shape": "none",
            "btn_cl": "dark",
            "btn_size": "small",
            "btn_hidden_mobile": false,
            "nav_dot": true,
            "dot_owl": "default",
            "dots_cl": "dark",
            "dots_round": false,
            "dots_space": 10,
            "dots_hidden_mobile": false,
            "use_pagination": "none",
            "enable_bar_lm": true,
            "btn_icon": false,
            "button_style": "default",
            "btns_size": "medium",
            "btns_cl": "default",
            "button_effect": "fade",
            "btn_pos": "t4s-text-center"
          }
        },
        "16462131332b0cbe8f-1": {
          "type": "tab_item",
          "settings": {
            "tab_title": "Featured",
            "icon_title": "",
            "collection": "default",
            "product_des": "1",
            "show_vendor": false,
            "image_ratio": "ratioadapt",
            "image_size": "cover",
            "image_position": "8",
            "content_align": "start",
            "limit": 4,
            "col_dk": "4",
            "col_tb": "2",
            "col_mb": "2",
            "space_h_item": "30",
            "space_v_item": "30",
            "space_h_item_mb": "10",
            "space_v_item_mb": "10",
            "layout_des": "1",
            "loop": true,
            "au_time": 0,
            "au_hover": true,
            "nav_btn": true,
            "btn_vi": "hover",
            "btn_owl": "default",
            "btn_shape": "none",
            "btn_cl": "dark",
            "btn_size": "small",
            "btn_hidden_mobile": false,
            "nav_dot": true,
            "dot_owl": "default",
            "dots_cl": "dark",
            "dots_round": false,
            "dots_space": 10,
            "dots_hidden_mobile": false,
            "use_pagination": "none",
            "enable_bar_lm": true,
            "btn_icon": false,
            "button_style": "default",
            "btns_size": "medium",
            "btns_cl": "default",
            "button_effect": "fade",
            "btn_pos": "t4s-text-center"
          }
        },
        "d4677ba1-a973-43e1-8107-f73cdfc4d5f8": {
          "type": "tab_item",
          "settings": {
            "tab_title": "Top Rate",
            "icon_title": "",
            "collection": "default-2",
            "product_des": "1",
            "show_vendor": false,
            "image_ratio": "ratioadapt",
            "image_size": "cover",
            "image_position": "8",
            "content_align": "start",
            "limit": 4,
            "col_dk": "4",
            "col_tb": "2",
            "col_mb": "2",
            "space_h_item": "30",
            "space_v_item": "30",
            "space_h_item_mb": "10",
            "space_v_item_mb": "10",
            "layout_des": "1",
            "loop": true,
            "au_time": 0,
            "au_hover": true,
            "nav_btn": true,
            "btn_vi": "hover",
            "btn_owl": "default",
            "btn_shape": "none",
            "btn_cl": "dark",
            "btn_size": "small",
            "btn_hidden_mobile": false,
            "nav_dot": true,
            "dot_owl": "default",
            "dots_cl": "dark",
            "dots_round": false,
            "dots_space": 10,
            "dots_hidden_mobile": false,
            "use_pagination": "none",
            "enable_bar_lm": true,
            "btn_icon": false,
            "button_style": "default",
            "btns_size": "medium",
            "btns_cl": "default",
            "button_effect": "fade",
            "btn_pos": "t4s-text-center"
          }
        },
        "16462131332b0cbe8f-2": {
          "type": "tab_item",
          "settings": {
            "tab_title": "Sale",
            "icon_title": "",
            "collection": "sale",
            "product_des": "1",
            "show_vendor": false,
            "image_ratio": "ratioadapt",
            "image_size": "cover",
            "image_position": "8",
            "content_align": "start",
            "limit": 4,
            "col_dk": "4",
            "col_tb": "2",
            "col_mb": "2",
            "space_h_item": "30",
            "space_v_item": "30",
            "space_h_item_mb": "10",
            "space_v_item_mb": "10",
            "layout_des": "1",
            "loop": true,
            "au_time": 0,
            "au_hover": true,
            "nav_btn": true,
            "btn_vi": "hover",
            "btn_owl": "default",
            "btn_shape": "none",
            "btn_cl": "dark",
            "btn_size": "small",
            "btn_hidden_mobile": false,
            "nav_dot": true,
            "dot_owl": "default",
            "dots_cl": "dark",
            "dots_round": false,
            "dots_space": 10,
            "dots_hidden_mobile": false,
            "use_pagination": "none",
            "enable_bar_lm": true,
            "btn_icon": false,
            "button_style": "default",
            "btns_size": "medium",
            "btns_cl": "default",
            "button_effect": "fade",
            "btn_pos": "t4s-text-center"
          }
        }
      },
      "block_order": [
        "16462131332b0cbe8f-0",
        "16462131332b0cbe8f-1",
        "d4677ba1-a973-43e1-8107-f73cdfc4d5f8",
        "16462131332b0cbe8f-2"
      ],
      "settings": {
        "design_heading": "2",
        "heading_align": "t4s-text-center",
        "top_heading": "OUR PRODUCTS",
        "icon_heading": "gem",
        "top_subheading": "Top sale in this week",
        "tophead_mb": 30,
        "tabs_des": "border",
        "tabs_border": "dashed",
        "item_rounded": true,
        "item_cl": "#222222",
        "item_bg": "#222222",
        "item_cl_active": "#222222",
        "item_bg_active": "#222222",
        "space_between": 5,
        "tabs_pos": "center",
        "tabslist_mb": 30,
        "layout": "t4s-container-wrap",
        "cl_bg": "",
        "cl_bg_gradient": "",
        "mg": ",,85px,",
        "pd": "",
        "mg_mb": ",,30px,",
        "pd_mb": "",
        "use_cus_css": false,
        "code_cus_css": ".SectionID {\nbackground-color:red\n}"
      }
    },
    "16460368750174c54a": {
      "type": "blog-post",
      "settings": {
        "design_heading": "2",
        "heading_align": "t4s-text-center",
        "top_heading": "LATEST FROM BLOG",
        "icon_heading": "gem",
        "top_subheading": "The freshest and most exciting news",
        "tophead_mb": 30,
        "blog": "fashion",
        "post_des": "1",
        "show_cate": false,
        "show_tags": false,
        "show_cnt": true,
        "show_au": true,
        "show_dt": true,
        "show_cm": false,
        "show_rm": false,
        "show_irm": false,
        "date": "date",
        "content_align": "t4s-text-start",
        "limit": 3,
        "img_effect": "zoom",
        "b_effect": "pervasive-circle",
        "image_ratio": "ratio4_3",
        "image_size": "cover",
        "image_position": "8",
        "col_dk": "3",
        "col_tb": "2",
        "col_mb": "1",
        "space_h_item": "30",
        "space_v_item": "30",
        "space_h_item_mb": "10",
        "space_v_item_mb": "0",
        "layout_des": "2",
        "loop": false,
        "au_time": 0,
        "au_hover": true,
        "nav_btn": true,
        "btn_vi": "always",
        "btn_owl": "outline",
        "btn_shape": "round",
        "btn_cl": "dark",
        "btn_size": "small",
        "btn_hidden_mobile": false,
        "nav_dot": false,
        "dot_owl": "default",
        "dots_cl": "primary",
        "dots_round": false,
        "dots_space": 10,
        "dots_hidden_mobile": false,
        "use_pagination": "none",
        "enable_bar_lm": true,
        "btn_icon": true,
        "button_style": "outline",
        "btns_size": "medium",
        "btns_cl": "default",
        "button_effect": "fade",
        "btn_pos": "t4s-text-center",
        "layout": "t4s-container-wrap",
        "cl_bg": "",
        "cl_bg_gradient": "",
        "mg": ",,105px,",
        "pd": "",
        "mg_mb": ",,30px,",
        "pd_mb": "",
        "use_cus_css": false,
        "code_cus_css": ".SectionID {\nbackground-color:red\n}"
      }
    },
    "1646209857bf69e76a": {
      "type": "instagram-shop",
      "blocks": {
        "1646209857c01ad255-1": {
          "type": "img",
          "settings": {
            "image": "shopify:\/\/shop_images\/ins8_2022-03-02.jpg",
            "url": "",
            "product_1": "ribbed-stripe-top",
            "pos_t_1": 39,
            "pos_l_1": 38,
            "pos_popup_1": "top",
            "cl_pin_1": "dark",
            "product_2": "",
            "pos_t_2": 50,
            "pos_l_2": 50,
            "pos_popup_2": "top",
            "cl_pin_2": "dark",
            "product_3": "",
            "pos_t_3": 50,
            "pos_l_3": 50,
            "pos_popup_3": "top",
            "cl_pin_3": "light"
          }
        },
        "1646209857c01ad255-4": {
          "type": "img",
          "settings": {
            "image": "shopify:\/\/shop_images\/ins7_2022-03-02.jpg",
            "url": "",
            "product_1": "wide-fit-dusty",
            "pos_t_1": 74,
            "pos_l_1": 37,
            "pos_popup_1": "top",
            "cl_pin_1": "dark",
            "product_2": "",
            "pos_t_2": 50,
            "pos_l_2": 50,
            "pos_popup_2": "top",
            "cl_pin_2": "dark",
            "product_3": "",
            "pos_t_3": 50,
            "pos_l_3": 50,
            "pos_popup_3": "top",
            "cl_pin_3": "light"
          }
        },
        "1646209857c01ad255-2": {
          "type": "img",
          "settings": {
            "image": "shopify:\/\/shop_images\/ins6_2022-03-02.jpg",
            "url": "",
            "product_1": "short-sleeved-hoodie",
            "pos_t_1": 30,
            "pos_l_1": 60,
            "pos_popup_1": "top",
            "cl_pin_1": "dark",
            "product_2": "retro-lace-up-sneakers",
            "pos_t_2": 95,
            "pos_l_2": 43,
            "pos_popup_2": "top",
            "cl_pin_2": "dark",
            "product_3": "",
            "pos_t_3": 50,
            "pos_l_3": 50,
            "pos_popup_3": "top",
            "cl_pin_3": "light"
          }
        },
        "1646209857c01ad255-3": {
          "type": "img",
          "settings": {
            "image": "shopify:\/\/shop_images\/ins5_2022-03-02.jpg",
            "url": "",
            "product_1": "striped-long-sleeve-top",
            "pos_t_1": 50,
            "pos_l_1": 50,
            "pos_popup_1": "top",
            "cl_pin_1": "dark",
            "product_2": "",
            "pos_t_2": 50,
            "pos_l_2": 50,
            "pos_popup_2": "top",
            "cl_pin_2": "dark",
            "product_3": "",
            "pos_t_3": 50,
            "pos_l_3": 50,
            "pos_popup_3": "top",
            "cl_pin_3": "light"
          }
        },
        "1646209857c01ad255-5": {
          "type": "img",
          "settings": {
            "image": "shopify:\/\/shop_images\/ins4_2022-03-02.jpg",
            "url": "",
            "product_1": "long-sleeve-tie-front-top",
            "pos_t_1": 34,
            "pos_l_1": 74,
            "pos_popup_1": "top",
            "cl_pin_1": "dark",
            "product_2": "",
            "pos_t_2": 50,
            "pos_l_2": 50,
            "pos_popup_2": "top",
            "cl_pin_2": "dark",
            "product_3": "",
            "pos_t_3": 50,
            "pos_l_3": 50,
            "pos_popup_3": "top",
            "cl_pin_3": "light"
          }
        },
        "1646209857c01ad255-0": {
          "type": "img",
          "settings": {
            "image": "shopify:\/\/shop_images\/ins3_2022-03-02.jpg",
            "url": "",
            "product_1": "high-waist-straight-leg",
            "pos_t_1": 65,
            "pos_l_1": 50,
            "pos_popup_1": "top",
            "cl_pin_1": "dark",
            "product_2": "",
            "pos_t_2": 50,
            "pos_l_2": 50,
            "pos_popup_2": "top",
            "cl_pin_2": "dark",
            "product_3": "",
            "pos_t_3": 50,
            "pos_l_3": 50,
            "pos_popup_3": "top",
            "cl_pin_3": "light"
          }
        },
        "0051dfa6-432d-4e58-b343-7e0752f68b80": {
          "type": "img",
          "settings": {
            "image": "shopify:\/\/shop_images\/ins2_2022-03-02.jpg",
            "url": "",
            "product_1": "high-waist-skinny-jean",
            "pos_t_1": 50,
            "pos_l_1": 56,
            "pos_popup_1": "top",
            "cl_pin_1": "dark",
            "product_2": "",
            "pos_t_2": 50,
            "pos_l_2": 50,
            "pos_popup_2": "top",
            "cl_pin_2": "dark",
            "product_3": "",
            "pos_t_3": 50,
            "pos_l_3": 50,
            "pos_popup_3": "top",
            "cl_pin_3": "light"
          }
        },
        "ae083dc7-4338-494b-8f4b-e764a38d2a97": {
          "type": "img",
          "settings": {
            "image": "shopify:\/\/shop_images\/ins1_2022-03-02.jpg",
            "url": "",
            "product_1": "woleen-tee",
            "pos_t_1": 45,
            "pos_l_1": 36,
            "pos_popup_1": "top",
            "cl_pin_1": "dark",
            "product_2": "",
            "pos_t_2": 50,
            "pos_l_2": 50,
            "pos_popup_2": "top",
            "cl_pin_2": "dark",
            "product_3": "",
            "pos_t_3": 50,
            "pos_l_3": 50,
            "pos_popup_3": "top",
            "cl_pin_3": "light"
          }
        }
      },
      "block_order": [
        "1646209857c01ad255-1",
        "1646209857c01ad255-4",
        "1646209857c01ad255-2",
        "1646209857c01ad255-3",
        "1646209857c01ad255-5",
        "1646209857c01ad255-0",
        "0051dfa6-432d-4e58-b343-7e0752f68b80",
        "ae083dc7-4338-494b-8f4b-e764a38d2a97"
      ],
      "settings": {
        "design_heading": "2",
        "heading_align": "t4s-text-center",
        "top_heading": "@ FOLLOW US ON INSTAGRAM",
        "icon_heading": "gem",
        "top_subheading": "",
        "tophead_mb": 20,
        "layout_des": "2",
        "pr_pin_des": "1",
        "open_link": "_self",
        "space": "0",
        "space_mb": "0",
        "col_dk": "6",
        "col_tb": "3",
        "col_mb": "2",
        "image_ratio": "ratio1_1",
        "image_size": "cover",
        "image_position": "8",
        "image_bdr": 0,
        "loop": false,
        "au_time": 0,
        "au_hover": true,
        "nav_btn": true,
        "btn_vi": "always",
        "btn_owl": "outline",
        "btn_shape": "round",
        "btn_cl": "default",
        "btn_size": "small",
        "btn_hidden_mobile": false,
        "nav_dot": false,
        "dot_owl": "default",
        "dots_cl": "dark",
        "dots_round": false,
        "dots_space": 10,
        "dots_hidden_mobile": false,
        "layout": "t4s-container-fluid",
        "cl_bg": "",
        "cl_bg_gradient": "",
        "mg": "",
        "pd": "",
        "mg_mb": "",
        "pd_mb": ""
      }
    }
  },
  "order": [
    "1646377643f28f622c",
    "164620932069107a3a",
    "164603504020ce33da",
    "1646035317ea8b6928",
    "164636762512464696",
    "1646213133ca6ccb28",
    "16460368750174c54a",
    "1646209857bf69e76a"
  ]
}