{
  "sections": {
    "1649057404562675f5": {
      "type": "promo_text",
      "blocks": {
        "164905740474e7164a-0": {
          "type": "1",
          "settings": {
            "content": "<p>TODAY DEAL SALE OFF 70%. END IN [countdown]. <strong>HURRY UP!!!<\/strong><\/p>",
            "countdown": "2022\/12\/20",
            "cus_cd": "%-D day%!D %H:%M:%S",
            "dayx": 0,
            "cl_text": "#ffffff",
            "cl_link": "#56cfe1",
            "fw_text": 400,
            "fs_text": 10,
            "lh_text": 0,
            "ls_text": 0,
            "fs_mb_text": 10,
            "lh_text_mb": 0,
            "ls_mb_text": 0
          }
        }
      },
      "block_order": [
        "164905740474e7164a-0"
      ],
      "settings": {
        "effect": "slider",
        "au_time": 3,
        "layout": "t4s-container-wrap",
        "cl_bg": "#000000",
        "cl_bg_gradient": "",
        "mg": ",,,",
        "pd": "8.5px,,8.5px,",
        "mg_mb": ",,,",
        "pd_mb": "8px,,8px,",
        "use_cus_css": false,
        "code_cus_css": ".SectionID {\nbackground-color:red\n}"
      }
    },
    "1647427908519e25fd": {
      "type": "slideshow",
      "blocks": {
        "16474279070a0934ae-0": {
          "type": "image_parent",
          "settings": {
            "image": "shopify:\/\/shop_images\/slide1_1950x_6dd14510-ac90-4cc8-9d2b-b6424c5e907e.jpg",
            "image_position": "8",
            "cl_img": "",
            "link_img1": "",
            "open_link": "_blank",
            "animate_slide": "none",
            "text_align": "start",
            "text_align_mb": "start",
            "content_width": "auto",
            "cv_pos": 31,
            "ch_pos": 10,
            "cv_pos_mb": 31,
            "ch_pos_mb": 11,
            "bg_overlay": "#000000",
            "bg_opacity": 0,
            "bg_content_cl": "#222222",
            "bg_content_op": 100,
            "content_pd_tb": 20,
            "content_pd_lr": 20,
            "content_pd_tb_mb": 10,
            "content_pd_lr_mb": 10,
            "border_bl": false,
            "br_color": "#222222",
            "br_bg": "#ffffff",
            "br_opacity": 50,
            "br_style": "solid",
            "br_pd": 20,
            "br_pd_mb": 10,
            "time_animation": 1,
            "animation_delay": 40
          }
        },
        "16474279070a0934ae-1": {
          "type": "custom_text",
          "settings": {
            "text": "SPRING-SUMMER 2021",
            "remove_br_tag": false,
            "fontf": "1",
            "text_cl": "#ffffff",
            "text_fs": 16,
            "text_lh": 0,
            "text_fw": 400,
            "text_ls": 0,
            "text_mgb": 15,
            "font_italic": false,
            "text_shadow": false,
            "hidden_mobile": false,
            "text_fs_mb": 14,
            "text_lh_mb": 0,
            "text_ls_mb": 0,
            "text_mgb_mobile": 10,
            "animation": "none"
          }
        },
        "16474279070a0934ae-2": {
          "type": "custom_text",
          "settings": {
            "text": "CLEARANCE SALE!",
            "remove_br_tag": false,
            "fontf": "1",
            "text_cl": "#ffffff",
            "text_fs": 50,
            "text_lh": 0,
            "text_fw": 400,
            "text_ls": 0,
            "text_mgb": 30,
            "font_italic": false,
            "text_shadow": false,
            "hidden_mobile": false,
            "text_fs_mb": 25,
            "text_lh_mb": 0,
            "text_ls_mb": 0,
            "text_mgb_mobile": 20,
            "animation": "none"
          }
        },
        "16474279070a0934ae-3": {
          "type": "custom_button",
          "settings": {
            "button_text": "SHOP NOW",
            "button_link": "shopify:\/\/collections\/dress",
            "target_link": "_self",
            "fontf": "inherit",
            "button_icon_w": 14,
            "button_style": "default",
            "button_effect": "default",
            "pri_cl": "#222222",
            "second_cl": "#ffffff",
            "pri_cl_hover": "#222222",
            "second_cl_hover": "#ffffff",
            "fsbutton": 14,
            "fwbutton": 400,
            "button_ls": 0,
            "button_mh": 40,
            "button_bdr": 0,
            "button_pd_lr": 0,
            "button_mgb": 0,
            "hidden_mobile": false,
            "button_icon_w_mb": 14,
            "fsbutton_mb": 12,
            "button_mh_mb": 36,
            "button_pd_lr_mb": 0,
            "button_ls_mb": 0,
            "button_mgb_mb": 0,
            "animation": "none"
          }
        },
        "16474279070a0934ae-4": {
          "type": "image_parent",
          "settings": {
            "image": "shopify:\/\/shop_images\/slide2_1950x_91a25b90-6489-4b82-b4db-329f702944eb.jpg",
            "image_position": "8",
            "cl_img": "",
            "link_img1": "",
            "open_link": "_blank",
            "animate_slide": "none",
            "text_align": "start",
            "text_align_mb": "start",
            "content_width": "auto",
            "cv_pos": 31,
            "ch_pos": 10,
            "cv_pos_mb": 70,
            "ch_pos_mb": 82,
            "bg_overlay": "#000000",
            "bg_opacity": 0,
            "bg_content_cl": "#222222",
            "bg_content_op": 100,
            "content_pd_tb": 20,
            "content_pd_lr": 20,
            "content_pd_tb_mb": 10,
            "content_pd_lr_mb": 10,
            "border_bl": false,
            "br_color": "#222222",
            "br_bg": "#ffffff",
            "br_opacity": 50,
            "br_style": "solid",
            "br_pd": 20,
            "br_pd_mb": 10,
            "time_animation": 1,
            "animation_delay": 40
          }
        },
        "16474279070a0934ae-5": {
          "type": "custom_text",
          "settings": {
            "text": "FALL -  WINTER 2021",
            "remove_br_tag": false,
            "fontf": "1",
            "text_cl": "#ffffff",
            "text_fs": 16,
            "text_lh": 0,
            "text_fw": 400,
            "text_ls": 0,
            "text_mgb": 15,
            "font_italic": false,
            "text_shadow": false,
            "hidden_mobile": false,
            "text_fs_mb": 14,
            "text_lh_mb": 0,
            "text_ls_mb": 0,
            "text_mgb_mobile": 10,
            "animation": "none"
          }
        },
        "16474279070a0934ae-6": {
          "type": "custom_text",
          "settings": {
            "text": "SAVE UP TO 70%",
            "remove_br_tag": false,
            "fontf": "1",
            "text_cl": "#ffffff",
            "text_fs": 50,
            "text_lh": 0,
            "text_fw": 400,
            "text_ls": 0,
            "text_mgb": 30,
            "font_italic": false,
            "text_shadow": false,
            "hidden_mobile": false,
            "text_fs_mb": 25,
            "text_lh_mb": 0,
            "text_ls_mb": 0,
            "text_mgb_mobile": 20,
            "animation": "none"
          }
        },
        "16474279070a0934ae-7": {
          "type": "custom_button",
          "settings": {
            "button_text": "SHOP NOW",
            "button_link": "shopify:\/\/collections\/accessories",
            "target_link": "_self",
            "fontf": "inherit",
            "button_icon_w": 14,
            "button_style": "default",
            "button_effect": "default",
            "pri_cl": "#222222",
            "second_cl": "#ffffff",
            "pri_cl_hover": "#222222",
            "second_cl_hover": "#ffffff",
            "fsbutton": 14,
            "fwbutton": 400,
            "button_ls": 0,
            "button_mh": 40,
            "button_bdr": 0,
            "button_pd_lr": 0,
            "button_mgb": 0,
            "hidden_mobile": false,
            "button_icon_w_mb": 14,
            "fsbutton_mb": 12,
            "button_mh_mb": 36,
            "button_pd_lr_mb": 0,
            "button_ls_mb": 0,
            "button_mgb_mb": 0,
            "animation": "none"
          }
        }
      },
      "block_order": [
        "16474279070a0934ae-0",
        "16474279070a0934ae-1",
        "16474279070a0934ae-2",
        "16474279070a0934ae-3",
        "16474279070a0934ae-4",
        "16474279070a0934ae-5",
        "16474279070a0934ae-6",
        "16474279070a0934ae-7"
      ],
      "settings": {
        "se_height": "t4s_ratio_cuspx",
        "custom_dk": true,
        "height_dk": 600,
        "custom_tb": true,
        "height_tb": 500,
        "custom_mb": true,
        "height_mb": 250,
        "eff": "fade",
        "loop": true,
        "au_time": 0,
        "au_hover": true,
        "nav_btn": false,
        "btn_vi": "hover",
        "btn_owl": "default",
        "btn_shape": "none",
        "btn_cl": "dark",
        "btn_size": "small",
        "btn_hidden_mobile": false,
        "nav_dot": true,
        "dot_owl": "elessi",
        "dots_cl": "custom1",
        "dots_round": true,
        "dots_space": 10,
        "dots_hidden_mobile": false,
        "layout": "t4s-container-fluid",
        "cl_bg": "",
        "cl_bg_gradient": "",
        "mg": ",,90px,",
        "pd": "",
        "mg_mb": ",,50px,",
        "pd_mb": "",
        "use_cus_css": false,
        "code_cus_css": ".SectionID {\nbackground-color:red\n}"
      }
    },
    "1647478922ce3950d8": {
      "type": "custom-section",
      "blocks": {
        "164747892163e0f984-0": {
          "type": "bl_col",
          "settings": {
            "col_dk": "12",
            "col_tb": "6",
            "col_mb": "12",
            "align_vertical": true,
            "content_align": "center",
            "content_align_tablet": "center",
            "content_align_mobile": "center",
            "padding_inner": "",
            "padding_inner_mb": "",
            "bg_cl": "rgba(0,0,0,0)"
          }
        },
        "164747892163e0f984-1": {
          "type": "custom_text",
          "settings": {
            "text": "what are you looking for?",
            "remove_br_tag": false,
            "fontf": "3",
            "text_cl": "#293341",
            "text_fs": 30,
            "text_lh": 0,
            "text_fw": 600,
            "text_ls": 0,
            "font_italic": false,
            "text_shadow": false,
            "text_mgb": 13,
            "hidden_mobile": false,
            "text_fs_mb": 25,
            "text_lh_mb": 0,
            "text_ls_mb": 0,
            "text_mgb_mobile": 10
          }
        },
        "164747892163e0f984-2": {
          "type": "custom_text",
          "settings": {
            "text": "Mindfully crafted, our pieces sit on the crosswalk of style and comfort",
            "remove_br_tag": false,
            "fontf": "1",
            "text_cl": "#293341",
            "text_fs": 14,
            "text_lh": 0,
            "text_fw": 400,
            "text_ls": 0,
            "font_italic": false,
            "text_shadow": false,
            "text_mgb": 0,
            "hidden_mobile": false,
            "text_fs_mb": 14,
            "text_lh_mb": 0,
            "text_ls_mb": 0,
            "text_mgb_mobile": 0
          }
        }
      },
      "block_order": [
        "164747892163e0f984-0",
        "164747892163e0f984-1",
        "164747892163e0f984-2"
      ],
      "settings": {
        "space_h_item": "0",
        "space_v_item": "0",
        "space_h_item_mb": "0",
        "space_v_item_mb": "0",
        "layout": "t4s-container-wrap",
        "cl_bg": "",
        "cl_bg_gradient": "",
        "mg": ",,50px,",
        "pd": "",
        "mg_tb": ",,50px,",
        "pd_tb": "",
        "mg_mb": ",,50px,",
        "pd_mb": "",
        "use_cus_css": false,
        "code_cus_css": ".SectionID {\nbackground-color:red\n}"
      }
    },
    "1647479082ce5a547d": {
      "type": "banner",
      "blocks": {
        "16474790814f58b276-0": {
          "type": "b_item",
          "settings": {
            "custom_dk": true,
            "height_dk": 600,
            "custom_tb": true,
            "height_tb": 400,
            "custom_mb": true,
            "height_mb": 300,
            "image": "shopify:\/\/shop_images\/women_360x_45b80799-7393-45d9-b533-a151856c1cfa.jpg",
            "b_link": "shopify:\/\/collections\/women",
            "open_link": "_self",
            "img_effect": "zoom",
            "b_effect": "plus-zoom-overlay",
            "col_dk": "3",
            "col_tb": "6",
            "col_mb": "6",
            "content_align": "center",
            "content_align_mobile": "center",
            "content_width": "auto",
            "cv_pos": 92,
            "ch_pos": 50,
            "cv_pos_mb": 92,
            "ch_pos_mb": 50,
            "bg_overlay": "#000000",
            "bg_opacity": 0,
            "bg_content_bl": false,
            "bg_content_cl": "#ffffff",
            "bg_content_op": 50,
            "content_pd_tb": 20,
            "content_pd_lr": 20,
            "content_pd_tb_mb": 10,
            "content_pd_lr_mb": 10,
            "border_bl": false,
            "br_color": "#222222",
            "br_bg": "#ffffff",
            "br_opacity": 50,
            "br_style": "solid",
            "br_pd": 20,
            "br_pd_mb": 10,
            "time_animation": 1,
            "animation_delay": 40
          }
        },
        "1ced0a5b-b527-4588-beb8-97a9484b95ba": {
          "type": "custom_button",
          "settings": {
            "button_text": "WOMEN",
            "button_link": "shopify:\/\/collections\/women",
            "target_link": "_self",
            "fontf": "1",
            "button_icon_w": 0,
            "button_style": "default",
            "button_effect": "fade",
            "pri_cl": "#000000",
            "second_cl": "#ffffff",
            "pri_cl_hover": "#000000",
            "second_cl_hover": "#ffffff",
            "fsbutton": 14,
            "fwbutton": 400,
            "button_ls": 0,
            "button_mh": 40,
            "button_bdr": 0,
            "button_pd_lr": 48,
            "button_mgb": 0,
            "hidden_mobile": false,
            "button_icon_w_mb": 0,
            "fsbutton_mb": 14,
            "button_mh_mb": 38,
            "button_pd_lr_mb": 42,
            "button_ls_mb": 0,
            "button_mgb_mb": 0,
            "animation": "none"
          }
        },
        "16474790814f58b276-3": {
          "type": "b_item",
          "settings": {
            "custom_dk": true,
            "height_dk": 600,
            "custom_tb": true,
            "height_tb": 400,
            "custom_mb": true,
            "height_mb": 300,
            "image": "shopify:\/\/shop_images\/big-sale_720x_d02d9b59-99b6-4fe3-9673-c3ceca8b591a.jpg",
            "b_link": "shopify:\/\/collections\/best-seller",
            "open_link": "_self",
            "img_effect": "zoom",
            "b_effect": "plus-zoom-overlay",
            "col_dk": "6",
            "col_tb": "6",
            "col_mb": "12",
            "content_align": "center",
            "content_align_mobile": "center",
            "content_width": "auto",
            "cv_pos": 90,
            "ch_pos": 50,
            "cv_pos_mb": 85,
            "ch_pos_mb": 50,
            "bg_overlay": "#000000",
            "bg_opacity": 0,
            "bg_content_bl": true,
            "bg_content_cl": "#000000",
            "bg_content_op": 100,
            "content_pd_tb": 20,
            "content_pd_lr": 57,
            "content_pd_tb_mb": 12,
            "content_pd_lr_mb": 30,
            "border_bl": true,
            "br_color": "#f6f6f8",
            "br_bg": "#000000",
            "br_opacity": 100,
            "br_style": "solid",
            "br_pd": 10,
            "br_pd_mb": 10,
            "time_animation": 1,
            "animation_delay": 40
          }
        },
        "16474790814f58b276-4": {
          "type": "custom_text",
          "settings": {
            "text": "BLACK FRIDAY",
            "remove_br_tag": false,
            "fontf": "1",
            "text_cl": "#ffffff",
            "text_fs": 16,
            "text_lh": 0,
            "text_fw": 400,
            "text_ls": 0,
            "font_italic": false,
            "text_shadow": false,
            "text_mgb": 10,
            "hidden_mobile": false,
            "text_fs_mb": 14,
            "text_lh_mb": 0,
            "text_ls_mb": 0,
            "text_mgb_mobile": 10,
            "animation": "none"
          }
        },
        "16474790814f58b276-5": {
          "type": "custom_text",
          "settings": {
            "text": "BUY 2 GET 1 FREE",
            "remove_br_tag": false,
            "fontf": "1",
            "text_cl": "#ffffff",
            "text_fs": 30,
            "text_lh": 0,
            "text_fw": 600,
            "text_ls": 0,
            "font_italic": false,
            "text_shadow": false,
            "text_mgb": 0,
            "hidden_mobile": false,
            "text_fs_mb": 24,
            "text_lh_mb": 0,
            "text_ls_mb": 0,
            "text_mgb_mobile": 0,
            "animation": "none"
          }
        },
        "96ee2d5d-252f-4958-814f-54866209ff5d": {
          "type": "b_item",
          "settings": {
            "custom_dk": true,
            "height_dk": 600,
            "custom_tb": true,
            "height_tb": 400,
            "custom_mb": true,
            "height_mb": 300,
            "image": "shopify:\/\/shop_images\/men_360x_3f86875f-e90e-43e9-bca4-ab3520a2c7da.jpg",
            "b_link": "shopify:\/\/collections\/men",
            "open_link": "_self",
            "img_effect": "zoom",
            "b_effect": "plus-zoom-overlay",
            "col_dk": "3",
            "col_tb": "6",
            "col_mb": "6",
            "content_align": "center",
            "content_align_mobile": "center",
            "content_width": "auto",
            "cv_pos": 91,
            "ch_pos": 50,
            "cv_pos_mb": 91,
            "ch_pos_mb": 50,
            "bg_overlay": "#000000",
            "bg_opacity": 0,
            "bg_content_bl": false,
            "bg_content_cl": "#ffffff",
            "bg_content_op": 50,
            "content_pd_tb": 20,
            "content_pd_lr": 20,
            "content_pd_tb_mb": 10,
            "content_pd_lr_mb": 10,
            "border_bl": false,
            "br_color": "#222222",
            "br_bg": "#ffffff",
            "br_opacity": 50,
            "br_style": "solid",
            "br_pd": 20,
            "br_pd_mb": 10,
            "time_animation": 1,
            "animation_delay": 40
          }
        },
        "078a4d99-0114-4ae4-be41-865a0d637952": {
          "type": "custom_button",
          "settings": {
            "button_text": "MEN",
            "button_link": "shopify:\/\/collections\/men",
            "target_link": "_self",
            "fontf": "1",
            "button_icon_w": 0,
            "button_style": "default",
            "button_effect": "fade",
            "pri_cl": "#000000",
            "second_cl": "#ffffff",
            "pri_cl_hover": "#000000",
            "second_cl_hover": "#ffffff",
            "fsbutton": 14,
            "fwbutton": 400,
            "button_ls": 0,
            "button_mh": 42,
            "button_bdr": 0,
            "button_pd_lr": 60,
            "button_mgb": 0,
            "hidden_mobile": false,
            "button_icon_w_mb": 0,
            "fsbutton_mb": 14,
            "button_mh_mb": 38,
            "button_pd_lr_mb": 56,
            "button_ls_mb": 0,
            "button_mgb_mb": 0,
            "animation": "none"
          }
        }
      },
      "block_order": [
        "16474790814f58b276-0",
        "1ced0a5b-b527-4588-beb8-97a9484b95ba",
        "16474790814f58b276-3",
        "16474790814f58b276-4",
        "16474790814f58b276-5",
        "96ee2d5d-252f-4958-814f-54866209ff5d",
        "078a4d99-0114-4ae4-be41-865a0d637952"
      ],
      "settings": {
        "image_ratio": "ratioadapt",
        "image_size": "cover",
        "image_position": "8",
        "equal_height": false,
        "space_h_item": "30",
        "space_v_item": "30",
        "space_h_item_mb": "10",
        "space_v_item_mb": "10",
        "layout": "t4s-container-wrap",
        "cl_bg": "",
        "cl_bg_gradient": "",
        "mg": ",,60px,",
        "pd": "",
        "mg_mb": ",,30px,",
        "pd_mb": "",
        "use_cus_css": false,
        "code_cus_css": ".SectionID {\nbackground-color:red\n}"
      }
    },
    "164744520091adad6a": {
      "type": "featured-collection",
      "settings": {
        "design_heading": "1",
        "heading_align": "t4s-text-center",
        "top_heading": "black friday deal",
        "icon_heading": "las la-gem",
        "top_subheading": "flash sale more special deal off to 70% and free shipping",
        "tophead_mb": 30,
        "collection": "fashion",
        "product_des": "1",
        "show_vendor": false,
        "image_ratio": "ratioadapt",
        "image_size": "cover",
        "image_position": "8",
        "content_align": "default",
        "limit": 8,
        "col_dk": "4",
        "col_tb": "3",
        "col_mb": "2",
        "space_h_item": "30",
        "space_v_item": "30",
        "space_h_item_mb": "10",
        "space_v_item_mb": "10",
        "layout_des": "2",
        "loop": true,
        "au_time": 0,
        "au_hover": true,
        "nav_btn": true,
        "btn_vi": "hover",
        "btn_owl": "default",
        "btn_shape": "rotate",
        "btn_cl": "dark",
        "btn_size": "small",
        "btn_hidden_mobile": false,
        "nav_dot": false,
        "dot_owl": "default",
        "dots_cl": "dark",
        "dots_round": false,
        "dots_space": 10,
        "dots_hidden_mobile": false,
        "use_pagination": "load-more",
        "enable_bar_lm": false,
        "btn_icon": false,
        "button_style": "outline",
        "btns_size": "medium",
        "btns_cl": "primary",
        "button_effect": "fade",
        "btn_pos": "t4s-text-center",
        "layout": "t4s-container-fluid",
        "cl_bg": "",
        "cl_bg_gradient": "",
        "mg": ",,90px,",
        "pd": ",30px,,30px",
        "mg_mb": ",,60px,",
        "pd_mb": ",10px,,10px",
        "use_cus_css": false,
        "code_cus_css": ".SectionID {\nbackground-color:red\n}"
      }
    },
    "16474802428eaad5f5": {
      "type": "hero_image",
      "blocks": {
        "164748024195f2fbf4-0": {
          "type": "custom_text",
          "settings": {
            "text": "DEAL OF THE DAY",
            "remove_br_tag": false,
            "fontf": "1",
            "text_cl": "#000000",
            "text_fs": 50,
            "text_lh": 0,
            "text_fw": 400,
            "text_ls": 0,
            "text_mgb": 10,
            "font_italic": false,
            "text_shadow": false,
            "hidden_mobile": false,
            "text_fs_mb": 29,
            "text_lh_mb": 0,
            "text_ls_mb": 0,
            "text_mgb_mobile": 10,
            "animation": "none"
          }
        },
        "164748024195f2fbf4-1": {
          "type": "custom_text",
          "settings": {
            "text": "Years of experience brought about by our skilled craftsmen could ensure that every piece",
            "remove_br_tag": false,
            "fontf": "1",
            "text_cl": "#000000",
            "text_fs": 14,
            "text_lh": 0,
            "text_fw": 400,
            "text_ls": 0,
            "text_mgb": 15,
            "font_italic": false,
            "text_shadow": false,
            "hidden_mobile": false,
            "text_fs_mb": 14,
            "text_lh_mb": 0,
            "text_ls_mb": 0,
            "text_mgb_mobile": 10,
            "animation": "none"
          }
        },
        "164748024195f2fbf4-2": {
          "type": "custom_button",
          "settings": {
            "button_text": "shop now",
            "button_link": "shopify:\/\/collections",
            "target_link": "_self",
            "fontf": "1",
            "button_icon_w": 14,
            "button_style": "default",
            "button_effect": "default",
            "pri_cl": "#222222",
            "second_cl": "#ffffff",
            "pri_cl_hover": "#222222",
            "second_cl_hover": "#ffffff",
            "fsbutton": 14,
            "fwbutton": 600,
            "button_ls": 0,
            "button_mh": 42,
            "button_bdr": 0,
            "button_pd_lr": 36,
            "button_mgb": 0,
            "hidden_mobile": false,
            "button_icon_w_mb": 10,
            "fsbutton_mb": 16,
            "button_mh_mb": 42,
            "button_pd_lr_mb": 35,
            "button_ls_mb": 0,
            "button_mgb_mb": 0,
            "animation": "none"
          }
        }
      },
      "block_order": [
        "164748024195f2fbf4-0",
        "164748024195f2fbf4-1",
        "164748024195f2fbf4-2"
      ],
      "settings": {
        "se_height": "t4s_ratio_cuspx",
        "custom_dk": true,
        "height_dk": 473,
        "custom_tb": true,
        "height_tb": 400,
        "custom_mb": true,
        "height_mb": 250,
        "image": "shopify:\/\/shop_images\/deal-of-the-day_1950x_8b7ff134-f95c-46fd-8014-4c3adc0071a4.jpg",
        "parallax": false,
        "image_position": "8",
        "link_img1": "",
        "open_link": "_blank",
        "text_align": "start",
        "text_align_mb": "start",
        "content_width": "container",
        "cv_pos": 50,
        "ch_pos": 0,
        "cv_pos_mb": 50,
        "ch_pos_mb": 45,
        "bg_overlay": "#000000",
        "bg_opacity": 0,
        "bg_content_cl": "#ffffff",
        "bg_content_op": 0,
        "content_pd_tb": 20,
        "content_pd_lr": 20,
        "content_pd_tb_mb": 10,
        "content_pd_lr_mb": 10,
        "border_bl": false,
        "br_color": "#222222",
        "br_bg": "#ffffff",
        "br_opacity": 50,
        "br_style": "solid",
        "br_pd": 20,
        "br_pd_mb": 10,
        "time_animation": 1,
        "animation_delay": 40,
        "layout": "t4s-container-fluid",
        "cl_bg": "",
        "cl_bg_gradient": "",
        "mg": ",,90px,",
        "pd": "",
        "mg_mb": ",,30px,",
        "pd_mb": "",
        "use_cus_css": false,
        "code_cus_css": ".SectionID {\nbackground-color:red\n}"
      }
    },
    "1647480930c6e4abdb": {
      "type": "featured-collection",
      "settings": {
        "design_heading": "1",
        "heading_align": "t4s-text-center",
        "top_heading": "new arrivals",
        "icon_heading": "las la-gem",
        "top_subheading": "most trending items for all days view",
        "tophead_mb": 30,
        "collection": "fashion",
        "product_des": "1",
        "show_vendor": false,
        "image_ratio": "ratioadapt",
        "image_size": "cover",
        "image_position": "8",
        "content_align": "default",
        "limit": 4,
        "col_dk": "4",
        "col_tb": "2",
        "col_mb": "2",
        "space_h_item": "30",
        "space_v_item": "30",
        "space_h_item_mb": "10",
        "space_v_item_mb": "10",
        "layout_des": "1",
        "loop": true,
        "au_time": 0,
        "au_hover": true,
        "nav_btn": true,
        "btn_vi": "hover",
        "btn_owl": "default",
        "btn_shape": "none",
        "btn_cl": "dark",
        "btn_size": "small",
        "btn_hidden_mobile": false,
        "nav_dot": false,
        "dot_owl": "default",
        "dots_cl": "dark",
        "dots_round": false,
        "dots_space": 10,
        "dots_hidden_mobile": false,
        "use_pagination": "none",
        "enable_bar_lm": true,
        "btn_icon": false,
        "button_style": "default",
        "btns_size": "medium",
        "btns_cl": "default",
        "button_effect": "fade",
        "btn_pos": "t4s-text-center",
        "layout": "t4s-container-wrap",
        "cl_bg": "",
        "cl_bg_gradient": "",
        "mg": ",,90px,",
        "pd": "",
        "mg_mb": ",,30px,",
        "pd_mb": "",
        "use_cus_css": false,
        "code_cus_css": ".SectionID {\nbackground-color:red\n}"
      }
    },
    "1647416225a34bc8e7": {
      "type": "banner",
      "blocks": {
        "16474162240c07d954-0": {
          "type": "b_item",
          "settings": {
            "custom_dk": true,
            "height_dk": 600,
            "custom_tb": true,
            "height_tb": 400,
            "custom_mb": true,
            "height_mb": 300,
            "image": "shopify:\/\/shop_images\/Group_15_720x_b90f8adc-e928-4a98-bb2b-a154b9fdce68.jpg",
            "b_link": "shopify:\/\/collections",
            "open_link": "_self",
            "img_effect": "zoom",
            "b_effect": "plus-zoom-overlay",
            "col_dk": "6",
            "col_tb": "6",
            "col_mb": "12",
            "content_align": "start",
            "content_align_mobile": "center",
            "content_width": "auto",
            "cv_pos": 80,
            "ch_pos": 26,
            "cv_pos_mb": 50,
            "ch_pos_mb": 50,
            "bg_overlay": "#000000",
            "bg_opacity": 0,
            "bg_content_bl": false,
            "bg_content_cl": "#ffffff",
            "bg_content_op": 50,
            "content_pd_tb": 20,
            "content_pd_lr": 20,
            "content_pd_tb_mb": 10,
            "content_pd_lr_mb": 10,
            "border_bl": false,
            "br_color": "#222222",
            "br_bg": "#ffffff",
            "br_opacity": 50,
            "br_style": "solid",
            "br_pd": 20,
            "br_pd_mb": 10,
            "time_animation": 1,
            "animation_delay": 40
          }
        },
        "16474162240c07d954-2": {
          "type": "custom_text",
          "settings": {
            "text": "The latest on-trend styles",
            "remove_br_tag": false,
            "fontf": "1",
            "text_cl": "#ffffff",
            "text_fs": 16,
            "text_lh": 0,
            "text_fw": 400,
            "text_ls": 0,
            "font_italic": false,
            "text_shadow": false,
            "text_mgb": 5,
            "hidden_mobile": false,
            "text_fs_mb": 14,
            "text_lh_mb": 0,
            "text_ls_mb": 0,
            "text_mgb_mobile": 5,
            "animation": "none"
          }
        },
        "16474162240c07d954-1": {
          "type": "custom_text",
          "settings": {
            "text": "Check out our latest range",
            "remove_br_tag": false,
            "fontf": "3",
            "text_cl": "#ffffff",
            "text_fs": 36,
            "text_lh": 0,
            "text_fw": 600,
            "text_ls": 0,
            "font_italic": false,
            "text_shadow": false,
            "text_mgb": 15,
            "hidden_mobile": false,
            "text_fs_mb": 25,
            "text_lh_mb": 0,
            "text_ls_mb": 0,
            "text_mgb_mobile": 10,
            "animation": "none"
          }
        },
        "3201dcca-e325-40fa-a979-c6b021999307": {
          "type": "custom_button",
          "settings": {
            "button_text": "shop now",
            "button_link": "shopify:\/\/collections",
            "target_link": "_self",
            "fontf": "inherit",
            "button_icon_w": 14,
            "button_style": "default",
            "button_effect": "default",
            "pri_cl": "#222222",
            "second_cl": "#ffffff",
            "pri_cl_hover": "#222222",
            "second_cl_hover": "#ffffff",
            "fsbutton": 14,
            "fwbutton": 400,
            "button_ls": 0,
            "button_mh": 40,
            "button_bdr": 0,
            "button_pd_lr": 30,
            "button_mgb": 0,
            "hidden_mobile": false,
            "button_icon_w_mb": 0,
            "fsbutton_mb": 12,
            "button_mh_mb": 36,
            "button_pd_lr_mb": 15,
            "button_ls_mb": 0,
            "button_mgb_mb": 0,
            "animation": "none"
          }
        },
        "16474162240c07d954-3": {
          "type": "b_item",
          "settings": {
            "custom_dk": true,
            "height_dk": 600,
            "custom_tb": true,
            "height_tb": 400,
            "custom_mb": true,
            "height_mb": 300,
            "image": "shopify:\/\/shop_images\/Group_16_720x_819d32b1-db10-4209-8f5e-02af05ce1a0c.jpg",
            "b_link": "shopify:\/\/collections",
            "open_link": "_self",
            "img_effect": "zoom",
            "b_effect": "plus-zoom-overlay",
            "col_dk": "6",
            "col_tb": "6",
            "col_mb": "12",
            "content_align": "center",
            "content_align_mobile": "center",
            "content_width": "auto",
            "cv_pos": 50,
            "ch_pos": 50,
            "cv_pos_mb": 50,
            "ch_pos_mb": 50,
            "bg_overlay": "#000000",
            "bg_opacity": 0,
            "bg_content_bl": false,
            "bg_content_cl": "#ffffff",
            "bg_content_op": 50,
            "content_pd_tb": 20,
            "content_pd_lr": 20,
            "content_pd_tb_mb": 10,
            "content_pd_lr_mb": 10,
            "border_bl": false,
            "br_color": "#222222",
            "br_bg": "#ffffff",
            "br_opacity": 50,
            "br_style": "solid",
            "br_pd": 20,
            "br_pd_mb": 10,
            "time_animation": 1,
            "animation_delay": 40
          }
        },
        "4933bc63-50c5-47a0-a802-ead19dfc739b": {
          "type": "custom_text",
          "settings": {
            "text": "Shop our most popular products",
            "remove_br_tag": false,
            "fontf": "1",
            "text_cl": "#ffffff",
            "text_fs": 16,
            "text_lh": 0,
            "text_fw": 400,
            "text_ls": 0,
            "font_italic": false,
            "text_shadow": false,
            "text_mgb": 10,
            "hidden_mobile": false,
            "text_fs_mb": 20,
            "text_lh_mb": 0,
            "text_ls_mb": 0,
            "text_mgb_mobile": 5,
            "animation": "none"
          }
        },
        "16474162240c07d954-5": {
          "type": "custom_text",
          "settings": {
            "text": "Lookbook Collections",
            "remove_br_tag": false,
            "fontf": "3",
            "text_cl": "#ffffff",
            "text_fs": 36,
            "text_lh": 0,
            "text_fw": 600,
            "text_ls": 0,
            "font_italic": false,
            "text_shadow": false,
            "text_mgb": 20,
            "hidden_mobile": false,
            "text_fs_mb": 16,
            "text_lh_mb": 0,
            "text_ls_mb": 0,
            "text_mgb_mobile": 10,
            "animation": "none"
          }
        },
        "7d718af8-d147-4b67-b86e-fe11333b0e1a": {
          "type": "custom_button",
          "settings": {
            "button_text": "shop now",
            "button_link": "shopify:\/\/collections",
            "target_link": "_self",
            "fontf": "inherit",
            "button_icon_w": 14,
            "button_style": "default",
            "button_effect": "fade",
            "pri_cl": "#222222",
            "second_cl": "#ffffff",
            "pri_cl_hover": "#222222",
            "second_cl_hover": "#ffffff",
            "fsbutton": 14,
            "fwbutton": 400,
            "button_ls": 0,
            "button_mh": 40,
            "button_bdr": 0,
            "button_pd_lr": 30,
            "button_mgb": 0,
            "hidden_mobile": false,
            "button_icon_w_mb": 0,
            "fsbutton_mb": 12,
            "button_mh_mb": 36,
            "button_pd_lr_mb": 15,
            "button_ls_mb": 0,
            "button_mgb_mb": 0,
            "animation": "none"
          }
        }
      },
      "block_order": [
        "16474162240c07d954-0",
        "16474162240c07d954-2",
        "16474162240c07d954-1",
        "3201dcca-e325-40fa-a979-c6b021999307",
        "16474162240c07d954-3",
        "4933bc63-50c5-47a0-a802-ead19dfc739b",
        "16474162240c07d954-5",
        "7d718af8-d147-4b67-b86e-fe11333b0e1a"
      ],
      "settings": {
        "image_ratio": "ratio16_9",
        "image_size": "cover",
        "image_position": "8",
        "equal_height": false,
        "space_h_item": "30",
        "space_v_item": "30",
        "space_h_item_mb": "10",
        "space_v_item_mb": "10",
        "layout": "t4s-container-wrap",
        "cl_bg": "",
        "cl_bg_gradient": "",
        "mg": ",,90px,",
        "pd": "",
        "mg_mb": ",,30px,",
        "pd_mb": "",
        "use_cus_css": false,
        "code_cus_css": ".SectionID {\nbackground-color:red\n}"
      }
    },
    "1647458599b8f540d8": {
      "type": "featured-collection",
      "settings": {
        "design_heading": "1",
        "heading_align": "t4s-text-center",
        "top_heading": "what’s hot",
        "icon_heading": "las la-gem",
        "top_subheading": "most trending items for all days view",
        "tophead_mb": 30,
        "collection": "fashion",
        "product_des": "1",
        "show_vendor": false,
        "image_ratio": "ratioadapt",
        "image_size": "cover",
        "image_position": "8",
        "content_align": "default",
        "limit": 4,
        "col_dk": "4",
        "col_tb": "2",
        "col_mb": "2",
        "space_h_item": "30",
        "space_v_item": "30",
        "space_h_item_mb": "10",
        "space_v_item_mb": "10",
        "layout_des": "1",
        "loop": true,
        "au_time": 0,
        "au_hover": true,
        "nav_btn": true,
        "btn_vi": "hover",
        "btn_owl": "default",
        "btn_shape": "none",
        "btn_cl": "dark",
        "btn_size": "small",
        "btn_hidden_mobile": false,
        "nav_dot": true,
        "dot_owl": "default",
        "dots_cl": "dark",
        "dots_round": false,
        "dots_space": 10,
        "dots_hidden_mobile": false,
        "use_pagination": "none",
        "enable_bar_lm": true,
        "btn_icon": false,
        "button_style": "default",
        "btns_size": "medium",
        "btns_cl": "default",
        "button_effect": "fade",
        "btn_pos": "t4s-text-center",
        "layout": "t4s-container-wrap",
        "cl_bg": "",
        "cl_bg_gradient": "",
        "mg": ",,50px,",
        "pd": "",
        "mg_mb": ",,30px,",
        "pd_mb": "",
        "use_cus_css": false,
        "code_cus_css": ".SectionID {\nbackground-color:red\n}"
      }
    },
    "1647418816dd2ce726": {
      "type": "blog-post",
      "settings": {
        "design_heading": "1",
        "heading_align": "t4s-text-center",
        "top_heading": "from the blogs",
        "icon_heading": "las la-gem",
        "top_subheading": "the freshest and most exciting news",
        "tophead_mb": 30,
        "blog": "fashion-11",
        "post_des": "2",
        "show_cate": false,
        "show_tags": false,
        "show_cnt": true,
        "show_au": false,
        "show_dt": true,
        "show_cm": false,
        "show_rm": false,
        "show_irm": false,
        "date": "date",
        "content_align": "t4s-text-start",
        "limit": 8,
        "img_effect": "zoom",
        "b_effect": "pervasive-circle",
        "image_ratio": "ratioadapt",
        "image_size": "cover",
        "image_position": "8",
        "col_dk": "3",
        "col_tb": "2",
        "col_mb": "1",
        "space_h_item": "30",
        "space_v_item": "30",
        "space_h_item_mb": "10",
        "space_v_item_mb": "10",
        "layout_des": "1",
        "loop": true,
        "au_time": 0,
        "au_hover": true,
        "nav_btn": true,
        "btn_vi": "hover",
        "btn_owl": "default",
        "btn_shape": "none",
        "btn_cl": "dark",
        "btn_size": "small",
        "btn_hidden_mobile": false,
        "nav_dot": true,
        "dot_owl": "default",
        "dots_cl": "dark",
        "dots_round": false,
        "dots_space": 10,
        "dots_hidden_mobile": false,
        "use_pagination": "none",
        "enable_bar_lm": true,
        "btn_icon": false,
        "button_style": "default",
        "btns_size": "medium",
        "btns_cl": "default",
        "button_effect": "fade",
        "btn_pos": "t4s-text-center",
        "layout": "t4s-container-wrap",
        "cl_bg": "",
        "cl_bg_gradient": "",
        "mg": ",,110px,",
        "pd": "",
        "mg_mb": ",,30px,",
        "pd_mb": "",
        "use_cus_css": true,
        "code_cus_css": ".t4s_nt_se_template--15799252451584__1647418816dd2ce726 .t4s-post-thumb{\nmargin-bottom:20px;\n}\n.t4s_nt_se_template--15799252451584__1647418816dd2ce726 .t4s-post-item .t4s-post-title{\nmargin-top:15px;\n}"
      }
    },
    "16474594165d446b5f": {
      "type": "custom-section",
      "blocks": {
        "1647459416f8f4bd6f-0": {
          "type": "bl_col",
          "settings": {
            "col_dk": "6",
            "col_tb": "6",
            "col_mb": "12",
            "align_vertical": true,
            "content_align": "start",
            "content_align_tablet": "center",
            "content_align_mobile": "center",
            "padding_inner": "30px,,30px",
            "padding_inner_mb": "",
            "bg_cl": "rgba(0,0,0,0)"
          }
        },
        "1647459416f8f4bd6f-1": {
          "type": "custom_text",
          "settings": {
            "text": "Subscribe + Get Free Express Shipping!",
            "remove_br_tag": false,
            "fontf": "3",
            "text_cl": "#222222",
            "text_fs": 20,
            "text_lh": 24,
            "text_fw": 600,
            "text_ls": 0,
            "font_italic": false,
            "text_shadow": false,
            "text_mgb": 5,
            "hidden_mobile": false,
            "text_fs_mb": 16,
            "text_lh_mb": 24,
            "text_ls_mb": 0,
            "text_mgb_mobile": 5
          }
        },
        "1647459416f8f4bd6f-2": {
          "type": "custom_text",
          "settings": {
            "text": "Sign up for emails and receive early access to new arrivals, sales, events + more.",
            "remove_br_tag": false,
            "fontf": "1",
            "text_cl": "#878787",
            "text_fs": 14,
            "text_lh": 0,
            "text_fw": 400,
            "text_ls": 0,
            "font_italic": false,
            "text_shadow": false,
            "text_mgb": 0,
            "hidden_mobile": false,
            "text_fs_mb": 16,
            "text_lh_mb": 0,
            "text_ls_mb": 0,
            "text_mgb_mobile": 10
          }
        },
        "1647459416f8f4bd6f-3": {
          "type": "bl_col",
          "settings": {
            "col_dk": "6",
            "col_tb": "6",
            "col_mb": "12",
            "align_vertical": true,
            "content_align": "start",
            "content_align_tablet": "center",
            "content_align_mobile": "center",
            "padding_inner": "30px,,30px",
            "padding_inner_mb": "",
            "bg_cl": "rgba(0,0,0,0)"
          }
        },
        "1647459416f8f4bd6f-4": {
          "type": "newsletter",
          "settings": {
            "form_width": 0,
            "form_width_mb": 0,
            "newl_des": "3",
            "news_align": "start",
            "newl_size": "medium",
            "btn_icon": true,
            "input_cl": "#222222",
            "border_cl": "#222222",
            "btn_cl": "#ffffff",
            "btn_bg_cl": "#222222",
            "btn_hover_cl": "#ffffff",
            "btn_hover_bg_cl": "#222222",
            "hidden_mobile": false,
            "mgb": 15,
            "mgb_mb": 10,
            "animation": "none"
          }
        }
      },
      "block_order": [
        "1647459416f8f4bd6f-0",
        "1647459416f8f4bd6f-1",
        "1647459416f8f4bd6f-2",
        "1647459416f8f4bd6f-3",
        "1647459416f8f4bd6f-4"
      ],
      "settings": {
        "space_h_item": "30",
        "space_v_item": "30",
        "space_h_item_mb": "10",
        "space_v_item_mb": "10",
        "layout": "t4s-container-wrap",
        "cl_bg": "#f6f6f8",
        "cl_bg_gradient": "",
        "mg": ",,,",
        "pd": ",,20px,",
        "mg_tb": ",,50px,",
        "pd_tb": "",
        "mg_mb": ",,,",
        "pd_mb": "60px,,60px,",
        "use_cus_css": false,
        "code_cus_css": ".SectionID {\nbackground-color:red\n}"
      }
    }
  },
  "order": [
    "1649057404562675f5",
    "1647427908519e25fd",
    "1647478922ce3950d8",
    "1647479082ce5a547d",
    "164744520091adad6a",
    "16474802428eaad5f5",
    "1647480930c6e4abdb",
    "1647416225a34bc8e7",
    "1647458599b8f540d8",
    "1647418816dd2ce726",
    "16474594165d446b5f"
  ]
}