{
  "sections": {
    "1647427908519e25fd": {
      "type": "slideshow",
      "blocks": {
        "16474279070a0934ae-0": {
          "type": "image_parent",
          "settings": {
            "image": "shopify:\/\/shop_images\/Slider1_1950x_1.jpg",
            "image_position": "8",
            "cl_img": "",
            "link_img1": "",
            "open_link": "_blank",
            "animate_slide": "none",
            "text_align": "start",
            "text_align_mb": "start",
            "content_width": "container",
            "cv_pos": 50,
            "ch_pos": 0,
            "cv_pos_mb": 50,
            "ch_pos_mb": 0,
            "bg_overlay": "#000000",
            "bg_opacity": 0,
            "bg_content_cl": "#ffffff",
            "bg_content_op": 0,
            "content_pd_tb": 20,
            "content_pd_lr": 20,
            "content_pd_tb_mb": 10,
            "content_pd_lr_mb": 10,
            "border_bl": false,
            "br_color": "#222222",
            "br_bg": "#ffffff",
            "br_opacity": 50,
            "br_style": "solid",
            "br_pd": 20,
            "br_pd_mb": 10,
            "time_animation": 1,
            "animation_delay": 40
          }
        },
        "16474279070a0934ae-1": {
          "type": "custom_text",
          "settings": {
            "text": "SUMMER SALE",
            "remove_br_tag": false,
            "fontf": "inherit",
            "text_cl": "#222222",
            "text_fs": 18,
            "text_lh": 0,
            "text_fw": 500,
            "text_ls": 0,
            "text_mgb": 5,
            "font_italic": false,
            "text_shadow": false,
            "hidden_mobile": false,
            "text_fs_mb": 12,
            "text_lh_mb": 0,
            "text_ls_mb": 0,
            "text_mgb_mobile": 5,
            "animation": "fadeInUp"
          }
        },
        "16474279070a0934ae-2": {
          "type": "custom_text",
          "settings": {
            "text": "New Arrival Collection",
            "remove_br_tag": false,
            "fontf": "1",
            "text_cl": "#222222",
            "text_fs": 55,
            "text_lh": 0,
            "text_fw": 600,
            "text_ls": 0,
            "text_mgb": 10,
            "font_italic": false,
            "text_shadow": false,
            "hidden_mobile": false,
            "text_fs_mb": 20,
            "text_lh_mb": 0,
            "text_ls_mb": 0,
            "text_mgb_mobile": 10,
            "animation": "fadeInUp"
          }
        },
        "16474279070a0934ae-3": {
          "type": "custom_button",
          "settings": {
            "button_text": "Explore Now",
            "button_link": "shopify:\/\/collections\/trending",
            "target_link": "_self",
            "fontf": "inherit",
            "button_icon_w": 0,
            "button_style": "default",
            "button_effect": "default",
            "pri_cl": "#222222",
            "second_cl": "#ffffff",
            "pri_cl_hover": "#222222",
            "second_cl_hover": "#ffffff",
            "fsbutton": 14,
            "fwbutton": 600,
            "button_ls": 0,
            "button_mh": 40,
            "button_bdr": 0,
            "button_pd_lr": 33,
            "button_mgb": 0,
            "hidden_mobile": false,
            "button_icon_w_mb": 0,
            "fsbutton_mb": 14,
            "button_mh_mb": 40,
            "button_pd_lr_mb": 32,
            "button_ls_mb": 0,
            "button_mgb_mb": 0,
            "animation": "fadeInUp"
          }
        },
        "16474279070a0934ae-4": {
          "type": "image_parent",
          "settings": {
            "image": "shopify:\/\/shop_images\/Slider2_1950x_4a0f65b5-dc12-4356-b22d-1df2aa1b76c0.jpg",
            "image_position": "8",
            "cl_img": "",
            "link_img1": "",
            "open_link": "_blank",
            "animate_slide": "none",
            "text_align": "end",
            "text_align_mb": "end",
            "content_width": "container",
            "cv_pos": 50,
            "ch_pos": 100,
            "cv_pos_mb": 50,
            "ch_pos_mb": 100,
            "bg_overlay": "#000000",
            "bg_opacity": 0,
            "bg_content_cl": "#ffffff",
            "bg_content_op": 0,
            "content_pd_tb": 20,
            "content_pd_lr": 20,
            "content_pd_tb_mb": 10,
            "content_pd_lr_mb": 10,
            "border_bl": false,
            "br_color": "#222222",
            "br_bg": "#ffffff",
            "br_opacity": 50,
            "br_style": "solid",
            "br_pd": 20,
            "br_pd_mb": 10,
            "time_animation": 1,
            "animation_delay": 40
          }
        },
        "16474279070a0934ae-5": {
          "type": "custom_text",
          "settings": {
            "text": "NEW SEASON",
            "remove_br_tag": false,
            "fontf": "inherit",
            "text_cl": "#222222",
            "text_fs": 18,
            "text_lh": 0,
            "text_fw": 500,
            "text_ls": 0,
            "text_mgb": 2,
            "font_italic": false,
            "text_shadow": false,
            "hidden_mobile": false,
            "text_fs_mb": 12,
            "text_lh_mb": 0,
            "text_ls_mb": 0,
            "text_mgb_mobile": 5,
            "animation": "fadeInLeft"
          }
        },
        "16474279070a0934ae-6": {
          "type": "custom_text",
          "settings": {
            "text": "Lookbook Collection",
            "remove_br_tag": false,
            "fontf": "1",
            "text_cl": "#222222",
            "text_fs": 55,
            "text_lh": 0,
            "text_fw": 600,
            "text_ls": 0,
            "text_mgb": 10,
            "font_italic": false,
            "text_shadow": false,
            "hidden_mobile": false,
            "text_fs_mb": 20,
            "text_lh_mb": 0,
            "text_ls_mb": 0,
            "text_mgb_mobile": 10,
            "animation": "fadeInLeft"
          }
        },
        "16474279070a0934ae-7": {
          "type": "custom_button",
          "settings": {
            "button_text": "Explore Now",
            "button_link": "shopify:\/\/collections\/trending",
            "target_link": "_self",
            "fontf": "inherit",
            "button_icon_w": 0,
            "button_style": "default",
            "button_effect": "default",
            "pri_cl": "#222222",
            "second_cl": "#ffffff",
            "pri_cl_hover": "#222222",
            "second_cl_hover": "#ffffff",
            "fsbutton": 14,
            "fwbutton": 600,
            "button_ls": 0,
            "button_mh": 40,
            "button_bdr": 0,
            "button_pd_lr": 33,
            "button_mgb": 0,
            "hidden_mobile": false,
            "button_icon_w_mb": 0,
            "fsbutton_mb": 14,
            "button_mh_mb": 40,
            "button_pd_lr_mb": 32,
            "button_ls_mb": 0,
            "button_mgb_mb": 0,
            "animation": "fadeInLeft"
          }
        },
        "144345b8-4aaf-43b9-974a-a7ed933267ba": {
          "type": "image_parent",
          "settings": {
            "image": "shopify:\/\/shop_images\/Slider3_1950x_3ff3f02c-0142-45d5-9094-daad46e7df0a.jpg",
            "image_position": "8",
            "cl_img": "",
            "link_img1": "",
            "open_link": "_blank",
            "animate_slide": "none",
            "text_align": "start",
            "text_align_mb": "start",
            "content_width": "container",
            "cv_pos": 50,
            "ch_pos": 0,
            "cv_pos_mb": 50,
            "ch_pos_mb": 0,
            "bg_overlay": "#000000",
            "bg_opacity": 0,
            "bg_content_cl": "#ffffff",
            "bg_content_op": 0,
            "content_pd_tb": 20,
            "content_pd_lr": 20,
            "content_pd_tb_mb": 10,
            "content_pd_lr_mb": 10,
            "border_bl": false,
            "br_color": "#222222",
            "br_bg": "#ffffff",
            "br_opacity": 50,
            "br_style": "solid",
            "br_pd": 20,
            "br_pd_mb": 10,
            "time_animation": 1,
            "animation_delay": 40
          }
        },
        "9216838c-f1a7-4e8c-aa6e-058d7ea6dd9c": {
          "type": "custom_text",
          "settings": {
            "text": "SUMMER SALE",
            "remove_br_tag": false,
            "fontf": "inherit",
            "text_cl": "#222222",
            "text_fs": 18,
            "text_lh": 0,
            "text_fw": 500,
            "text_ls": 0,
            "text_mgb": 5,
            "font_italic": false,
            "text_shadow": false,
            "hidden_mobile": false,
            "text_fs_mb": 12,
            "text_lh_mb": 0,
            "text_ls_mb": 0,
            "text_mgb_mobile": 5,
            "animation": "fadeInDown"
          }
        },
        "ae87fe13-6d68-4095-9e9b-f4473efef20b": {
          "type": "custom_text",
          "settings": {
            "text": "Save up to 70%",
            "remove_br_tag": false,
            "fontf": "1",
            "text_cl": "#222222",
            "text_fs": 55,
            "text_lh": 0,
            "text_fw": 600,
            "text_ls": 0,
            "text_mgb": 10,
            "font_italic": false,
            "text_shadow": false,
            "hidden_mobile": false,
            "text_fs_mb": 20,
            "text_lh_mb": 0,
            "text_ls_mb": 0,
            "text_mgb_mobile": 10,
            "animation": "fadeInDown"
          }
        },
        "972766e3-3cd9-45af-a69b-2c5851990abc": {
          "type": "custom_button",
          "settings": {
            "button_text": "Explore Now",
            "button_link": "shopify:\/\/collections\/trending",
            "target_link": "_self",
            "fontf": "inherit",
            "button_icon_w": 0,
            "button_style": "default",
            "button_effect": "default",
            "pri_cl": "#222222",
            "second_cl": "#ffffff",
            "pri_cl_hover": "#222222",
            "second_cl_hover": "#ffffff",
            "fsbutton": 14,
            "fwbutton": 600,
            "button_ls": 0,
            "button_mh": 40,
            "button_bdr": 0,
            "button_pd_lr": 33,
            "button_mgb": 0,
            "hidden_mobile": false,
            "button_icon_w_mb": 0,
            "fsbutton_mb": 14,
            "button_mh_mb": 40,
            "button_pd_lr_mb": 32,
            "button_ls_mb": 0,
            "button_mgb_mb": 0,
            "animation": "fadeInDown"
          }
        }
      },
      "block_order": [
        "16474279070a0934ae-0",
        "16474279070a0934ae-1",
        "16474279070a0934ae-2",
        "16474279070a0934ae-3",
        "16474279070a0934ae-4",
        "16474279070a0934ae-5",
        "16474279070a0934ae-6",
        "16474279070a0934ae-7",
        "144345b8-4aaf-43b9-974a-a7ed933267ba",
        "9216838c-f1a7-4e8c-aa6e-058d7ea6dd9c",
        "ae87fe13-6d68-4095-9e9b-f4473efef20b",
        "972766e3-3cd9-45af-a69b-2c5851990abc"
      ],
      "settings": {
        "se_height": "t4s_ratio_cuspx",
        "custom_dk": true,
        "height_dk": 700,
        "custom_tb": true,
        "height_tb": 500,
        "custom_mb": true,
        "height_mb": 250,
        "eff": "fade",
        "loop": true,
        "au_time": 0,
        "au_hover": true,
        "nav_btn": false,
        "btn_vi": "hover",
        "btn_owl": "default",
        "btn_shape": "none",
        "btn_cl": "dark",
        "btn_size": "small",
        "btn_hidden_mobile": false,
        "nav_dot": true,
        "dot_owl": "default",
        "dots_cl": "dark",
        "dots_round": true,
        "dots_space": 10,
        "dots_hidden_mobile": false,
        "layout": "t4s-container-fluid",
        "cl_bg": "",
        "cl_bg_gradient": "",
        "mg": ",,50px,",
        "pd": "",
        "mg_mb": ",,30px,",
        "pd_mb": "",
        "use_cus_css": false,
        "code_cus_css": ""
      }
    },
    "164741508621503265": {
      "type": "collections-list-manual",
      "blocks": {
        "1647415086bad34ffd-0": {
          "type": "collection_item",
          "settings": {
            "collection": "",
            "image": "shopify:\/\/shop_images\/women_720x_5ad4ea6f-7ffb-4831-bdf8-188ba56ba1b7.jpg",
            "collection_title": "Women",
            "collection_link": "shopify:\/\/collections\/women"
          }
        },
        "869e62fb-63f1-4931-af83-f09ff6e4c0c6": {
          "type": "collection_item",
          "settings": {
            "collection": "",
            "image": "shopify:\/\/shop_images\/13686091-1-ecru_360x_1.jpg",
            "collection_title": "Acessories",
            "collection_link": "shopify:\/\/collections\/accessories"
          }
        },
        "18de129f-0a34-4931-a30e-89980b15cd51": {
          "type": "collection_item",
          "settings": {
            "collection": "",
            "image": "shopify:\/\/shop_images\/sho1_360x_a7efaf56-3a7a-429e-bb01-854d1660607f.jpg",
            "collection_title": "Shoes",
            "collection_link": "shopify:\/\/collections\/shoes"
          }
        },
        "1647415086bad34ffd-1": {
          "type": "collection_item",
          "settings": {
            "collection": "",
            "image": "shopify:\/\/shop_images\/p24-21_360x_03e4b204-1ff0-4a02-b68c-ccef0d952c5a.jpg",
            "collection_title": "Watches",
            "collection_link": "shopify:\/\/collections\/watches"
          }
        }
      },
      "block_order": [
        "1647415086bad34ffd-0",
        "869e62fb-63f1-4931-af83-f09ff6e4c0c6",
        "18de129f-0a34-4931-a30e-89980b15cd51",
        "1647415086bad34ffd-1"
      ],
      "settings": {
        "design_heading": "1",
        "heading_align": "t4s-text-center",
        "top_heading": "",
        "icon_heading": "las la-gem",
        "top_subheading": "",
        "tophead_mb": 30,
        "collection_des": "1",
        "title_cl": "#ffffff",
        "title_cl_hover": "#222222",
        "subtitle_cl": "#878787",
        "count_cl": "#222222",
        "border_cl": "#e5e5e5",
        "collection_subtitle": "Products",
        "open_link": "_self",
        "space_bottom": 20,
        "space_bottom_mb": 10,
        "border": false,
        "item_rd": 0,
        "img_effect": "zoom",
        "b_effect": "plus-zoom-overlay",
        "image_position": "8",
        "coll_layout": "1",
        "layout": "t4s-container-wrap",
        "cl_bg": "",
        "cl_bg_gradient": "",
        "mg": ",,30px,",
        "pd": "",
        "mg_mb": ",,30px,",
        "pd_mb": "",
        "use_cus_css": false,
        "code_cus_css": ".SectionID {\nbackground-color:red\n}"
      }
    },
    "1647449493026cf7c8": {
      "type": "products-deal-banner",
      "blocks": {
        "164744949298140ab5-0": {
          "type": "banner1",
          "settings": {
            "image": "shopify:\/\/shop_images\/sclov3012315dac_q2_2-1_540x_71453a37-e152-4a6f-8da9-578191a72077.jpg",
            "url": "shopify:\/\/collections\/best-seller",
            "img_effect": "zoom",
            "b_effect": "none",
            "cv_pos": 92,
            "ch_pos": 16,
            "cv_pos_mb": 90,
            "ch_pos_mb": 16,
            "content_align": "start",
            "content_align_mobile": "start",
            "heading": "VIEW COLLECTIONS",
            "cl_t1": "#222222",
            "heading2": "LOOKBOOK",
            "cl_t2": "#222222",
            "heading3": "your world of fashion in numbers",
            "cl_t3": "#222222"
          }
        },
        "164744949298140ab5-1": {
          "type": "product",
          "settings": {
            "product": "crosshatch-backpack",
            "content_align": "center",
            "content_align_mobile": "center",
            "date": "2022\/12\/26",
            "cdt_des": "2",
            "cdt_size": "medium",
            "box_bdr": 0,
            "bd_width": 0,
            "space_item": 10,
            "number_cl": "#ffffff",
            "text_cl": "#a39e9e",
            "border_cl": "#000000",
            "bg_cl": "#000000"
          }
        },
        "164744949298140ab5-2": {
          "type": "banner2",
          "settings": {
            "image": "shopify:\/\/shop_images\/brchu402991953b_q4_2-0_540x_1.jpg",
            "url": "shopify:\/\/collections\/women",
            "img_effect": "zoom",
            "b_effect": "none",
            "cv_pos": 50,
            "ch_pos": 50,
            "cv_pos_mb": 50,
            "ch_pos_mb": 50,
            "content_align": "center",
            "content_align_mobile": "center",
            "heading": "SUMMER SALE",
            "cl_t1": "#222222",
            "heading2": "UP TO 70%",
            "cl_t2": "#222222",
            "button_text": "Shop now",
            "btn_icon": false,
            "button_style": "outline",
            "btns_size": "medium",
            "btns_cl": "dark",
            "button_effect": "default"
          }
        }
      },
      "block_order": [
        "164744949298140ab5-0",
        "164744949298140ab5-1",
        "164744949298140ab5-2"
      ],
      "settings": {
        "show_vendor": false,
        "image_ratio": "ratioadapt",
        "image_size": "cover",
        "image_position": "8",
        "equal_height": false,
        "space_h_item": "30",
        "space_v_item": "30",
        "space_h_item_mb": "10",
        "space_v_item_mb": "10",
        "layout": "t4s-container-wrap",
        "cl_bg": "",
        "cl_bg_gradient": "",
        "mg": ",,110px,",
        "pd": "",
        "mg_mb": ",,90px,",
        "pd_mb": "",
        "use_cus_css": false,
        "code_cus_css": ".SectionID {\nbackground-color:red\n}"
      }
    },
    "164744520091adad6a": {
      "type": "featured-collection",
      "settings": {
        "design_heading": "2",
        "heading_align": "t4s-text-center",
        "top_heading": "NEW ARRIVAL",
        "icon_heading": "las la-gem",
        "top_subheading": "New product of our store",
        "tophead_mb": 30,
        "collection": "women",
        "product_des": "1",
        "show_vendor": false,
        "image_ratio": "ratioadapt",
        "image_size": "cover",
        "image_position": "8",
        "content_align": "default",
        "limit": 8,
        "col_dk": "6",
        "col_tb": "3",
        "col_mb": "2",
        "space_h_item": "30",
        "space_v_item": "30",
        "space_h_item_mb": "10",
        "space_v_item_mb": "10",
        "layout_des": "2",
        "loop": true,
        "au_time": 0,
        "au_hover": true,
        "nav_btn": true,
        "btn_vi": "hover",
        "btn_owl": "outline",
        "btn_shape": "round",
        "btn_cl": "dark",
        "btn_size": "small",
        "btn_hidden_mobile": false,
        "nav_dot": false,
        "dot_owl": "default",
        "dots_cl": "dark",
        "dots_round": false,
        "dots_space": 10,
        "dots_hidden_mobile": false,
        "use_pagination": "load-more",
        "enable_bar_lm": false,
        "btn_icon": false,
        "button_style": "outline",
        "btns_size": "medium",
        "btns_cl": "primary",
        "button_effect": "fade",
        "btn_pos": "t4s-text-center",
        "layout": "t4s-container-fluid",
        "cl_bg": "",
        "cl_bg_gradient": "",
        "mg": ",,90px,",
        "pd": ",30px,,30px",
        "mg_mb": ",,90px,",
        "pd_mb": ",10px,,10px",
        "use_cus_css": false,
        "code_cus_css": ".SectionID {\nbackground-color:red\n}"
      }
    },
    "1647416225a34bc8e7": {
      "type": "banner",
      "disabled": true,
      "blocks": {
        "16474162240c07d954-0": {
          "type": "b_item",
          "settings": {
            "custom_dk": true,
            "height_dk": 600,
            "custom_tb": true,
            "height_tb": 400,
            "custom_mb": true,
            "height_mb": 300,
            "b_link": "shopify:\/\/collections",
            "open_link": "_self",
            "img_effect": "zoom",
            "b_effect": "none",
            "col_dk": "6",
            "col_tb": "6",
            "col_mb": "12",
            "content_align": "center",
            "content_align_mobile": "center",
            "content_width": "auto",
            "cv_pos": 50,
            "ch_pos": 50,
            "cv_pos_mb": 50,
            "ch_pos_mb": 50,
            "bg_overlay": "#000000",
            "bg_opacity": 0,
            "bg_content_bl": false,
            "bg_content_cl": "#ffffff",
            "bg_content_op": 50,
            "content_pd_tb": 20,
            "content_pd_lr": 20,
            "content_pd_tb_mb": 10,
            "content_pd_lr_mb": 10,
            "border_bl": false,
            "br_color": "#222222",
            "br_bg": "#ffffff",
            "br_opacity": 50,
            "br_style": "solid",
            "br_pd": 20,
            "br_pd_mb": 10,
            "time_animation": 1,
            "animation_delay": 40
          }
        },
        "16474162240c07d954-1": {
          "type": "custom_text",
          "settings": {
            "text": "LOOKBOOK 2022",
            "remove_br_tag": false,
            "fontf": "inherit",
            "text_cl": "#ffffff",
            "text_fs": 24,
            "text_lh": 24,
            "text_fw": 500,
            "text_ls": 0,
            "font_italic": false,
            "text_shadow": false,
            "text_mgb": 5,
            "hidden_mobile": false,
            "text_fs_mb": 16,
            "text_lh_mb": 0,
            "text_ls_mb": 0,
            "text_mgb_mobile": 10,
            "animation": "none"
          }
        },
        "16474162240c07d954-2": {
          "type": "custom_text",
          "settings": {
            "text": "MAKE LOVE THIS LOOK",
            "remove_br_tag": false,
            "fontf": "inherit",
            "text_cl": "#ffffff",
            "text_fs": 14,
            "text_lh": 24,
            "text_fw": 400,
            "text_ls": 0,
            "font_italic": false,
            "text_shadow": false,
            "text_mgb": 5,
            "hidden_mobile": false,
            "text_fs_mb": 16,
            "text_lh_mb": 0,
            "text_ls_mb": 0,
            "text_mgb_mobile": 10,
            "animation": "none"
          }
        },
        "16474162240c07d954-3": {
          "type": "b_item",
          "settings": {
            "custom_dk": true,
            "height_dk": 600,
            "custom_tb": true,
            "height_tb": 400,
            "custom_mb": true,
            "height_mb": 300,
            "b_link": "shopify:\/\/collections",
            "open_link": "_self",
            "img_effect": "zoom",
            "b_effect": "none",
            "col_dk": "6",
            "col_tb": "6",
            "col_mb": "12",
            "content_align": "center",
            "content_align_mobile": "center",
            "content_width": "auto",
            "cv_pos": 50,
            "ch_pos": 50,
            "cv_pos_mb": 50,
            "ch_pos_mb": 50,
            "bg_overlay": "#000000",
            "bg_opacity": 0,
            "bg_content_bl": false,
            "bg_content_cl": "#ffffff",
            "bg_content_op": 50,
            "content_pd_tb": 20,
            "content_pd_lr": 20,
            "content_pd_tb_mb": 10,
            "content_pd_lr_mb": 10,
            "border_bl": false,
            "br_color": "#222222",
            "br_bg": "#ffffff",
            "br_opacity": 50,
            "br_style": "solid",
            "br_pd": 20,
            "br_pd_mb": 10,
            "time_animation": 1,
            "animation_delay": 40
          }
        },
        "4933bc63-50c5-47a0-a802-ead19dfc739b": {
          "type": "custom_text",
          "settings": {
            "text": "SUMMER SALE",
            "remove_br_tag": false,
            "fontf": "1",
            "text_cl": "#ffffff",
            "text_fs": 20,
            "text_lh": 24,
            "text_fw": 500,
            "text_ls": 1,
            "font_italic": false,
            "text_shadow": false,
            "text_mgb": 5,
            "hidden_mobile": false,
            "text_fs_mb": 16,
            "text_lh_mb": 0,
            "text_ls_mb": 0,
            "text_mgb_mobile": 5,
            "animation": "none"
          }
        },
        "16474162240c07d954-5": {
          "type": "custom_text",
          "settings": {
            "text": "UP TO 70%",
            "remove_br_tag": false,
            "fontf": "inherit",
            "text_cl": "#ffffff",
            "text_fs": 50,
            "text_lh": 0,
            "text_fw": 500,
            "text_ls": 0,
            "font_italic": false,
            "text_shadow": false,
            "text_mgb": 0,
            "hidden_mobile": false,
            "text_fs_mb": 16,
            "text_lh_mb": 0,
            "text_ls_mb": 0,
            "text_mgb_mobile": 0,
            "animation": "none"
          }
        }
      },
      "block_order": [
        "16474162240c07d954-0",
        "16474162240c07d954-1",
        "16474162240c07d954-2",
        "16474162240c07d954-3",
        "4933bc63-50c5-47a0-a802-ead19dfc739b",
        "16474162240c07d954-5"
      ],
      "settings": {
        "image_ratio": "ratio16_9",
        "image_size": "cover",
        "image_position": "8",
        "equal_height": false,
        "space_h_item": "30",
        "space_v_item": "30",
        "space_h_item_mb": "10",
        "space_v_item_mb": "10",
        "layout": "t4s-container-wrap",
        "cl_bg": "",
        "cl_bg_gradient": "",
        "mg": ",,80px,",
        "pd": "",
        "mg_mb": ",,30px,",
        "pd_mb": "",
        "use_cus_css": false,
        "code_cus_css": ".SectionID {\nbackground-color:red\n}"
      }
    },
    "1647449965c3fe0d03": {
      "type": "lookbook-packery",
      "blocks": {
        "1647449965900cfb50-0": {
          "type": "img",
          "settings": {
            "image": "shopify:\/\/shop_images\/8827388-1-white_360x_a3d3c298-be44-47c6-b6ea-820b0382158c.jpg",
            "col_pr": "3",
            "col_pr_tb": "3",
            "col_pr_mb": "6"
          }
        },
        "3323bede-b860-4865-a54e-6cae07351084": {
          "type": "pr",
          "settings": {
            "pos_t": 74,
            "pos_l": 74,
            "type": "1",
            "shorttxt": "$59",
            "pos_pin": "top",
            "pos_size": "medium",
            "effect": "fade",
            "bg_cl": "#65affa",
            "cl_text": "#ffffff",
            "product": "analogue-resin-strap"
          }
        },
        "1647449965900cfb50-1": {
          "type": "img",
          "settings": {
            "image": "shopify:\/\/shop_images\/13686091-1-ecru_360x_1_3b7f0662-ba7f-4687-9a72-422c9dbe10e1.jpg",
            "col_pr": "3",
            "col_pr_tb": "3",
            "col_pr_mb": "6"
          }
        },
        "950750b7-861e-46ef-a2b7-aa91958b8d7c": {
          "type": "pr",
          "settings": {
            "pos_t": 50,
            "pos_l": 34,
            "type": "1",
            "shorttxt": "$59",
            "pos_pin": "top",
            "pos_size": "medium",
            "effect": "fade",
            "bg_cl": "#65affa",
            "cl_text": "#ffffff",
            "product": "analogue-resin-strap-watch"
          }
        },
        "1647449965900cfb50-2": {
          "type": "img",
          "settings": {
            "image": "shopify:\/\/shop_images\/madim3011311611_q2_2-0_720x_29955fe1-3b30-4448-a4ab-27e3f5d63baa.jpg",
            "col_pr": "6",
            "col_pr_tb": "6",
            "col_pr_mb": "12"
          }
        },
        "7243d0a1-16a2-48d3-be51-b786c2551aff": {
          "type": "pr",
          "settings": {
            "pos_t": 32,
            "pos_l": 63,
            "type": "1",
            "shorttxt": "$59",
            "pos_pin": "top",
            "pos_size": "medium",
            "effect": "fade",
            "bg_cl": "#65affa",
            "cl_text": "#ffffff",
            "product": "angled-rimless-sunglasses"
          }
        },
        "d5356145-5536-41eb-8093-c93f0dec6666": {
          "type": "pr",
          "settings": {
            "pos_t": 70,
            "pos_l": 46,
            "type": "1",
            "shorttxt": "$59",
            "pos_pin": "top",
            "pos_size": "medium",
            "effect": "fade",
            "bg_cl": "#65affa",
            "cl_text": "#ffffff",
            "product": "combat-dop-arm-tank"
          }
        },
        "1647449965900cfb50-3": {
          "type": "img",
          "settings": {
            "image": "shopify:\/\/shop_images\/shash4128611739_q2_2-0_360x_0bad4416-ae3e-4eed-b2f7-732e98f0f2a2.jpg",
            "col_pr": "3",
            "col_pr_tb": "3",
            "col_pr_mb": "6"
          }
        },
        "43cebff2-7fae-4f72-895c-33fdf320e087": {
          "type": "pr",
          "settings": {
            "pos_t": 37,
            "pos_l": 52,
            "type": "1",
            "shorttxt": "$59",
            "pos_pin": "top",
            "pos_size": "medium",
            "effect": "fade",
            "bg_cl": "#65affa",
            "cl_text": "#ffffff",
            "product": "combat-dop-arm-tank"
          }
        },
        "1647449965900cfb50-4": {
          "type": "img",
          "settings": {
            "image": "shopify:\/\/shop_images\/ayrrr303131a925_q4_2-0_360x_493c6395-d171-4a85-bdf2-d481c933a1bd.jpg",
            "col_pr": "3",
            "col_pr_tb": "3",
            "col_pr_mb": "6"
          }
        },
        "dcc2c960-e004-4330-ba95-adc3026c9bb4": {
          "type": "pr",
          "settings": {
            "pos_t": 50,
            "pos_l": 50,
            "type": "1",
            "shorttxt": "$59",
            "pos_pin": "top",
            "pos_size": "medium",
            "effect": "fade",
            "bg_cl": "#65affa",
            "cl_text": "#ffffff",
            "product": "button-through-fine-knit"
          }
        }
      },
      "block_order": [
        "1647449965900cfb50-0",
        "3323bede-b860-4865-a54e-6cae07351084",
        "1647449965900cfb50-1",
        "950750b7-861e-46ef-a2b7-aa91958b8d7c",
        "1647449965900cfb50-2",
        "7243d0a1-16a2-48d3-be51-b786c2551aff",
        "d5356145-5536-41eb-8093-c93f0dec6666",
        "1647449965900cfb50-3",
        "43cebff2-7fae-4f72-895c-33fdf320e087",
        "1647449965900cfb50-4",
        "dcc2c960-e004-4330-ba95-adc3026c9bb4"
      ],
      "settings": {
        "design_heading": "2",
        "heading_align": "t4s-text-center",
        "top_heading": "LOOKBOOK COLLECTION",
        "icon_heading": "las la-gem",
        "top_subheading": "Spring summer 2020 lookbook",
        "tophead_mb": 30,
        "space": "15",
        "space_mb": "15",
        "image_ratio": "ratioadapt",
        "image_size": "cover",
        "image_position": "8",
        "pr_pin_des": "1",
        "layout": "t4s-se-container",
        "cl_bg": "",
        "cl_bg_gradient": "",
        "mg": ",,90px,",
        "pd": "",
        "mg_mb": ",,60px,",
        "pd_mb": ""
      }
    },
    "1647418816dd2ce726": {
      "type": "blog-post",
      "settings": {
        "design_heading": "2",
        "heading_align": "t4s-text-center",
        "top_heading": "LATEST FROM BLOG",
        "icon_heading": "las la-gem",
        "top_subheading": "Dolor sit amet, consectetur adipisicing elit, sed do eiusmod tempor!",
        "tophead_mb": 30,
        "blog": "news",
        "post_des": "1",
        "show_cate": false,
        "show_tags": false,
        "show_cnt": true,
        "show_au": true,
        "show_dt": true,
        "show_cm": false,
        "show_rm": false,
        "show_irm": false,
        "date": "date",
        "content_align": "t4s-text-start",
        "limit": 3,
        "img_effect": "zoom",
        "b_effect": "pervasive-circle",
        "image_ratio": "ratioadapt",
        "image_size": "cover",
        "image_position": "8",
        "col_dk": "3",
        "col_tb": "2",
        "col_mb": "1",
        "space_h_item": "30",
        "space_v_item": "30",
        "space_h_item_mb": "30",
        "space_v_item_mb": "30",
        "layout_des": "2",
        "loop": true,
        "au_time": 0,
        "au_hover": true,
        "nav_btn": true,
        "btn_vi": "always",
        "btn_owl": "outline",
        "btn_shape": "round",
        "btn_cl": "dark",
        "btn_size": "small",
        "btn_hidden_mobile": false,
        "nav_dot": false,
        "dot_owl": "default",
        "dots_cl": "dark",
        "dots_round": false,
        "dots_space": 10,
        "dots_hidden_mobile": false,
        "use_pagination": "none",
        "enable_bar_lm": true,
        "btn_icon": false,
        "button_style": "default",
        "btns_size": "medium",
        "btns_cl": "default",
        "button_effect": "fade",
        "btn_pos": "t4s-text-center",
        "layout": "t4s-container-wrap",
        "cl_bg": "",
        "cl_bg_gradient": "",
        "mg": ",,110px,",
        "pd": "",
        "mg_mb": ",,30px,",
        "pd_mb": "",
        "use_cus_css": false,
        "code_cus_css": ".SectionID {\nbackground-color:red\n}"
      }
    },
    "164745028427afcaf6": {
      "type": "instagram_feed",
      "blocks": {
        "54faef9a-84df-4f5e-a109-a659ed17b8fe": {
          "type": "4",
          "settings": {
            "title": "@TH4STUDIO",
            "content": "Find us on Instagram",
            "des": "1",
            "pos": "t4s-pa"
          }
        },
        "1647450283176ac2d0-0": {
          "type": "img",
          "settings": {
            "image": "shopify:\/\/shop_images\/ins1_14.jpg",
            "url": "https:\/\/www.instagram.com\/p\/B8tLN0eBp1B\/"
          }
        },
        "1647450283176ac2d0-1": {
          "type": "img",
          "settings": {
            "image": "shopify:\/\/shop_images\/ins1_8.jpg",
            "url": "https:\/\/www.instagram.com\/p\/B8tLN0eBp1B\/"
          }
        },
        "1647450283176ac2d0-2": {
          "type": "img",
          "settings": {
            "image": "shopify:\/\/shop_images\/ins1_1_360x_de959d91-398e-4789-82a4-2bf1b94f568c.jpg",
            "url": "https:\/\/www.instagram.com\/p\/B8tLN0eBp1B\/"
          }
        },
        "1647450283176ac2d0-3": {
          "type": "img",
          "settings": {
            "image": "shopify:\/\/shop_images\/ins1_6.jpg",
            "url": "https:\/\/www.instagram.com\/p\/B8tLN0eBp1B\/"
          }
        },
        "1647450283176ac2d0-4": {
          "type": "img",
          "settings": {
            "image": "shopify:\/\/shop_images\/ins1_5_360x_687273ca-ba3a-4c36-ab0c-b77890a609d4.jpg",
            "url": "shopify:\/\/collections"
          }
        },
        "1647450283176ac2d0-5": {
          "type": "img",
          "settings": {
            "image": "shopify:\/\/shop_images\/ins1_2_360x_e1aa9366-ad06-44c6-84d0-0de83982638c.jpg",
            "url": "shopify:\/\/collections"
          }
        },
        "61f405e4-805b-4710-a657-3420efe5e28c": {
          "type": "img",
          "settings": {
            "image": "shopify:\/\/shop_images\/ins1_2_360x_e1aa9366-ad06-44c6-84d0-0de83982638c.jpg",
            "url": "https:\/\/www.instagram.com\/p\/B8tLN0eBp1B\/"
          }
        }
      },
      "block_order": [
        "54faef9a-84df-4f5e-a109-a659ed17b8fe",
        "1647450283176ac2d0-0",
        "1647450283176ac2d0-1",
        "1647450283176ac2d0-2",
        "1647450283176ac2d0-3",
        "1647450283176ac2d0-4",
        "1647450283176ac2d0-5",
        "61f405e4-805b-4710-a657-3420efe5e28c"
      ],
      "settings": {
        "layout_des": "2",
        "image_ratio": "ratio1_1",
        "image_position": "8",
        "image_size": "cover",
        "img_effect": "zoom",
        "b_effect": "dark-overlay",
        "col_dk": "6",
        "col_tb": "2",
        "col_mb": "2",
        "space_item": "0",
        "space_item_mb": "0",
        "loop": true,
        "au_time": 0,
        "au_hover": true,
        "nav_btn": true,
        "btn_vi": "hover",
        "btn_owl": "outline",
        "btn_shape": "round",
        "btn_cl": "dark",
        "btn_size": "small",
        "btn_hidden_mobile": false,
        "nav_dot": false,
        "dot_owl": "default",
        "dots_cl": "dark",
        "dots_round": false,
        "dots_space": 10,
        "dots_hidden_mobile": false,
        "layout": "t4s-container-fluid",
        "cl_bg": "",
        "cl_bg_gradient": "",
        "mg": ",,,",
        "pd": "",
        "mg_mb": ",,30px,",
        "pd_mb": "",
        "use_cus_css": false,
        "code_cus_css": ".SectionID {\nbackground-color:red\n}"
      }
    },
    "16474270477bee0653": {
      "type": "shipping",
      "blocks": {
        "16474270471ba74d6b-0": {
          "type": "shipping",
          "settings": {
            "icon_themes": "car",
            "icon": "tractor",
            "title": "FREE SHIPPING",
            "text": "<p>Free shipping on all US order or order above $100<\/p>"
          }
        },
        "16474270471ba74d6b-1": {
          "type": "shipping",
          "settings": {
            "icon_themes": "help",
            "icon": "life-ring",
            "title": "SUPPORT 24\/7",
            "text": "<p>Contact us 24 hours a day, 7 days a week<\/p>"
          }
        },
        "16474270471ba74d6b-2": {
          "type": "shipping",
          "settings": {
            "icon_themes": "refesh",
            "icon": "undo-alt",
            "title": "30 DAYS RETURN",
            "text": "<p>Simply return it within 30 days for an exchange.<\/p>"
          }
        },
        "16474270471ba74d6b-3": {
          "type": "shipping",
          "settings": {
            "icon_themes": "door-lock",
            "icon": "lock",
            "title": "100% PAYMENT SECURE",
            "text": "<p>We ensure secure payment with PEV<\/p>"
          }
        }
      },
      "block_order": [
        "16474270471ba74d6b-0",
        "16474270471ba74d6b-1",
        "16474270471ba74d6b-2",
        "16474270471ba74d6b-3"
      ],
      "settings": {
        "design_heading": "1",
        "heading_align": "t4s-text-center",
        "top_heading": "",
        "icon_heading": "las la-gem",
        "top_subheading": "",
        "tophead_mb": 30,
        "content_align": "text-start",
        "align_vertical": false,
        "design_padding": "1",
        "source": "themes_icon",
        "icon_des": "deafult",
        "icon_size": "medium",
        "col_dk": "4",
        "col_tb": "2",
        "col_mb": "1",
        "border": false,
        "cl_bd": "#dddddd",
        "cl_ic": "#9e9e9e",
        "cl_hd": "#222222",
        "cl_cot": "#878787",
        "bg_item": "#ffffff",
        "space_h_item": "30",
        "space_v_item": "30",
        "space_h_item_mb": "10",
        "space_v_item_mb": "30",
        "carousel_mobile": false,
        "dots_cl": "dark",
        "dots_round": true,
        "layout": "t4s-container-wrap",
        "cl_bg": "",
        "cl_bg_gradient": "",
        "mg": "41px,,40px,",
        "pd": "",
        "mg_tb": ",,50px,",
        "pd_tb": "",
        "mg_mb": ",,30px,",
        "pd_mb": "",
        "use_cus_css": false,
        "code_cus_css": ".SectionID {\nbackground-color:red\n}"
      }
    }
  },
  "order": [
    "1647427908519e25fd",
    "164741508621503265",
    "1647449493026cf7c8",
    "164744520091adad6a",
    "1647416225a34bc8e7",
    "1647449965c3fe0d03",
    "1647418816dd2ce726",
    "164745028427afcaf6",
    "16474270477bee0653"
  ]
}