{
  "sections": {
    "164679487424973fe7": {
      "type": "slideshow",
      "blocks": {
        "1646794873c20a81c8-0": {
          "type": "image_parent",
          "settings": {
            "image": "shopify:\/\/shop_images\/slide1_1950x_790a36e4-bdc0-4714-a076-4542c75a46fd.jpg",
            "image_position": "8",
            "cl_img": "",
            "link_img1": "",
            "open_link": "_blank",
            "animate_slide": "none",
            "text_align": "start",
            "text_align_mb": "start",
            "content_width": "t4s-container",
            "cv_pos": 50,
            "ch_pos": 30,
            "cv_pos_mb": 50,
            "ch_pos_mb": 15,
            "bg_overlay": "#000000",
            "bg_opacity": 0,
            "bg_content_cl": "#ffffff",
            "bg_content_op": 0,
            "content_pd_tb": 20,
            "content_pd_lr": 20,
            "content_pd_tb_mb": 10,
            "content_pd_lr_mb": 10,
            "border_bl": false,
            "br_color": "#222222",
            "br_bg": "#ffffff",
            "br_opacity": 50,
            "br_style": "solid",
            "br_pd": 20,
            "br_pd_mb": 10,
            "time_animation": 1,
            "animation_delay": 40
          }
        },
        "1646794873c20a81c8-5": {
          "type": "custom_text",
          "settings": {
            "text": "KITCHEN ACCESSORIES",
            "remove_br_tag": false,
            "fontf": "inherit",
            "text_cl": "#293341",
            "text_fs": 18,
            "text_lh": 20,
            "text_fw": 400,
            "text_ls": 0.9,
            "text_mgb": 12,
            "font_italic": false,
            "text_shadow": false,
            "hidden_mobile": false,
            "text_fs_mb": 16,
            "text_lh_mb": 0,
            "text_ls_mb": 0,
            "text_mgb_mobile": 10,
            "animation": "fadeInRight"
          }
        },
        "1646794873c20a81c8-6": {
          "type": "custom_text",
          "settings": {
            "text": "Morso Kit Mortel",
            "remove_br_tag": true,
            "fontf": "inherit",
            "text_cl": "#293341",
            "text_fs": 42,
            "text_lh": 42,
            "text_fw": 600,
            "text_ls": 0,
            "text_mgb": 15,
            "font_italic": false,
            "text_shadow": false,
            "hidden_mobile": false,
            "text_fs_mb": 32,
            "text_lh_mb": 32,
            "text_ls_mb": 0,
            "text_mgb_mobile": 15,
            "animation": "fadeInRight"
          }
        },
        "1646794873c20a81c8-7": {
          "type": "custom_button",
          "settings": {
            "button_text": "Shop Now",
            "button_link": "shopify:\/\/collections",
            "target_link": "_self",
            "fontf": "2",
            "button_icon_w": 14,
            "button_style": "link",
            "button_effect": "fade",
            "pri_cl": "#eb0f5d",
            "second_cl": "",
            "pri_cl_hover": "#222222",
            "second_cl_hover": "#ffffff",
            "fsbutton": 16,
            "fwbutton": 400,
            "button_ls": 1.5,
            "button_mh": 54,
            "button_bdr": 0,
            "button_pd_lr": 35,
            "button_mgb": 0,
            "hidden_mobile": false,
            "button_icon_w_mb": 14,
            "fsbutton_mb": 14,
            "button_mh_mb": 40,
            "button_pd_lr_mb": 15,
            "button_ls_mb": 0,
            "button_mgb_mb": 0,
            "animation": "fadeInRight"
          }
        },
        "1646794873c20a81c8-4": {
          "type": "image_parent",
          "settings": {
            "image": "shopify:\/\/shop_images\/slide2_1950x_e8da5d2d-9bff-4a28-8add-77a6b8c0fb35.jpg",
            "image_position": "8",
            "cl_img": "",
            "link_img1": "",
            "open_link": "_blank",
            "animate_slide": "none",
            "text_align": "start",
            "text_align_mb": "start",
            "content_width": "t4s-container",
            "cv_pos": 50,
            "ch_pos": 30,
            "cv_pos_mb": 50,
            "ch_pos_mb": 15,
            "bg_overlay": "#000000",
            "bg_opacity": 0,
            "bg_content_cl": "#ffffff",
            "bg_content_op": 0,
            "content_pd_tb": 20,
            "content_pd_lr": 20,
            "content_pd_tb_mb": 10,
            "content_pd_lr_mb": 10,
            "border_bl": false,
            "br_color": "#222222",
            "br_bg": "#ffffff",
            "br_opacity": 0,
            "br_style": "solid",
            "br_pd": 20,
            "br_pd_mb": 10,
            "time_animation": 1,
            "animation_delay": 40
          }
        },
        "1646794873c20a81c8-1": {
          "type": "custom_text",
          "settings": {
            "text": "HOME ACCESSORIES",
            "remove_br_tag": false,
            "fontf": "inherit",
            "text_cl": "#293341",
            "text_fs": 17,
            "text_lh": 20,
            "text_fw": 400,
            "text_ls": 0.9,
            "text_mgb": 12,
            "font_italic": false,
            "text_shadow": false,
            "hidden_mobile": false,
            "text_fs_mb": 16,
            "text_lh_mb": 0,
            "text_ls_mb": 0,
            "text_mgb_mobile": 10,
            "animation": "fadeInUp"
          }
        },
        "1646794873c20a81c8-2": {
          "type": "custom_text",
          "settings": {
            "text": "Modern Collection",
            "remove_br_tag": true,
            "fontf": "inherit",
            "text_cl": "#293341",
            "text_fs": 42,
            "text_lh": 42,
            "text_fw": 600,
            "text_ls": 0,
            "text_mgb": 15,
            "font_italic": false,
            "text_shadow": false,
            "hidden_mobile": false,
            "text_fs_mb": 32,
            "text_lh_mb": 32,
            "text_ls_mb": 0,
            "text_mgb_mobile": 15,
            "animation": "fadeInUp"
          }
        },
        "1646794873c20a81c8-3": {
          "type": "custom_button",
          "settings": {
            "button_text": "Shop Now",
            "button_link": "shopify:\/\/collections",
            "target_link": "_self",
            "fontf": "2",
            "button_icon_w": 14,
            "button_style": "link",
            "button_effect": "fade",
            "pri_cl": "#eb0f5d",
            "second_cl": "",
            "pri_cl_hover": "#222222",
            "second_cl_hover": "#ffffff",
            "fsbutton": 16,
            "fwbutton": 400,
            "button_ls": 1.5,
            "button_mh": 54,
            "button_bdr": 0,
            "button_pd_lr": 35,
            "button_mgb": 0,
            "hidden_mobile": false,
            "button_icon_w_mb": 14,
            "fsbutton_mb": 14,
            "button_mh_mb": 40,
            "button_pd_lr_mb": 15,
            "button_ls_mb": 0,
            "button_mgb_mb": 0,
            "animation": "fadeInUp"
          }
        }
      },
      "block_order": [
        "1646794873c20a81c8-0",
        "1646794873c20a81c8-5",
        "1646794873c20a81c8-6",
        "1646794873c20a81c8-7",
        "1646794873c20a81c8-4",
        "1646794873c20a81c8-1",
        "1646794873c20a81c8-2",
        "1646794873c20a81c8-3"
      ],
      "settings": {
        "se_height": "t4s_ratio_cuspx",
        "custom_dk": true,
        "height_dk": 842,
        "custom_tb": true,
        "height_tb": 600,
        "custom_mb": true,
        "height_mb": 350,
        "eff": "slide",
        "loop": true,
        "au_time": 0,
        "au_hover": true,
        "nav_btn": true,
        "btn_vi": "hover",
        "btn_owl": "default",
        "btn_shape": "none",
        "btn_cl": "light",
        "btn_size": "small",
        "btn_hidden_mobile": false,
        "nav_dot": true,
        "dot_owl": "elessi",
        "dots_cl": "dark",
        "dots_round": true,
        "dots_space": 10,
        "dots_hidden_mobile": false,
        "layout": "t4s-container-fluid",
        "cl_bg": "",
        "cl_bg_gradient": "",
        "mg": ",,30px,",
        "pd": "0,50px,0,50px",
        "mg_mb": ",,30px,",
        "pd_mb": "0,10px,0,10px",
        "use_cus_css": false,
        "code_cus_css": ".SectionID {\nbackground-color:red\n}"
      }
    },
    "16467960694c6c4b54": {
      "type": "banner",
      "blocks": {
        "1646796068d8bf97e3-0": {
          "type": "b_item",
          "settings": {
            "custom_dk": true,
            "height_dk": 600,
            "custom_tb": true,
            "height_tb": 400,
            "custom_mb": true,
            "height_mb": 300,
            "image": "shopify:\/\/shop_images\/banner1_540x_af1b939d-25d7-444e-a982-9483f1f6d0ec.jpg",
            "b_link": "shopify:\/\/collections",
            "open_link": "_self",
            "img_effect": "rotate",
            "b_effect": "pervasive-circle",
            "col_dk": "3",
            "col_tb": "3",
            "col_mb": "12",
            "content_align": "center",
            "content_align_mobile": "center",
            "content_width": "auto",
            "cv_pos": 90,
            "ch_pos": 50,
            "cv_pos_mb": 90,
            "ch_pos_mb": 50,
            "bg_overlay": "#000000",
            "bg_opacity": 0,
            "bg_content_bl": false,
            "bg_content_cl": "#ffffff",
            "bg_content_op": 50,
            "content_pd_tb": 20,
            "content_pd_lr": 20,
            "content_pd_tb_mb": 10,
            "content_pd_lr_mb": 10,
            "border_bl": false,
            "br_color": "#222222",
            "br_bg": "#ffffff",
            "br_opacity": 50,
            "br_style": "solid",
            "br_pd": 20,
            "br_pd_mb": 10,
            "time_animation": 1,
            "animation_delay": 40
          }
        },
        "4eb11f08-7cee-49f8-a8a4-ff4514bec970": {
          "type": "custom_button",
          "settings": {
            "button_text": "Rugs & Textiles",
            "button_link": "shopify:\/\/collections\/rugs-textiles",
            "target_link": "_self",
            "fontf": "inherit",
            "button_icon_w": 0,
            "button_style": "default",
            "button_effect": "fade",
            "pri_cl": "#ffffff",
            "second_cl": "#222222",
            "pri_cl_hover": "#eb0f5d",
            "second_cl_hover": "#ffffff",
            "fsbutton": 14,
            "fwbutton": 400,
            "button_ls": 1.5,
            "button_mh": 48,
            "button_bdr": 0,
            "button_pd_lr": 20,
            "button_mgb": 0,
            "hidden_mobile": false,
            "button_icon_w_mb": 0,
            "fsbutton_mb": 14,
            "button_mh_mb": 40,
            "button_pd_lr_mb": 15,
            "button_ls_mb": 1,
            "button_mgb_mb": 0,
            "animation": "fadeInUp"
          }
        },
        "1646796068d8bf97e4-0": {
          "type": "b_item",
          "settings": {
            "custom_dk": true,
            "height_dk": 600,
            "custom_tb": true,
            "height_tb": 400,
            "custom_mb": true,
            "height_mb": 300,
            "image": "shopify:\/\/shop_images\/banner2_900x_6a8466f8-8aff-4c71-b0d9-cd043e0ebd02.jpg",
            "b_link": "shopify:\/\/collections",
            "open_link": "_self",
            "img_effect": "zoom",
            "b_effect": "none",
            "col_dk": "6",
            "col_tb": "6",
            "col_mb": "12",
            "content_align": "start",
            "content_align_mobile": "center",
            "content_width": "auto",
            "cv_pos": 90,
            "ch_pos": 50,
            "cv_pos_mb": 90,
            "ch_pos_mb": 50,
            "bg_overlay": "#000000",
            "bg_opacity": 0,
            "bg_content_bl": false,
            "bg_content_cl": "#ffffff",
            "bg_content_op": 50,
            "content_pd_tb": 20,
            "content_pd_lr": 20,
            "content_pd_tb_mb": 10,
            "content_pd_lr_mb": 10,
            "border_bl": false,
            "br_color": "#222222",
            "br_bg": "#ffffff",
            "br_opacity": 50,
            "br_style": "solid",
            "br_pd": 20,
            "br_pd_mb": 10,
            "time_animation": 1,
            "animation_delay": 40
          }
        },
        "4eb11f08-7cee-49f8-a8a4-ff4514bec971": {
          "type": "custom_button",
          "settings": {
            "button_text": "Tableware & Accessories",
            "button_link": "shopify:\/\/collections\/tableware-accessories",
            "target_link": "_self",
            "fontf": "inherit",
            "button_icon_w": 0,
            "button_style": "default",
            "button_effect": "fade",
            "pri_cl": "#ffffff",
            "second_cl": "#222222",
            "pri_cl_hover": "#eb0f5d",
            "second_cl_hover": "#ffffff",
            "fsbutton": 14,
            "fwbutton": 400,
            "button_ls": 1.5,
            "button_mh": 48,
            "button_bdr": 0,
            "button_pd_lr": 20,
            "button_mgb": 0,
            "hidden_mobile": false,
            "button_icon_w_mb": 0,
            "fsbutton_mb": 14,
            "button_mh_mb": 40,
            "button_pd_lr_mb": 15,
            "button_ls_mb": 1,
            "button_mgb_mb": 0,
            "animation": "fadeInUp"
          }
        },
        "1646796068d8bf97e5-0": {
          "type": "b_item",
          "settings": {
            "custom_dk": true,
            "height_dk": 600,
            "custom_tb": true,
            "height_tb": 400,
            "custom_mb": true,
            "height_mb": 300,
            "image": "shopify:\/\/shop_images\/banner3jpg_540x_56ecfc72-2b5b-45de-a89c-5b09f05a0fa0.jpg",
            "b_link": "shopify:\/\/collections",
            "open_link": "_self",
            "img_effect": "rotate",
            "b_effect": "pervasive-circle",
            "col_dk": "3",
            "col_tb": "3",
            "col_mb": "12",
            "content_align": "start",
            "content_align_mobile": "center",
            "content_width": "auto",
            "cv_pos": 90,
            "ch_pos": 50,
            "cv_pos_mb": 90,
            "ch_pos_mb": 50,
            "bg_overlay": "#000000",
            "bg_opacity": 0,
            "bg_content_bl": false,
            "bg_content_cl": "#ffffff",
            "bg_content_op": 50,
            "content_pd_tb": 20,
            "content_pd_lr": 20,
            "content_pd_tb_mb": 10,
            "content_pd_lr_mb": 10,
            "border_bl": false,
            "br_color": "#222222",
            "br_bg": "#ffffff",
            "br_opacity": 50,
            "br_style": "solid",
            "br_pd": 20,
            "br_pd_mb": 10,
            "time_animation": 1,
            "animation_delay": 40
          }
        },
        "4eb11f08-7cee-49f8-a8a4-ff4514bec972": {
          "type": "custom_button",
          "settings": {
            "button_text": "Cookware  & Kitchen",
            "button_link": "shopify:\/\/collections\/cookware-kitchen",
            "target_link": "_self",
            "fontf": "inherit",
            "button_icon_w": 0,
            "button_style": "default",
            "button_effect": "fade",
            "pri_cl": "#ffffff",
            "second_cl": "#222222",
            "pri_cl_hover": "#eb0f5d",
            "second_cl_hover": "#ffffff",
            "fsbutton": 14,
            "fwbutton": 400,
            "button_ls": 1.5,
            "button_mh": 48,
            "button_bdr": 0,
            "button_pd_lr": 20,
            "button_mgb": 0,
            "hidden_mobile": false,
            "button_icon_w_mb": 0,
            "fsbutton_mb": 14,
            "button_mh_mb": 40,
            "button_pd_lr_mb": 15,
            "button_ls_mb": 1,
            "button_mgb_mb": 0,
            "animation": "fadeInUp"
          }
        }
      },
      "block_order": [
        "1646796068d8bf97e3-0",
        "4eb11f08-7cee-49f8-a8a4-ff4514bec970",
        "1646796068d8bf97e4-0",
        "4eb11f08-7cee-49f8-a8a4-ff4514bec971",
        "1646796068d8bf97e5-0",
        "4eb11f08-7cee-49f8-a8a4-ff4514bec972"
      ],
      "settings": {
        "image_ratio": "ratioadapt",
        "image_size": "cover",
        "image_position": "8",
        "equal_height": false,
        "space_h_item": "20",
        "space_v_item": "20",
        "space_h_item_mb": "10",
        "space_v_item_mb": "10",
        "layout": "t4s-container-fluid",
        "cl_bg": "",
        "cl_bg_gradient": "",
        "mg": ",,75px,",
        "pd": "0,50px,0,50px",
        "mg_mb": ",,30px,",
        "pd_mb": "0,10px,0,10px",
        "use_cus_css": false,
        "code_cus_css": ".SectionID {\nbackground-color:red\n}"
      }
    },
    "1646812449af3bd4a9": {
      "type": "tabs-collection",
      "blocks": {
        "16468124490a29449a-0": {
          "type": "tab_item",
          "settings": {
            "tab_title": "Kitchen Tools",
            "icon_title": "",
            "collection": "tableware-accessories",
            "product_des": "1",
            "show_vendor": false,
            "image_ratio": "rationt",
            "image_size": "cover",
            "image_position": "8",
            "content_align": "start",
            "limit": 8,
            "col_dk": "4",
            "col_tb": "2",
            "col_mb": "2",
            "space_h_item": "30",
            "space_v_item": "30",
            "space_h_item_mb": "10",
            "space_v_item_mb": "10",
            "layout_des": "1",
            "loop": true,
            "au_time": 0,
            "au_hover": true,
            "nav_btn": true,
            "btn_vi": "hover",
            "btn_owl": "default",
            "btn_shape": "none",
            "btn_cl": "dark",
            "btn_size": "small",
            "btn_hidden_mobile": false,
            "nav_dot": true,
            "dot_owl": "default",
            "dots_cl": "dark",
            "dots_round": false,
            "dots_space": 10,
            "dots_hidden_mobile": false,
            "use_pagination": "load-more",
            "enable_bar_lm": false,
            "btn_icon": true,
            "button_style": "default",
            "btns_size": "large",
            "btns_cl": "custom1",
            "button_effect": "rectangle-out",
            "btn_pos": "t4s-text-center"
          }
        },
        "16468124490a29449a-1": {
          "type": "tab_item",
          "settings": {
            "tab_title": "Cookware",
            "icon_title": "",
            "collection": "cookware-kitchen",
            "product_des": "1",
            "show_vendor": false,
            "image_ratio": "rationt",
            "image_size": "cover",
            "image_position": "8",
            "content_align": "start",
            "limit": 8,
            "col_dk": "4",
            "col_tb": "2",
            "col_mb": "2",
            "space_h_item": "30",
            "space_v_item": "30",
            "space_h_item_mb": "10",
            "space_v_item_mb": "10",
            "layout_des": "2",
            "loop": true,
            "au_time": 0,
            "au_hover": true,
            "nav_btn": true,
            "btn_vi": "hover",
            "btn_owl": "default",
            "btn_shape": "none",
            "btn_cl": "dark",
            "btn_size": "small",
            "btn_hidden_mobile": false,
            "nav_dot": true,
            "dot_owl": "default",
            "dots_cl": "dark",
            "dots_round": false,
            "dots_space": 10,
            "dots_hidden_mobile": false,
            "use_pagination": "none",
            "enable_bar_lm": false,
            "btn_icon": true,
            "button_style": "default",
            "btns_size": "large",
            "btns_cl": "custom1",
            "button_effect": "rectangle-out",
            "btn_pos": "t4s-text-center"
          }
        },
        "16468124490a29449a-2": {
          "type": "tab_item",
          "settings": {
            "tab_title": "Accessories",
            "icon_title": "",
            "collection": "rugs-textiles",
            "product_des": "1",
            "show_vendor": false,
            "image_ratio": "rationt",
            "image_size": "cover",
            "image_position": "8",
            "content_align": "start",
            "limit": 8,
            "col_dk": "4",
            "col_tb": "2",
            "col_mb": "2",
            "space_h_item": "30",
            "space_v_item": "30",
            "space_h_item_mb": "10",
            "space_v_item_mb": "10",
            "layout_des": "1",
            "loop": true,
            "au_time": 0,
            "au_hover": true,
            "nav_btn": true,
            "btn_vi": "hover",
            "btn_owl": "default",
            "btn_shape": "none",
            "btn_cl": "dark",
            "btn_size": "small",
            "btn_hidden_mobile": false,
            "nav_dot": true,
            "dot_owl": "default",
            "dots_cl": "dark",
            "dots_round": false,
            "dots_space": 10,
            "dots_hidden_mobile": false,
            "use_pagination": "none",
            "enable_bar_lm": false,
            "btn_icon": true,
            "button_style": "default",
            "btns_size": "large",
            "btns_cl": "custom1",
            "button_effect": "rectangle-out",
            "btn_pos": "t4s-text-center"
          }
        }
      },
      "block_order": [
        "16468124490a29449a-0",
        "16468124490a29449a-1",
        "16468124490a29449a-2"
      ],
      "settings": {
        "design_heading": "1",
        "heading_align": "t4s-text-center",
        "top_heading": "Shop The Collection",
        "icon_heading": "las la-gem",
        "top_subheading": "",
        "tophead_mb": 20,
        "tabs_des": "border",
        "tabs_border": "dashed",
        "item_rounded": true,
        "item_cl": "#222222",
        "item_bg": "",
        "item_cl_active": "#222222",
        "item_bg_active": "#222222",
        "space_between": 30,
        "tabs_pos": "center",
        "tabslist_mb": 30,
        "layout": "t4s-container-wrap",
        "cl_bg": "",
        "cl_bg_gradient": "",
        "mg": ",,90px,",
        "pd": "",
        "mg_mb": ",,50px,",
        "pd_mb": "",
        "use_cus_css": false,
        "code_cus_css": ".SectionID {\nbackground-color:red\n}"
      }
    },
    "164679102840c63122": {
      "type": "custom-section",
      "blocks": {
        "1646791028414e4c4b-0": {
          "type": "bl_col",
          "settings": {
            "col_dk": "6",
            "col_tb": "6",
            "col_mb": "12",
            "align_vertical": true,
            "content_align": "start",
            "content_align_mobile": "center",
            "padding_inner": "121px,50px,121px,150px",
            "padding_inner_mb": "60px,15px,30px,15px",
            "bg_image": "shopify:\/\/shop_images\/1_15c3f4a3-4acc-4e8a-bb44-550263d87851.jpg",
            "bg_cl": "rgba(0,0,0,0)"
          }
        },
        "1646791028414e4c4b-1": {
          "type": "custom_text",
          "settings": {
            "text": "SUBSCRIBE TO OUR NEWSLETTERS",
            "remove_br_tag": false,
            "fontf": "2",
            "text_cl": "#000000",
            "text_fs": 14,
            "text_lh": 20,
            "text_fw": 400,
            "text_ls": 0.5,
            "font_italic": false,
            "text_shadow": false,
            "text_mgb": 0,
            "hidden_mobile": false,
            "text_fs_mb": 14,
            "text_lh_mb": 0,
            "text_ls_mb": 0,
            "text_mgb_mobile": 10
          }
        },
        "1646791028414e4c4b-2": {
          "type": "custom_text",
          "settings": {
            "text": "Keep up to Date with Our New Collection and <br>Exclusive Offers",
            "remove_br_tag": true,
            "fontf": "1",
            "text_cl": "#222222",
            "text_fs": 25,
            "text_lh": 35,
            "text_fw": 500,
            "text_ls": 0,
            "font_italic": false,
            "text_shadow": false,
            "text_mgb": 0,
            "hidden_mobile": false,
            "text_fs_mb": 20,
            "text_lh_mb": 0,
            "text_ls_mb": 0,
            "text_mgb_mobile": 0
          }
        },
        "1646791028414e4c4b-3": {
          "type": "bl_col",
          "settings": {
            "col_dk": "6",
            "col_tb": "6",
            "col_mb": "12",
            "align_vertical": true,
            "content_align": "start",
            "content_align_mobile": "center",
            "padding_inner": "30px,30px,30px,30px",
            "padding_inner_mb": "30px,,30px",
            "bg_image": "shopify:\/\/shop_images\/2_95bfbc5c-52ed-45fb-8768-1842e3f96d3b.jpg",
            "bg_cl": "rgba(0,0,0,0)"
          }
        },
        "1646791028414e4c4b-4": {
          "type": "newsletter",
          "settings": {
            "form_width": 660,
            "form_width_mb": 500,
            "newl_des": "3",
            "news_align": "start",
            "newl_size": "medium",
            "btn_icon": false,
            "input_cl": "#ffffff",
            "border_cl": "#ffffff",
            "btn_cl": "#ffffff",
            "btn_bg_cl": "#000000",
            "btn_hover_cl": "#ffffff",
            "btn_hover_bg_cl": "#eb0f5d",
            "hidden_mobile": false,
            "mgb": 0,
            "mgb_mb": 0,
            "animation": "none"
          }
        }
      },
      "block_order": [
        "1646791028414e4c4b-0",
        "1646791028414e4c4b-1",
        "1646791028414e4c4b-2",
        "1646791028414e4c4b-3",
        "1646791028414e4c4b-4"
      ],
      "settings": {
        "space_h_item": "0",
        "space_v_item": "0",
        "space_h_item_mb": "0",
        "space_v_item_mb": "0",
        "layout": "t4s-container-fluid",
        "cl_bg": "rgba(0,0,0,0)",
        "cl_bg_gradient": "",
        "mg": "0,0,45px,0",
        "pd": "0,50px,0,50px",
        "mg_mb": "0,0,45px,0",
        "pd_mb": "0,10px,0,10px",
        "use_cus_css": false,
        "code_cus_css": ".SectionID {\nbackground-color:red\n}"
      }
    },
    "16468088995ecbf14d": {
      "type": "custom-section",
      "blocks": {
        "16468088996d5b85b8-0": {
          "type": "bl_col",
          "settings": {
            "col_dk": "12",
            "col_tb": "6",
            "col_mb": "12",
            "align_vertical": true,
            "content_align": "center",
            "content_align_mobile": "center",
            "padding_inner": "30px,,30px",
            "padding_inner_mb": "",
            "bg_cl": "rgba(0,0,0,0)"
          }
        },
        "16468088996d5b85b8-1": {
          "type": "custom_text",
          "settings": {
            "text": "Trending Products",
            "remove_br_tag": false,
            "fontf": "1",
            "text_cl": "#222222",
            "text_fs": 30,
            "text_lh": 0,
            "text_fw": 600,
            "text_ls": 0.5,
            "font_italic": false,
            "text_shadow": false,
            "text_mgb": 10,
            "hidden_mobile": false,
            "text_fs_mb": 24,
            "text_lh_mb": 0,
            "text_ls_mb": 0,
            "text_mgb_mobile": 10
          }
        },
        "16468088996d5b85b8-2": {
          "type": "custom_text",
          "settings": {
            "text": "Get through all trending products and get your best deal",
            "remove_br_tag": false,
            "fontf": "inherit",
            "text_cl": "#878787",
            "text_fs": 15,
            "text_lh": 24,
            "text_fw": 400,
            "text_ls": 0,
            "font_italic": false,
            "text_shadow": false,
            "text_mgb": 0,
            "hidden_mobile": false,
            "text_fs_mb": 16,
            "text_lh_mb": 0,
            "text_ls_mb": 0,
            "text_mgb_mobile": 0
          }
        }
      },
      "block_order": [
        "16468088996d5b85b8-0",
        "16468088996d5b85b8-1",
        "16468088996d5b85b8-2"
      ],
      "settings": {
        "space_h_item": "30",
        "space_v_item": "30",
        "space_h_item_mb": "10",
        "space_v_item_mb": "10",
        "layout": "t4s-container-wrap",
        "cl_bg": "",
        "cl_bg_gradient": "",
        "mg": ",,30px,",
        "pd": "",
        "mg_mb": ",,30px,",
        "pd_mb": "",
        "use_cus_css": false,
        "code_cus_css": ".SectionID {\nbackground-color:red\n}"
      }
    },
    "1646808724969bcbcf": {
      "type": "featured-collection",
      "settings": {
        "design_heading": "1",
        "heading_align": "t4s-text-center",
        "top_heading": "",
        "icon_heading": "las la-gem",
        "top_subheading": "",
        "tophead_mb": 30,
        "collection": "rugs-textiles",
        "product_des": "1",
        "show_vendor": false,
        "image_ratio": "rationt",
        "image_size": "cover",
        "image_position": "8",
        "content_align": "default",
        "limit": 8,
        "col_dk": "4",
        "col_tb": "2",
        "col_mb": "2",
        "space_h_item": "30",
        "space_v_item": "30",
        "space_h_item_mb": "10",
        "space_v_item_mb": "10",
        "layout_des": "1",
        "loop": true,
        "au_time": 0,
        "au_hover": true,
        "nav_btn": true,
        "btn_vi": "hover",
        "btn_owl": "default",
        "btn_shape": "none",
        "btn_cl": "dark",
        "btn_size": "small",
        "btn_hidden_mobile": false,
        "nav_dot": true,
        "dot_owl": "default",
        "dots_cl": "dark",
        "dots_round": false,
        "dots_space": 10,
        "dots_hidden_mobile": false,
        "use_pagination": "none",
        "enable_bar_lm": true,
        "btn_icon": false,
        "button_style": "outline",
        "btns_size": "medium",
        "btns_cl": "default",
        "button_effect": "fade",
        "btn_pos": "t4s-text-center",
        "layout": "t4s-container-wrap",
        "cl_bg": "",
        "cl_bg_gradient": "",
        "mg": ",,60px,",
        "pd": "",
        "mg_mb": ",,30px,",
        "pd_mb": "",
        "use_cus_css": false,
        "code_cus_css": ".SectionID {\nbackground-color:red\n}"
      }
    },
    "1646763353af01205b": {
      "type": "custom-section",
      "blocks": {
        "16467633536e18ad68-0": {
          "type": "bl_col",
          "settings": {
            "col_dk": "12",
            "col_tb": "12",
            "col_mb": "12",
            "align_vertical": true,
            "content_align": "center",
            "content_align_mobile": "center",
            "padding_inner": "30px,,30px",
            "padding_inner_mb": "",
            "bg_cl": "rgba(0,0,0,0)"
          }
        },
        "16467633536e18ad68-1": {
          "type": "custom_text",
          "settings": {
            "text": "Recent Projects",
            "remove_br_tag": false,
            "fontf": "2",
            "text_cl": "#222222",
            "text_fs": 30,
            "text_lh": 0,
            "text_fw": 600,
            "text_ls": 0.5,
            "font_italic": false,
            "text_shadow": false,
            "text_mgb": 10,
            "hidden_mobile": false,
            "text_fs_mb": 24,
            "text_lh_mb": 0,
            "text_ls_mb": 0,
            "text_mgb_mobile": 10
          }
        },
        "16467633536e18ad68-2": {
          "type": "custom_text",
          "settings": {
            "text": "Dolor sit amet, consectetur adipisicing elit, sed do eiusmod te",
            "remove_br_tag": true,
            "fontf": "inherit",
            "text_cl": "#878787",
            "text_fs": 15,
            "text_lh": 20,
            "text_fw": 400,
            "text_ls": 0,
            "font_italic": false,
            "text_shadow": false,
            "text_mgb": 0,
            "hidden_mobile": false,
            "text_fs_mb": 14,
            "text_lh_mb": 0,
            "text_ls_mb": 0,
            "text_mgb_mobile": 0
          }
        }
      },
      "block_order": [
        "16467633536e18ad68-0",
        "16467633536e18ad68-1",
        "16467633536e18ad68-2"
      ],
      "settings": {
        "space_h_item": "30",
        "space_v_item": "30",
        "space_h_item_mb": "10",
        "space_v_item_mb": "10",
        "layout": "t4s-container-wrap",
        "cl_bg": "",
        "cl_bg_gradient": "",
        "mg": "",
        "pd": "",
        "mg_mb": "0,0,30px,0",
        "pd_mb": "",
        "use_cus_css": false,
        "code_cus_css": ".SectionID {\nbackground-color:red\n}"
      }
    },
    "164681441108635687": {
      "type": "collections-list-manual",
      "blocks": {
        "16468144115457315e-0": {
          "type": "collection_item",
          "settings": {
            "collection": "cookware-kitchen",
            "image": "shopify:\/\/shop_images\/1_540x_669da099-d1a6-4258-aedf-d40077a598e3.jpg",
            "collection_title": "Collection title",
            "collection_link": ""
          }
        },
        "16468144115457315e-1": {
          "type": "collection_item",
          "settings": {
            "collection": "rugs-textiles",
            "image": "shopify:\/\/shop_images\/2_540x_2ea0d751-e98c-47de-a15d-dd844aee40bd.jpg",
            "collection_title": "Collection title",
            "collection_link": ""
          }
        },
        "16468144115457315e-2": {
          "type": "collection_item",
          "settings": {
            "collection": "rugs-textiles",
            "image": "shopify:\/\/shop_images\/3_540x_60c9502f-3fdf-43cd-aab4-62a6ddb8a042.jpg",
            "collection_title": "Collection title",
            "collection_link": ""
          }
        },
        "1bbd0043-3bd4-4589-a0b4-10acbfba6322": {
          "type": "collection_item",
          "settings": {
            "collection": "tableware-accessories",
            "image": "shopify:\/\/shop_images\/4_540x_0daf1b93-dadc-4ac9-a63e-22733e28978b.jpg",
            "collection_title": "Collection title",
            "collection_link": ""
          }
        },
        "06c464c2-b88e-4452-bcca-70603282cc58": {
          "type": "collection_item",
          "settings": {
            "collection": "cookware-kitchen",
            "image": "shopify:\/\/shop_images\/5_540x_afd238c2-16a5-4b88-90f6-899417c165e4.jpg",
            "collection_title": "Collection title",
            "collection_link": ""
          }
        },
        "3f642884-a5f9-4338-8775-df47eb348df8": {
          "type": "collection_item",
          "settings": {
            "collection": "rugs-textiles",
            "image": "shopify:\/\/shop_images\/6_540x_d025ce37-0d68-4de1-a1fe-db9690c5b12c.jpg",
            "collection_title": "Collection title",
            "collection_link": ""
          }
        },
        "c4d71568-2fd5-44b8-976f-82e0e8ae5a3d": {
          "type": "collection_item",
          "settings": {
            "collection": "tableware-accessories",
            "image": "shopify:\/\/shop_images\/7_540x_3b546da4-da70-4fbe-b32a-9cc24a0be9fd.jpg",
            "collection_title": "Collection title",
            "collection_link": ""
          }
        },
        "cc1e0e91-86de-4340-baea-ea402048bae1": {
          "type": "collection_item",
          "settings": {
            "collection": "rugs-textiles",
            "image": "shopify:\/\/shop_images\/8_540x_c56aa8d2-bd9d-40d9-a5a9-1670c21ddce1.jpg",
            "collection_title": "Collection title",
            "collection_link": ""
          }
        }
      },
      "block_order": [
        "16468144115457315e-0",
        "16468144115457315e-1",
        "16468144115457315e-2",
        "1bbd0043-3bd4-4589-a0b4-10acbfba6322",
        "06c464c2-b88e-4452-bcca-70603282cc58",
        "3f642884-a5f9-4338-8775-df47eb348df8",
        "c4d71568-2fd5-44b8-976f-82e0e8ae5a3d",
        "cc1e0e91-86de-4340-baea-ea402048bae1"
      ],
      "settings": {
        "design_heading": "1",
        "heading_align": "t4s-text-center",
        "top_heading": "",
        "icon_heading": "las la-gem",
        "top_subheading": "",
        "tophead_mb": 60,
        "collection_des": "8",
        "title_cl": "#ffffff",
        "title_cl_hover": "#222222",
        "subtitle_cl": "#878787",
        "count_cl": "#222222",
        "border_cl": "#e5e5e5",
        "collection_subtitle": "Products",
        "open_link": "_self",
        "space_bottom": 20,
        "space_bottom_mb": 10,
        "border": false,
        "item_rd": 0,
        "img_effect": "zoom",
        "b_effect": "none",
        "image_ratio": "ratio1_1",
        "image_size": "cover",
        "image_position": "9",
        "coll_layout": "3",
        "layout": "t4s-container-fluid",
        "cl_bg": "",
        "cl_bg_gradient": "",
        "mg": "",
        "pd": "0,50px,0,50px",
        "mg_mb": "",
        "pd_mb": "0,10px,0,10px",
        "use_cus_css": false,
        "code_cus_css": ".SectionID {\nbackground-color:red\n}"
      }
    },
    "164680786719843126": {
      "type": "shipping",
      "blocks": {
        "164680786656427398-0": {
          "type": "shipping",
          "settings": {
            "icon_themes": "car",
            "image_icon": "shopify:\/\/shop_images\/1.png",
            "icon": "tractor",
            "title": "FREE SHIPPING",
            "text": "<p>Whether it's a sofa or a sheet set, delivery's<br\/>on the house.<\/p>"
          }
        },
        "164680786656427398-1": {
          "type": "shipping",
          "settings": {
            "icon_themes": "diamond",
            "image_icon": "shopify:\/\/shop_images\/2.png",
            "icon": "life-ring",
            "title": "PREMIUM DESIGN",
            "text": "<p>Shop zillions of finds, with new arrivals<br\/>added daily.<\/p>"
          }
        },
        "164680786656427398-2": {
          "type": "shipping",
          "settings": {
            "icon_themes": "gift",
            "image_icon": "shopify:\/\/shop_images\/3.gif",
            "icon": "undo-alt",
            "title": "BEAUTIFUL GIFT WRAPPING",
            "text": "<p>Use the Credit Card to save on your first<br\/>order over $250.<\/p>"
          }
        }
      },
      "block_order": [
        "164680786656427398-0",
        "164680786656427398-1",
        "164680786656427398-2"
      ],
      "settings": {
        "design_heading": "1",
        "heading_align": "t4s-text-center",
        "top_heading": "",
        "icon_heading": "las la-gem",
        "top_subheading": "",
        "tophead_mb": 30,
        "content_align": "text-center",
        "align_vertical": false,
        "design_padding": "1",
        "source": "get_image",
        "icon_des": "deafult",
        "icon_size": "small",
        "col_dk": "3",
        "col_tb": "3",
        "col_mb": "1",
        "border": false,
        "cl_bd": "#dddddd",
        "cl_ic": "#9e9e9e",
        "cl_hd": "#222222",
        "cl_cot": "#878787",
        "bg_item": "#ffffff",
        "space_h_item": "30",
        "space_v_item": "30",
        "space_h_item_mb": "10",
        "space_v_item_mb": "30",
        "carousel_mobile": true,
        "dots_cl": "dark",
        "dots_round": true,
        "layout": "t4s-container-wrap",
        "cl_bg": "rgba(0,0,0,0)",
        "cl_bg_gradient": "",
        "mg": "",
        "pd": "80px,0,80px,0",
        "mg_mb": "",
        "pd_mb": "41px,0,41px,0",
        "use_cus_css": false,
        "code_cus_css": ".SectionID {\nbackground-color:red\n}"
      }
    }
  },
  "order": [
    "164679487424973fe7",
    "16467960694c6c4b54",
    "1646812449af3bd4a9",
    "164679102840c63122",
    "16468088995ecbf14d",
    "1646808724969bcbcf",
    "1646763353af01205b",
    "164681441108635687",
    "164680786719843126"
  ]
}