{
    "sections": {
      "16474542150da19baf": {
        "type": "lookbook-img",
        "blocks": {
          "f97eaa99-35bb-4980-a11a-30e12438164d": {
            "type": "pr",
            "settings": {
              "pos_t": 25,
              "pos_l": 42,
              "type": "1",
              "shorttxt": "$59",
              "pos_size": "medium",
              "bg_cl": "#fe0089",
              "cl_text": "#ffffff",
              "pos_popup": "top",
              "size_popup": "medium",
              "product": "sport-sleeve-resort-shirt"
            }
          },
          "63d421b8-ead4-4f5e-98e0-890b492aff5c": {
            "type": "pr",
            "settings": {
              "pos_t": 26,
              "pos_l": 83,
              "type": "1",
              "shorttxt": "$59",
              "pos_size": "medium",
              "bg_cl": "#fe0089",
              "cl_text": "#ffffff",
              "pos_popup": "top",
              "size_popup": "medium",
              "product": "carissa-baby-doll-mini-dress"
            }
          },
          "34a59ea8-6fc0-477a-b862-d7a1ddfb8daf": {
            "type": "pr",
            "settings": {
              "pos_t": 59,
              "pos_l": 33,
              "type": "1",
              "shorttxt": "$59",
              "pos_size": "medium",
              "bg_cl": "#fe0089",
              "cl_text": "#ffffff",
              "pos_popup": "top",
              "size_popup": "medium",
              "product": "juno-plimsoll"
            }
          },
          "a84f8baa-55e8-4a2c-84b6-fc9ffbab980b": {
            "type": "pr",
            "settings": {
              "pos_t": 70,
              "pos_l": 82,
              "type": "1",
              "shorttxt": "$59",
              "pos_size": "medium",
              "bg_cl": "#fe0089",
              "cl_text": "#ffffff",
              "pos_popup": "top",
              "size_popup": "medium",
              "product": "91-short-sleeve-shirt"
            }
          }
        },
        "block_order": [
          "f97eaa99-35bb-4980-a11a-30e12438164d",
          "63d421b8-ead4-4f5e-98e0-890b492aff5c",
          "34a59ea8-6fc0-477a-b862-d7a1ddfb8daf",
          "a84f8baa-55e8-4a2c-84b6-fc9ffbab980b"
        ],
        "settings": {
          "design_heading": "1",
          "heading_align": "t4s-text-center",
          "top_heading": "",
          "icon_heading": "las la-gem",
          "top_subheading": "",
          "tophead_mb": 30,
          "img_size": "1",
          "image": "shopify:\/\/shop_images\/lb4_1950x_1.jpg",
          "pr_pin_des": "1",
          "layout": "t4s-container-fluid",
          "cl_bg": "",
          "cl_bg_gradient": "",
          "mg": ",,,",
          "pd": "",
          "mg_mb": ",,,",
          "pd_mb": ""
        }
      },
      "1647454418be5babf6": {
        "type": "lookbook-packery",
        "blocks": {
          "1647454418263422a3-0": {
            "type": "img",
            "settings": {
              "image": "shopify:\/\/shop_images\/lb5_720x_1f17cd89-938c-4e13-8cb5-f790e4c871b4.jpg",
              "col_pr": "4",
              "col_pr_tb": "4",
              "col_pr_mb": "12"
            }
          },
          "c1e920b5-1d06-42f6-8578-a4c77b97faa3": {
            "type": "pr",
            "settings": {
              "pos_t": 42,
              "pos_l": 60,
              "type": "1",
              "shorttxt": "$59",
              "pos_pin": "top",
              "pos_size": "medium",
              "effect": "fade",
              "bg_cl": "#fe0089",
              "cl_text": "#ffffff",
              "product": "91-short-sleeve-shirt"
            }
          },
          "4e3ba366-8c8f-4561-9cc2-c229d9a87c09": {
            "type": "pr",
            "settings": {
              "pos_t": 76,
              "pos_l": 83,
              "type": "1",
              "shorttxt": "$59",
              "pos_pin": "top",
              "pos_size": "medium",
              "effect": "fade",
              "bg_cl": "#fe0089",
              "cl_text": "#ffffff",
              "product": "tbar-collab-character-t-shirt"
            }
          },
          "1647454418263422a3-1": {
            "type": "img",
            "settings": {
              "image": "shopify:\/\/shop_images\/lb3_1296x_f813ed02-bf1f-4229-a4f2-4bce293bf078.jpg",
              "col_pr": "8",
              "col_pr_tb": "8",
              "col_pr_mb": "12"
            }
          },
          "9fc040d9-2ac4-4a96-9ad0-649ce342a57f": {
            "type": "pr",
            "settings": {
              "pos_t": 66,
              "pos_l": 27,
              "type": "1",
              "shorttxt": "$59",
              "pos_pin": "top",
              "pos_size": "medium",
              "effect": "fade",
              "bg_cl": "#fe0089",
              "cl_text": "#ffffff",
              "product": "chrono-gunmetal-sandstone-watch"
            }
          },
          "34fa5b51-3ac5-4679-b6c9-a00882d69813": {
            "type": "pr",
            "settings": {
              "pos_t": 34,
              "pos_l": 42,
              "type": "1",
              "shorttxt": "$59",
              "pos_pin": "top",
              "pos_size": "medium",
              "effect": "fade",
              "bg_cl": "#fe0089",
              "cl_text": "#ffffff",
              "product": "juno-plimsoll"
            }
          },
          "a83ca7b7-cb80-470d-9de2-831a71d11d03": {
            "type": "txt",
            "settings": {
              "pos_t": 36,
              "pos_l": 65,
              "type": "1",
              "shorttxt": "$59",
              "pos_pin": "top",
              "pos_size": "medium",
              "effect": "fade",
              "bg_cl": "#fe0089",
              "cl_text": "#ffffff",
              "heading": "01 - Water Resistance",
              "text": "<p>With groundbreaking water resistant capabilities, The Mission has the highest waterproof rating of any smartwatch on the market.<\/p>"
            }
          },
          "50512042-98db-4eb2-9ffd-6e7825c6a4c3": {
            "type": "pr",
            "settings": {
              "pos_t": 85,
              "pos_l": 77,
              "type": "1",
              "shorttxt": "$59",
              "pos_pin": "top",
              "pos_size": "medium",
              "effect": "fade",
              "bg_cl": "#fe0089",
              "cl_text": "#ffffff",
              "product": "essential-longline-curved-hem"
            }
          }
        },
        "block_order": [
          "1647454418263422a3-0",
          "c1e920b5-1d06-42f6-8578-a4c77b97faa3",
          "4e3ba366-8c8f-4561-9cc2-c229d9a87c09",
          "1647454418263422a3-1",
          "9fc040d9-2ac4-4a96-9ad0-649ce342a57f",
          "34fa5b51-3ac5-4679-b6c9-a00882d69813",
          "a83ca7b7-cb80-470d-9de2-831a71d11d03",
          "50512042-98db-4eb2-9ffd-6e7825c6a4c3"
        ],
        "settings": {
          "design_heading": "1",
          "heading_align": "t4s-text-center",
          "top_heading": "",
          "icon_heading": "las la-gem",
          "top_subheading": "",
          "tophead_mb": 30,
          "space": "0",
          "space_mb": "0",
          "image_ratio": "ratioadapt",
          "image_size": "cover",
          "image_position": "8",
          "pr_pin_des": "1",
          "layout": "t4s-container-fluid",
          "cl_bg": "",
          "cl_bg_gradient": "",
          "mg": ",,90px,",
          "pd": "",
          "mg_mb": ",,90px,",
          "pd_mb": ""
        }
      },
      "164744520091adad6a": {
        "type": "featured-collection",
        "settings": {
          "design_heading": "8",
          "heading_align": "t4s-text-center",
          "top_heading": "best seller products",
          "icon_heading": "las la-gem",
          "top_subheading": "Dolor sit amet, consectetur adipisicing elit, sed do eiusmod tempor!",
          "tophead_mb": 30,
          "collection": "fashion-trend",
          "product_des": "1",
          "show_vendor": false,
          "image_ratio": "ratioadapt",
          "image_size": "cover",
          "image_position": "8",
          "content_align": "default",
          "limit": 8,
          "col_dk": "4",
          "col_tb": "3",
          "col_mb": "2",
          "space_h_item": "30",
          "space_v_item": "30",
          "space_h_item_mb": "10",
          "space_v_item_mb": "10",
          "layout_des": "1",
          "loop": true,
          "au_time": 0,
          "au_hover": true,
          "nav_btn": true,
          "btn_vi": "hover",
          "btn_owl": "outline",
          "btn_shape": "round",
          "btn_cl": "primary",
          "btn_size": "small",
          "btn_hidden_mobile": false,
          "nav_dot": false,
          "dot_owl": "default",
          "dots_cl": "dark",
          "dots_round": false,
          "dots_space": 10,
          "dots_hidden_mobile": false,
          "use_pagination": "load-more",
          "enable_bar_lm": false,
          "btn_icon": false,
          "button_style": "outline",
          "btns_size": "large",
          "btns_cl": "dark",
          "button_effect": "fade",
          "btn_pos": "t4s-text-center",
          "layout": "t4s-se-container",
          "cl_bg": "",
          "cl_bg_gradient": "",
          "mg": ",,90px,",
          "pd": ",,,",
          "mg_mb": ",,60px,",
          "pd_mb": ",,,",
          "use_cus_css": false,
          "code_cus_css": ".SectionID {\nbackground-color:red\n}"
        }
      },
      "1647418816dd2ce726": {
        "type": "blog-post",
        "settings": {
          "design_heading": "8",
          "heading_align": "t4s-text-center",
          "top_heading": "latest blog posts",
          "icon_heading": "las la-gem",
          "top_subheading": "Dolor sit amet, consectetur adipisicing elit, sed do eiusmod tempor!",
          "tophead_mb": 30,
          "blog": "blog-home-fashion-trend",
          "post_des": "1",
          "show_cate": false,
          "show_tags": false,
          "show_cnt": true,
          "show_au": true,
          "show_dt": true,
          "show_cm": false,
          "show_rm": false,
          "show_irm": false,
          "date": "date",
          "content_align": "t4s-text-start",
          "limit": 8,
          "img_effect": "zoom",
          "b_effect": "pervasive-circle",
          "image_ratio": "ratio4_3",
          "image_size": "cover",
          "image_position": "8",
          "col_dk": "3",
          "col_tb": "2",
          "col_mb": "1",
          "space_h_item": "30",
          "space_v_item": "30",
          "space_h_item_mb": "30",
          "space_v_item_mb": "30",
          "layout_des": "2",
          "loop": true,
          "au_time": 0,
          "au_hover": true,
          "nav_btn": true,
          "btn_vi": "always",
          "btn_owl": "outline",
          "btn_shape": "round",
          "btn_cl": "primary",
          "btn_size": "small",
          "btn_hidden_mobile": false,
          "nav_dot": false,
          "dot_owl": "default",
          "dots_cl": "dark",
          "dots_round": false,
          "dots_space": 10,
          "dots_hidden_mobile": false,
          "use_pagination": "none",
          "enable_bar_lm": true,
          "btn_icon": false,
          "button_style": "default",
          "btns_size": "medium",
          "btns_cl": "default",
          "button_effect": "fade",
          "btn_pos": "t4s-text-center",
          "layout": "t4s-container-wrap",
          "cl_bg": "",
          "cl_bg_gradient": "",
          "mg": ",,110px,",
          "pd": "",
          "mg_mb": ",,60px,",
          "pd_mb": "",
          "use_cus_css": true,
          "code_cus_css": ".t4s_nt_se_template--15799152378112__1647418816dd2ce726 .t4s-post-item .t4s-post-title {\n    font-weight: 500;\n}"
        }
      },
      "16474466970eefb769": {
        "type": "instagram-shop",
        "disabled": true,
        "blocks": {
          "16474466978eef87ac-0": {
            "type": "img",
            "settings": {
              "url": "shopify:\/\/collections",
              "product_1": "analogue-resin-strap",
              "pos_t_1": 50,
              "pos_l_1": 50,
              "pos_popup_1": "top",
              "cl_pin_1": "dark",
              "product_2": "",
              "pos_t_2": 50,
              "pos_l_2": 50,
              "pos_popup_2": "top",
              "cl_pin_2": "dark",
              "product_3": "",
              "pos_t_3": 50,
              "pos_l_3": 50,
              "pos_popup_3": "top",
              "cl_pin_3": "light"
            }
          },
          "16474466978eef87ac-1": {
            "type": "img",
            "settings": {
              "url": "shopify:\/\/collections",
              "product_1": "analogue-resin-strap-watch",
              "pos_t_1": 30,
              "pos_l_1": 65,
              "pos_popup_1": "top",
              "cl_pin_1": "dark",
              "product_2": "",
              "pos_t_2": 50,
              "pos_l_2": 50,
              "pos_popup_2": "top",
              "cl_pin_2": "dark",
              "product_3": "",
              "pos_t_3": 50,
              "pos_l_3": 50,
              "pos_popup_3": "top",
              "cl_pin_3": "light"
            }
          },
          "16474466978eef87ac-2": {
            "type": "img",
            "settings": {
              "url": "shopify:\/\/collections",
              "product_1": "pieces-high-neck-knitted-sweater",
              "pos_t_1": 50,
              "pos_l_1": 50,
              "pos_popup_1": "top",
              "cl_pin_1": "dark",
              "product_2": "",
              "pos_t_2": 50,
              "pos_l_2": 50,
              "pos_popup_2": "top",
              "cl_pin_2": "dark",
              "product_3": "",
              "pos_t_3": 50,
              "pos_l_3": 50,
              "pos_popup_3": "top",
              "cl_pin_3": "light"
            }
          },
          "16474466978eef87ac-3": {
            "type": "img",
            "settings": {
              "url": "shopify:\/\/collections",
              "product_1": "blush-beanie",
              "pos_t_1": 14,
              "pos_l_1": 50,
              "pos_popup_1": "top",
              "cl_pin_1": "dark",
              "product_2": "",
              "pos_t_2": 50,
              "pos_l_2": 50,
              "pos_popup_2": "top",
              "cl_pin_2": "dark",
              "product_3": "",
              "pos_t_3": 50,
              "pos_l_3": 50,
              "pos_popup_3": "top",
              "cl_pin_3": "light"
            }
          },
          "16474466978eef87ac-4": {
            "type": "img",
            "settings": {
              "url": "shopify:\/\/collections",
              "product_1": "circle-snapback-cap",
              "pos_t_1": 50,
              "pos_l_1": 75,
              "pos_popup_1": "top",
              "cl_pin_1": "dark",
              "product_2": "",
              "pos_t_2": 50,
              "pos_l_2": 50,
              "pos_popup_2": "top",
              "cl_pin_2": "dark",
              "product_3": "",
              "pos_t_3": 50,
              "pos_l_3": 50,
              "pos_popup_3": "top",
              "cl_pin_3": "light"
            }
          },
          "16474466978eef87ac-5": {
            "type": "img",
            "settings": {
              "url": "shopify:\/\/collections",
              "product_1": "beats-solo3-wireless",
              "pos_t_1": 68,
              "pos_l_1": 54,
              "pos_popup_1": "top",
              "cl_pin_1": "dark",
              "product_2": "",
              "pos_t_2": 50,
              "pos_l_2": 50,
              "pos_popup_2": "top",
              "cl_pin_2": "dark",
              "product_3": "",
              "pos_t_3": 50,
              "pos_l_3": 50,
              "pos_popup_3": "top",
              "cl_pin_3": "light"
            }
          },
          "ad5c9e32-2be0-45d7-8245-302c8fcedf7f": {
            "type": "img",
            "settings": {
              "url": "shopify:\/\/collections",
              "product_1": "",
              "pos_t_1": 50,
              "pos_l_1": 50,
              "pos_popup_1": "top",
              "cl_pin_1": "dark",
              "product_2": "",
              "pos_t_2": 50,
              "pos_l_2": 50,
              "pos_popup_2": "top",
              "cl_pin_2": "dark",
              "product_3": "",
              "pos_t_3": 50,
              "pos_l_3": 50,
              "pos_popup_3": "top",
              "cl_pin_3": "light"
            }
          }
        },
        "block_order": [
          "16474466978eef87ac-0",
          "16474466978eef87ac-1",
          "16474466978eef87ac-2",
          "16474466978eef87ac-3",
          "16474466978eef87ac-4",
          "16474466978eef87ac-5",
          "ad5c9e32-2be0-45d7-8245-302c8fcedf7f"
        ],
        "settings": {
          "design_heading": "1",
          "heading_align": "t4s-text-center",
          "top_heading": "@ FOLLOW US ON INSTAGRAM",
          "icon_heading": "las la-gem",
          "top_subheading": "",
          "tophead_mb": 30,
          "layout_des": "2",
          "pr_pin_des": "1",
          "open_link": "_self",
          "space": "0",
          "space_mb": "20",
          "col_dk": "6",
          "col_tb": "3",
          "col_mb": "2",
          "image_ratio": "ratio1_1",
          "image_size": "cover",
          "image_position": "8",
          "image_bdr": 0,
          "loop": true,
          "au_time": 0,
          "au_hover": true,
          "nav_btn": true,
          "btn_vi": "hover",
          "btn_owl": "outline",
          "btn_shape": "round",
          "btn_cl": "dark",
          "btn_size": "small",
          "btn_hidden_mobile": false,
          "nav_dot": false,
          "dot_owl": "default",
          "dots_cl": "dark",
          "dots_round": false,
          "dots_space": 10,
          "dots_hidden_mobile": false,
          "layout": "t4s-container-fluid",
          "cl_bg": "",
          "cl_bg_gradient": "",
          "mg": ",,50px,",
          "pd": "",
          "mg_mb": ",,30px,",
          "pd_mb": ""
        }
      },
      "164745028427afcaf6": {
        "type": "instagram_feed",
        "blocks": {
          "9498ef5d-38a4-4a7e-9a87-293203dc313d": {
            "type": "1",
            "settings": {
              "design_heading": "8",
              "heading_align": "t4s-text-center",
              "top_heading": "#kalles theme",
              "icon_heading": "las la-gem",
              "top_subheading": "",
              "tophead_mb": 30
            }
          },
          "1647450283176ac2d0-0": {
            "type": "img",
            "settings": {
              "image": "shopify:\/\/shop_images\/Instagram-Img-1_360x_0f4c127e-6c0c-4caa-8bf6-73b49b7ccf78.jpg",
              "url": "shopify:\/\/products\/91-short-sleeve-shirt"
            }
          },
          "1647450283176ac2d0-1": {
            "type": "img",
            "settings": {
              "image": "shopify:\/\/shop_images\/Instagram-Img-2_360x_6c527c26-a18a-416c-afee-50fa6a0742a5.jpg",
              "url": "shopify:\/\/products\/drop-shoulder-pullover-fleece"
            }
          },
          "1647450283176ac2d0-2": {
            "type": "img",
            "settings": {
              "image": "shopify:\/\/shop_images\/Instagram-Img-3_360x_131956d3-8f11-47ae-8001-3bc5ef98b5e6.jpg",
              "url": "shopify:\/\/products\/collab-fleece-pullover"
            }
          },
          "1647450283176ac2d0-3": {
            "type": "img",
            "settings": {
              "image": "shopify:\/\/shop_images\/Instagram-Img-4_360x_39ffc090-6d3c-44cc-bcc9-6fbab3b2a88f.jpg",
              "url": "shopify:\/\/products\/cuffed-chino"
            }
          },
          "1647450283176ac2d0-4": {
            "type": "img",
            "settings": {
              "image": "shopify:\/\/shop_images\/Instagram-Img-5_360x_020ce6ab-0c42-4865-80a6-ec35a28b61aa.jpg",
              "url": "shopify:\/\/products\/91-short-sleeve-shirt"
            }
          },
          "1647450283176ac2d0-5": {
            "type": "img",
            "settings": {
              "image": "shopify:\/\/shop_images\/Instagram-Img-6_360x_9aa847da-3f35-40fd-8a97-85b669544f23.jpg",
              "url": "shopify:\/\/collections"
            }
          },
          "61f405e4-805b-4710-a657-3420efe5e28c": {
            "type": "img",
            "settings": {
              "image": "shopify:\/\/shop_images\/Instagram-Img-7_360x_5e2d9c4c-bb69-4072-a3db-f8791a889385.jpg",
              "url": "shopify:\/\/products\/copy-of-workout-set-in-pink"
            }
          },
          "ae254c6a-2685-445c-888a-77cd33988b41": {
            "type": "img",
            "settings": {
              "image": "shopify:\/\/shop_images\/Instagram-Img-8_360x_7ab509e5-596e-4c53-a79b-f4006f0b0b9e.jpg",
              "url": "shopify:\/\/products\/graduate-tee"
            }
          }
        },
        "block_order": [
          "9498ef5d-38a4-4a7e-9a87-293203dc313d",
          "1647450283176ac2d0-0",
          "1647450283176ac2d0-1",
          "1647450283176ac2d0-2",
          "1647450283176ac2d0-3",
          "1647450283176ac2d0-4",
          "1647450283176ac2d0-5",
          "61f405e4-805b-4710-a657-3420efe5e28c",
          "ae254c6a-2685-445c-888a-77cd33988b41"
        ],
        "settings": {
          "layout_des": "2",
          "image_ratio": "ratio1_1",
          "image_position": "8",
          "image_size": "cover",
          "img_effect": "zoom",
          "b_effect": "dark-overlay",
          "col_dk": "6",
          "col_tb": "2",
          "col_mb": "2",
          "space_item": "0",
          "space_item_mb": "0",
          "loop": true,
          "au_time": 0,
          "au_hover": true,
          "nav_btn": true,
          "btn_vi": "always",
          "btn_owl": "outline",
          "btn_shape": "round",
          "btn_cl": "dark",
          "btn_size": "small",
          "btn_hidden_mobile": false,
          "nav_dot": false,
          "dot_owl": "default",
          "dots_cl": "dark",
          "dots_round": false,
          "dots_space": 10,
          "dots_hidden_mobile": false,
          "layout": "t4s-container-fluid",
          "cl_bg": "",
          "cl_bg_gradient": "",
          "mg": ",,,",
          "pd": "",
          "mg_mb": ",,30px,",
          "pd_mb": "",
          "use_cus_css": false,
          "code_cus_css": ".SectionID {\nbackground-color:red\n}"
        }
      },
      "16474270477bee0653": {
        "type": "shipping",
        "blocks": {
          "16474270471ba74d6b-0": {
            "type": "shipping",
            "settings": {
              "icon_themes": "car",
              "icon": "tractor",
              "title": "FREE SHIPPING",
              "text": "<p>Free shipping on all US order or order above $100<\/p>"
            }
          },
          "16474270471ba74d6b-1": {
            "type": "shipping",
            "settings": {
              "icon_themes": "help",
              "icon": "life-ring",
              "title": "SUPPORT 24\/7",
              "text": "<p>Contact us 24 hours a day, 7 days a week<\/p>"
            }
          },
          "16474270471ba74d6b-2": {
            "type": "shipping",
            "settings": {
              "icon_themes": "refesh",
              "icon": "undo-alt",
              "title": "30 DAYS RETURN",
              "text": "<p>Simply return it within 30 days for an exchange.<\/p>"
            }
          },
          "16474270471ba74d6b-3": {
            "type": "shipping",
            "settings": {
              "icon_themes": "door-lock",
              "icon": "lock",
              "title": "100% PAYMENT SECURE",
              "text": "<p>We ensure secure payment with PEV<\/p>"
            }
          }
        },
        "block_order": [
          "16474270471ba74d6b-0",
          "16474270471ba74d6b-1",
          "16474270471ba74d6b-2",
          "16474270471ba74d6b-3"
        ],
        "settings": {
          "design_heading": "1",
          "heading_align": "t4s-text-center",
          "top_heading": "",
          "icon_heading": "las la-gem",
          "top_subheading": "",
          "tophead_mb": 30,
          "content_align": "text-start",
          "align_vertical": false,
          "design_padding": "1",
          "source": "themes_icon",
          "icon_des": "deafult",
          "icon_size": "medium",
          "col_dk": "4",
          "col_tb": "2",
          "col_mb": "1",
          "border": false,
          "cl_bd": "#dddddd",
          "cl_ic": "#9e9e9e",
          "cl_hd": "#222222",
          "cl_cot": "#878787",
          "bg_item": "#ffffff",
          "space_h_item": "30",
          "space_v_item": "30",
          "space_h_item_mb": "10",
          "space_v_item_mb": "10",
          "carousel_mobile": true,
          "dots_cl": "dark",
          "dots_round": true,
          "layout": "t4s-container-wrap",
          "cl_bg": "",
          "cl_bg_gradient": "",
          "mg": "41px,,40px,",
          "pd": "",
          "mg_tb": ",,50px,",
          "pd_tb": "",
          "mg_mb": ",,30px,",
          "pd_mb": "",
          "use_cus_css": false,
          "code_cus_css": ".SectionID {\nbackground-color:red\n}"
        }
      }
    },
    "order": [
      "16474542150da19baf",
      "1647454418be5babf6",
      "164744520091adad6a",
      "1647418816dd2ce726",
      "16474466970eefb769",
      "164745028427afcaf6",
      "16474270477bee0653"
    ]
  }