{
  "sections": {
    "1649662109ea108426": {
      "type": "slideshow",
      "blocks": {
        "1649662108108b75f1-0": {
          "type": "image_parent",
          "settings": {
            "image": "shopify:\/\/shop_images\/Homepage_1950x_365048f0-7c99-42e8-8d2c-8502bb02a57b.jpg",
            "image_mb": "shopify:\/\/shop_images\/mobile-slider_1296x_8cfd37eb-d292-427f-86f9-e44bd372fee1.jpg",
            "image_position": "8",
            "cl_img": "",
            "link_img1": "",
            "open_link": "_blank",
            "animate_slide": "none",
            "text_align": "end",
            "text_align_mb": "start",
            "content_width": "auto",
            "cv_pos": 38,
            "ch_pos": 80,
            "cv_pos_mb": 50,
            "ch_pos_mb": 30,
            "bg_overlay": "#000000",
            "bg_opacity": 0,
            "bg_content_cl": "#ffffff",
            "bg_content_op": 0,
            "content_pd_tb": 0,
            "content_pd_lr": 0,
            "content_pd_tb_mb": 10,
            "content_pd_lr_mb": 10,
            "border_bl": false,
            "br_color": "#222222",
            "br_bg": "#ffffff",
            "br_opacity": 50,
            "br_style": "solid",
            "br_pd": 20,
            "br_pd_mb": 10,
            "time_animation": 1,
            "animation_delay": 40
          }
        },
        "1649662108108b75f1-1": {
          "type": "custom_text",
          "settings": {
            "text": "Cactus<br>Mosquito<br>Killer",
            "remove_br_tag": false,
            "fontf": "inherit",
            "text_cl": "#ffffff",
            "text_fs": 50,
            "text_lh": 0,
            "text_fw": 600,
            "text_ls": 0,
            "text_mgb": 60,
            "font_italic": false,
            "text_shadow": false,
            "hidden_mobile": false,
            "text_fs_mb": 33,
            "text_lh_mb": 0,
            "text_ls_mb": 0,
            "text_mgb_mobile": 30,
            "animation": "none"
          }
        },
        "1649662108108b75f1-2": {
          "type": "custom_text",
          "settings": {
            "text": "LED Lamp Electronic Pest Repeller",
            "remove_br_tag": false,
            "fontf": "inherit",
            "text_cl": "#ffffff",
            "text_fs": 14,
            "text_lh": 0,
            "text_fw": 400,
            "text_ls": 0,
            "text_mgb": 60,
            "font_italic": false,
            "text_shadow": false,
            "hidden_mobile": false,
            "text_fs_mb": 14,
            "text_lh_mb": 0,
            "text_ls_mb": 0,
            "text_mgb_mobile": 30,
            "animation": "none"
          }
        },
        "1649662108108b75f1-3": {
          "type": "custom_button",
          "settings": {
            "button_text": "Shop Now",
            "button_link": "shopify:\/\/products\/mosquito-killer-lamp",
            "target_link": "_self",
            "fontf": "inherit",
            "button_icon_w": 0,
            "button_style": "default",
            "button_effect": "default",
            "pri_cl": "#222222",
            "second_cl": "#ffffff",
            "pri_cl_hover": "#222222",
            "second_cl_hover": "#ffffff",
            "fsbutton": 14,
            "fwbutton": 600,
            "button_ls": 0,
            "button_mh": 40,
            "button_bdr": 0,
            "button_pd_lr": 41,
            "button_mgb": 0,
            "hidden_mobile": false,
            "button_icon_w_mb": 0,
            "fsbutton_mb": 14,
            "button_mh_mb": 40,
            "button_pd_lr_mb": 41,
            "button_ls_mb": 0,
            "button_mgb_mb": 0,
            "animation": "none"
          }
        }
      },
      "block_order": [
        "1649662108108b75f1-0",
        "1649662108108b75f1-1",
        "1649662108108b75f1-2",
        "1649662108108b75f1-3"
      ],
      "settings": {
        "se_height": "t4s_ratioadapt",
        "custom_dk": true,
        "height_dk": 600,
        "custom_tb": true,
        "height_tb": 400,
        "custom_mb": true,
        "height_mb": 250,
        "eff": "slide",
        "loop": true,
        "au_time": 0,
        "au_hover": true,
        "nav_btn": false,
        "btn_vi": "hover",
        "btn_owl": "default",
        "btn_shape": "none",
        "btn_cl": "dark",
        "btn_size": "small",
        "btn_hidden_mobile": false,
        "nav_dot": false,
        "dot_owl": "default",
        "dots_cl": "dark",
        "dots_round": false,
        "dots_space": 10,
        "dots_hidden_mobile": false,
        "layout": "t4s-container-fluid",
        "cl_bg": "",
        "cl_bg_gradient": "",
        "mg": ",,10px,",
        "pd": "",
        "mg_mb": ",,10px,",
        "pd_mb": "",
        "use_cus_css": false,
        "code_cus_css": ".SectionID {\nbackground-color:red\n}"
      }
    },
    "16475103368ee961bf": {
      "type": "banner",
      "blocks": {
        "1647510336d54acffa-0": {
          "type": "b_item",
          "settings": {
            "custom_dk": true,
            "height_dk": 600,
            "custom_tb": true,
            "height_tb": 400,
            "custom_mb": true,
            "height_mb": 300,
            "image": "shopify:\/\/shop_images\/banner-1_1080x_faf47240-ecec-474d-83c3-40c40c8501ad.jpg",
            "b_link": "",
            "open_link": "_self",
            "img_effect": "zoom",
            "b_effect": "none",
            "col_dk": "6",
            "col_tb": "6",
            "col_mb": "12",
            "content_align": "start",
            "content_align_mobile": "start",
            "content_width": "auto",
            "cv_pos": 81,
            "ch_pos": 17,
            "cv_pos_mb": 50,
            "ch_pos_mb": 50,
            "bg_overlay": "#000000",
            "bg_opacity": 0,
            "bg_content_bl": false,
            "bg_content_cl": "#ffffff",
            "bg_content_op": 50,
            "content_pd_tb": 20,
            "content_pd_lr": 20,
            "content_pd_tb_mb": 10,
            "content_pd_lr_mb": 10,
            "border_bl": false,
            "br_color": "#222222",
            "br_bg": "#ffffff",
            "br_opacity": 50,
            "br_style": "solid",
            "br_pd": 20,
            "br_pd_mb": 10,
            "time_animation": 1,
            "animation_delay": 40
          }
        },
        "1647510336d54acffa-1": {
          "type": "custom_text",
          "settings": {
            "text": "No Fumes<br>No Radiation<br>No Bad Odors",
            "remove_br_tag": false,
            "fontf": "inherit",
            "text_cl": "#ffffff",
            "text_fs": 30,
            "text_lh": 0,
            "text_fw": 500,
            "text_ls": 0,
            "font_italic": false,
            "text_shadow": false,
            "text_mgb": 5,
            "hidden_mobile": false,
            "text_fs_mb": 24,
            "text_lh_mb": 0,
            "text_ls_mb": 0,
            "text_mgb_mobile": 10,
            "animation": "none"
          }
        },
        "1647510336d54acffa-2": {
          "type": "custom_text",
          "settings": {
            "text": "Having Without The Above 3 Disturbance.<br>It Reduces Likehood Of Having Respirator<br>Discomfort",
            "remove_br_tag": false,
            "fontf": "inherit",
            "text_cl": "#ffffff",
            "text_fs": 14,
            "text_lh": 24,
            "text_fw": 400,
            "text_ls": 0,
            "font_italic": false,
            "text_shadow": false,
            "text_mgb": 0,
            "hidden_mobile": false,
            "text_fs_mb": 14,
            "text_lh_mb": 0,
            "text_ls_mb": 0,
            "text_mgb_mobile": 0,
            "animation": "none"
          }
        },
        "1647510336d54acffa-3": {
          "type": "b_item",
          "settings": {
            "custom_dk": true,
            "height_dk": 600,
            "custom_tb": true,
            "height_tb": 400,
            "custom_mb": true,
            "height_mb": 300,
            "image": "shopify:\/\/shop_images\/banner-2_1080x_db0efe4f-5769-4d93-baa8-91b4038a9086.jpg",
            "b_link": "",
            "open_link": "_self",
            "img_effect": "zoom",
            "b_effect": "none",
            "col_dk": "6",
            "col_tb": "6",
            "col_mb": "12",
            "content_align": "start",
            "content_align_mobile": "start",
            "content_width": "auto",
            "cv_pos": 81,
            "ch_pos": 17,
            "cv_pos_mb": 50,
            "ch_pos_mb": 50,
            "bg_overlay": "#000000",
            "bg_opacity": 0,
            "bg_content_bl": false,
            "bg_content_cl": "#ffffff",
            "bg_content_op": 50,
            "content_pd_tb": 20,
            "content_pd_lr": 20,
            "content_pd_tb_mb": 10,
            "content_pd_lr_mb": 10,
            "border_bl": false,
            "br_color": "#222222",
            "br_bg": "#ffffff",
            "br_opacity": 50,
            "br_style": "solid",
            "br_pd": 20,
            "br_pd_mb": 10,
            "time_animation": 1,
            "animation_delay": 40
          }
        },
        "1647510336d54acffa-4": {
          "type": "custom_text",
          "settings": {
            "text": "No Fumes<br>\nNo Radiation<br>\nNo Bad Odors",
            "remove_br_tag": false,
            "fontf": "inherit",
            "text_cl": "#ffffff",
            "text_fs": 30,
            "text_lh": 0,
            "text_fw": 500,
            "text_ls": 0,
            "font_italic": false,
            "text_shadow": false,
            "text_mgb": 5,
            "hidden_mobile": false,
            "text_fs_mb": 24,
            "text_lh_mb": 0,
            "text_ls_mb": 0,
            "text_mgb_mobile": 6,
            "animation": "none"
          }
        },
        "1647510336d54acffa-5": {
          "type": "custom_text",
          "settings": {
            "text": "Having Without The Above 3 Disturbance.<br>It Reduces Likehood Of Having Respirator<br>Discomfort.",
            "remove_br_tag": false,
            "fontf": "inherit",
            "text_cl": "#ffffff",
            "text_fs": 14,
            "text_lh": 24,
            "text_fw": 400,
            "text_ls": 0,
            "font_italic": false,
            "text_shadow": false,
            "text_mgb": 0,
            "hidden_mobile": false,
            "text_fs_mb": 14,
            "text_lh_mb": 0,
            "text_ls_mb": 0,
            "text_mgb_mobile": 0,
            "animation": "none"
          }
        }
      },
      "block_order": [
        "1647510336d54acffa-0",
        "1647510336d54acffa-1",
        "1647510336d54acffa-2",
        "1647510336d54acffa-3",
        "1647510336d54acffa-4",
        "1647510336d54acffa-5"
      ],
      "settings": {
        "image_ratio": "ratioadapt",
        "image_size": "cover",
        "image_position": "8",
        "equal_height": false,
        "space_h_item": "10",
        "space_v_item": "10",
        "space_h_item_mb": "10",
        "space_v_item_mb": "10",
        "layout": "t4s-container-fluid",
        "cl_bg": "",
        "cl_bg_gradient": "",
        "mg": "10px,,10px,",
        "pd": ",10px,,10px",
        "mg_mb": "10px,,10px,",
        "pd_mb": ",10px,,10px",
        "use_cus_css": false,
        "code_cus_css": ".SectionID {\nbackground-color:red\n}"
      }
    },
    "1647511399361f680c": {
      "type": "slideshow",
      "blocks": {
        "1647511398cbbeb215-0": {
          "type": "image_parent",
          "settings": {
            "image": "shopify:\/\/shop_images\/banner-box-3_1950x_61a1d87c-a509-46fc-9aa1-ebd7ed8f5de4.jpg",
            "image_mb": "shopify:\/\/shop_images\/banner-9_540x_1fb920cf-8bf4-4b46-8e38-4d16bf45ffaa.jpg",
            "image_position": "8",
            "cl_img": "",
            "link_img1": "shopify:\/\/products\/mosquito-killer-lamp",
            "open_link": "_blank",
            "animate_slide": "none",
            "text_align": "start",
            "text_align_mb": "start",
            "content_width": "auto",
            "cv_pos": 50,
            "ch_pos": 26,
            "cv_pos_mb": 73,
            "ch_pos_mb": 64,
            "bg_overlay": "#000000",
            "bg_opacity": 0,
            "bg_content_cl": "#ffffff",
            "bg_content_op": 0,
            "content_pd_tb": 0,
            "content_pd_lr": 0,
            "content_pd_tb_mb": 10,
            "content_pd_lr_mb": 10,
            "border_bl": false,
            "br_color": "#222222",
            "br_bg": "#ffffff",
            "br_opacity": 50,
            "br_style": "solid",
            "br_pd": 20,
            "br_pd_mb": 10,
            "time_animation": 1,
            "animation_delay": 40
          }
        },
        "1647511398cbbeb215-1": {
          "type": "custom_text",
          "settings": {
            "text": "Green Fresh<br>Sleep Peacefully<br>Potted Shape",
            "remove_br_tag": false,
            "fontf": "inherit",
            "text_cl": "#ffffff",
            "text_fs": 30,
            "text_lh": 0,
            "text_fw": 400,
            "text_ls": 1,
            "text_mgb": 30,
            "font_italic": false,
            "text_shadow": false,
            "hidden_mobile": false,
            "text_fs_mb": 20,
            "text_lh_mb": 0,
            "text_ls_mb": 0,
            "text_mgb_mobile": 10,
            "animation": "none"
          }
        },
        "1647511398cbbeb215-2": {
          "type": "custom_text",
          "settings": {
            "text": "Powerful flow of fan can make vortex to kill mosquito safely<br>and easily by air drying and dehydration. USB powered, por<br>table, convenient and safe to use.",
            "remove_br_tag": false,
            "fontf": "inherit",
            "text_cl": "#ffffff",
            "text_fs": 14,
            "text_lh": 24,
            "text_fw": 400,
            "text_ls": 0.5,
            "text_mgb": 20,
            "font_italic": false,
            "text_shadow": false,
            "hidden_mobile": false,
            "text_fs_mb": 11,
            "text_lh_mb": 0,
            "text_ls_mb": 0,
            "text_mgb_mobile": 10,
            "animation": "none"
          }
        },
        "f31c17a5-041b-4e73-833b-f2aa9bd1b296": {
          "type": "image",
          "settings": {
            "image_child": "shopify:\/\/shop_images\/icon-Homepage.png",
            "img_width": 300,
            "img_width_mb": 200,
            "hidden_mobile": false,
            "mgb": 20,
            "mgb_mb": 20,
            "animation": "none"
          }
        }
      },
      "block_order": [
        "1647511398cbbeb215-0",
        "1647511398cbbeb215-1",
        "1647511398cbbeb215-2",
        "f31c17a5-041b-4e73-833b-f2aa9bd1b296"
      ],
      "settings": {
        "se_height": "t4s_ratioadapt",
        "custom_dk": true,
        "height_dk": 600,
        "custom_tb": true,
        "height_tb": 400,
        "custom_mb": true,
        "height_mb": 250,
        "eff": "slide",
        "loop": true,
        "au_time": 0,
        "au_hover": true,
        "nav_btn": true,
        "btn_vi": "hover",
        "btn_owl": "default",
        "btn_shape": "none",
        "btn_cl": "dark",
        "btn_size": "small",
        "btn_hidden_mobile": false,
        "nav_dot": true,
        "dot_owl": "default",
        "dots_cl": "dark",
        "dots_round": false,
        "dots_space": 10,
        "dots_hidden_mobile": false,
        "layout": "t4s-container-fluid",
        "cl_bg": "",
        "cl_bg_gradient": "",
        "mg": ",,,",
        "pd": "",
        "mg_mb": ",,,",
        "pd_mb": "",
        "use_cus_css": false,
        "code_cus_css": ".SectionID {\nbackground-color:red\n}"
      }
    },
    "1649692995721f12bc": {
      "type": "slideshow",
      "blocks": {
        "164969299403c3465b-0": {
          "type": "image_parent",
          "settings": {
            "image": "shopify:\/\/shop_images\/Product_1950x_4b42fe5e-28a3-443c-827a-26ae63ac0992.jpg",
            "image_mb": "shopify:\/\/shop_images\/mobile-banner-1_540x_4cccfa4a-c299-41f5-b234-d34f90f029f0.jpg",
            "image_position": "8",
            "cl_img": "",
            "link_img1": "",
            "open_link": "_blank",
            "animate_slide": "none",
            "text_align": "center",
            "text_align_mb": "start",
            "content_width": "auto",
            "cv_pos": 25,
            "ch_pos": 50,
            "cv_pos_mb": 50,
            "ch_pos_mb": 46,
            "bg_overlay": "#000000",
            "bg_opacity": 0,
            "bg_content_cl": "#ffffff",
            "bg_content_op": 0,
            "content_pd_tb": 0,
            "content_pd_lr": 0,
            "content_pd_tb_mb": 10,
            "content_pd_lr_mb": 10,
            "border_bl": false,
            "br_color": "#222222",
            "br_bg": "#ffffff",
            "br_opacity": 50,
            "br_style": "solid",
            "br_pd": 20,
            "br_pd_mb": 10,
            "time_animation": 1,
            "animation_delay": 40
          }
        },
        "164969299403c3465b-1": {
          "type": "custom_text",
          "settings": {
            "text": "Smokeless. Tasteless. Dustless.<br>\nAnti-Mosquito Lamp",
            "remove_br_tag": false,
            "fontf": "1",
            "text_cl": "#222222",
            "text_fs": 30,
            "text_lh": 0,
            "text_fw": 400,
            "text_ls": 0,
            "text_mgb": 55,
            "font_italic": false,
            "text_shadow": false,
            "hidden_mobile": false,
            "text_fs_mb": 22,
            "text_lh_mb": 0,
            "text_ls_mb": 0,
            "text_mgb_mobile": 20,
            "animation": "none"
          }
        },
        "164969299403c3465b-2": {
          "type": "custom_text",
          "settings": {
            "text": "The principle of inhalation and anti-mosquito uses mosquito's phototaxis of UV light<br>\nto induce it to enter the effective range of the mosquito-killing lamp, and the airflow<br>\ngenerated by fan is sucked into box.",
            "remove_br_tag": false,
            "fontf": "1",
            "text_cl": "#222222",
            "text_fs": 14,
            "text_lh": 0,
            "text_fw": 400,
            "text_ls": 0,
            "text_mgb": 55,
            "font_italic": false,
            "text_shadow": false,
            "hidden_mobile": false,
            "text_fs_mb": 14,
            "text_lh_mb": 0,
            "text_ls_mb": 0,
            "text_mgb_mobile": 20,
            "animation": "none"
          }
        },
        "439e0a49-0d31-4752-bcd2-b425cfe2c3b4": {
          "type": "html",
          "settings": {
            "html_content": "",
            "hidden_mobile": false,
            "animation": "none"
          }
        },
        "164969299403c3465b-3": {
          "type": "custom_button",
          "settings": {
            "button_text": "Purchase Now",
            "button_link": "shopify:\/\/products\/mosquito-killer-lamp",
            "target_link": "_self",
            "fontf": "inherit",
            "button_icon_w": 0,
            "button_style": "default",
            "button_effect": "default",
            "pri_cl": "#222222",
            "second_cl": "#ffffff",
            "pri_cl_hover": "#222222",
            "second_cl_hover": "#ffffff",
            "fsbutton": 14,
            "fwbutton": 600,
            "button_ls": 0,
            "button_mh": 40,
            "button_bdr": 0,
            "button_pd_lr": 33,
            "button_mgb": 0,
            "hidden_mobile": false,
            "button_icon_w_mb": 0,
            "fsbutton_mb": 14,
            "button_mh_mb": 40,
            "button_pd_lr_mb": 32,
            "button_ls_mb": 0,
            "button_mgb_mb": 0,
            "animation": "none"
          }
        }
      },
      "block_order": [
        "164969299403c3465b-0",
        "164969299403c3465b-1",
        "164969299403c3465b-2",
        "439e0a49-0d31-4752-bcd2-b425cfe2c3b4",
        "164969299403c3465b-3"
      ],
      "settings": {
        "se_height": "t4s_ratioadapt",
        "custom_dk": true,
        "height_dk": 600,
        "custom_tb": true,
        "height_tb": 400,
        "custom_mb": true,
        "height_mb": 250,
        "eff": "slide",
        "loop": true,
        "au_time": 0,
        "au_hover": true,
        "nav_btn": false,
        "btn_vi": "hover",
        "btn_owl": "default",
        "btn_shape": "none",
        "btn_cl": "dark",
        "btn_size": "small",
        "btn_hidden_mobile": false,
        "nav_dot": false,
        "dot_owl": "default",
        "dots_cl": "dark",
        "dots_round": false,
        "dots_space": 10,
        "dots_hidden_mobile": false,
        "layout": "t4s-container-fluid",
        "cl_bg": "",
        "cl_bg_gradient": "",
        "mg": "",
        "pd": "",
        "mg_mb": "",
        "pd_mb": "",
        "use_cus_css": false,
        "code_cus_css": ".SectionID {\nbackground-color:red\n}"
      }
    },
    "1649728458388cb347": {
      "type": "slideshow",
      "blocks": {
        "164972845850584fe7-0": {
          "type": "image_parent",
          "settings": {
            "image": "shopify:\/\/shop_images\/banner-box-5-nonetext_1950x_3bc50476-602d-46cb-83dd-2f1cf867d6bd.jpg",
            "image_mb": "shopify:\/\/shop_images\/mobile-banner-2_1296x_d6201718-ce22-4c9a-8eaa-71a5dd59ebbb.jpg",
            "image_position": "8",
            "cl_img": "",
            "link_img1": "",
            "open_link": "_blank",
            "animate_slide": "none",
            "text_align": "start",
            "text_align_mb": "start",
            "content_width": "auto",
            "cv_pos": 50,
            "ch_pos": 76,
            "cv_pos_mb": 50,
            "ch_pos_mb": 46,
            "bg_overlay": "#000000",
            "bg_opacity": 0,
            "bg_content_cl": "#ffffff",
            "bg_content_op": 0,
            "content_pd_tb": 0,
            "content_pd_lr": 0,
            "content_pd_tb_mb": 10,
            "content_pd_lr_mb": 10,
            "border_bl": false,
            "br_color": "#222222",
            "br_bg": "#ffffff",
            "br_opacity": 50,
            "br_style": "solid",
            "br_pd": 20,
            "br_pd_mb": 10,
            "time_animation": 1,
            "animation_delay": 40
          }
        },
        "164972845850584fe7-1": {
          "type": "custom_text",
          "settings": {
            "text": "One Button Control<br>Easy To Operation<br>\nPower By Micro USB",
            "remove_br_tag": false,
            "fontf": "1",
            "text_cl": "#ffffff",
            "text_fs": 30,
            "text_lh": 0,
            "text_fw": 400,
            "text_ls": 0,
            "text_mgb": 50,
            "font_italic": false,
            "text_shadow": false,
            "hidden_mobile": false,
            "text_fs_mb": 14,
            "text_lh_mb": 0,
            "text_ls_mb": 0,
            "text_mgb_mobile": 20,
            "animation": "none"
          }
        },
        "164972845850584fe7-2": {
          "type": "custom_text",
          "settings": {
            "text": "Using The UV Light Instead Of Volatile Mosquito Repellents,",
            "remove_br_tag": false,
            "fontf": "inherit",
            "text_cl": "#ffffff",
            "text_fs": 14,
            "text_lh": 0,
            "text_fw": 400,
            "text_ls": 0,
            "text_mgb": 50,
            "font_italic": false,
            "text_shadow": false,
            "hidden_mobile": false,
            "text_fs_mb": 14,
            "text_lh_mb": 0,
            "text_ls_mb": 0,
            "text_mgb_mobile": 30,
            "animation": "none"
          }
        },
        "6064aa79-6a75-4e5c-8a47-e09216cc1ea3": {
          "type": "html",
          "settings": {
            "html_content": "<ul style=\"color: #fff;list-style: disc;line-height: 1;margin-bottom:30px;\">\n<li>Decoy Of Bionic Breath<\/li>\n<li>Body Temperature Limitation<\/li>\n<li>Harmless Light Wave<\/li>\n<\/ul>",
            "hidden_mobile": false,
            "animation": "none"
          }
        },
        "164972845850584fe7-3": {
          "type": "custom_button",
          "settings": {
            "button_text": "Shop Now",
            "button_link": "shopify:\/\/products\/mosquito-killer-lamp",
            "target_link": "_self",
            "fontf": "inherit",
            "button_icon_w": 0,
            "button_style": "default",
            "button_effect": "default",
            "pri_cl": "#ffffff",
            "second_cl": "#222222",
            "pri_cl_hover": "#ffffff",
            "second_cl_hover": "#222222",
            "fsbutton": 14,
            "fwbutton": 600,
            "button_ls": 0,
            "button_mh": 40,
            "button_bdr": 0,
            "button_pd_lr": 44,
            "button_mgb": 0,
            "hidden_mobile": false,
            "button_icon_w_mb": 0,
            "fsbutton_mb": 14,
            "button_mh_mb": 40,
            "button_pd_lr_mb": 39,
            "button_ls_mb": 0,
            "button_mgb_mb": 0,
            "animation": "none"
          }
        }
      },
      "block_order": [
        "164972845850584fe7-0",
        "164972845850584fe7-1",
        "164972845850584fe7-2",
        "6064aa79-6a75-4e5c-8a47-e09216cc1ea3",
        "164972845850584fe7-3"
      ],
      "settings": {
        "se_height": "t4s_ratioadapt",
        "custom_dk": true,
        "height_dk": 600,
        "custom_tb": true,
        "height_tb": 400,
        "custom_mb": true,
        "height_mb": 250,
        "eff": "slide",
        "loop": true,
        "au_time": 0,
        "au_hover": true,
        "nav_btn": false,
        "btn_vi": "hover",
        "btn_owl": "default",
        "btn_shape": "none",
        "btn_cl": "dark",
        "btn_size": "small",
        "btn_hidden_mobile": false,
        "nav_dot": false,
        "dot_owl": "default",
        "dots_cl": "dark",
        "dots_round": false,
        "dots_space": 10,
        "dots_hidden_mobile": false,
        "layout": "t4s-container-fluid",
        "cl_bg": "",
        "cl_bg_gradient": "",
        "mg": ",,10px,",
        "pd": "",
        "mg_mb": ",,10px,",
        "pd_mb": "",
        "use_cus_css": false,
        "code_cus_css": ".SectionID {\nbackground-color:red\n}"
      }
    },
    "16475330607f515ed3": {
      "type": "banner",
      "blocks": {
        "16475330593f7f9c53-0": {
          "type": "b_item",
          "settings": {
            "custom_dk": true,
            "height_dk": 600,
            "custom_tb": true,
            "height_tb": 400,
            "custom_mb": true,
            "height_mb": 300,
            "image": "shopify:\/\/shop_images\/banner-6_1080x_ee0854b4-2a32-4242-b966-58faafea4f64.jpg",
            "b_link": "",
            "open_link": "_self",
            "img_effect": "zoom",
            "b_effect": "none",
            "col_dk": "6",
            "col_tb": "6",
            "col_mb": "12",
            "content_align": "center",
            "content_align_mobile": "center",
            "content_width": "auto",
            "cv_pos": 13,
            "ch_pos": 50,
            "cv_pos_mb": 10,
            "ch_pos_mb": 50,
            "bg_overlay": "#000000",
            "bg_opacity": 0,
            "bg_content_bl": false,
            "bg_content_cl": "#ffffff",
            "bg_content_op": 50,
            "content_pd_tb": 20,
            "content_pd_lr": 20,
            "content_pd_tb_mb": 10,
            "content_pd_lr_mb": 10,
            "border_bl": false,
            "br_color": "#222222",
            "br_bg": "#ffffff",
            "br_opacity": 50,
            "br_style": "solid",
            "br_pd": 20,
            "br_pd_mb": 10,
            "time_animation": 1,
            "animation_delay": 40
          }
        },
        "16475330593f7f9c53-1": {
          "type": "custom_text",
          "settings": {
            "text": "360  All Rounder Design",
            "remove_br_tag": false,
            "fontf": "inherit",
            "text_cl": "#ffffff",
            "text_fs": 30,
            "text_lh": 0,
            "text_fw": 500,
            "text_ls": 0,
            "font_italic": false,
            "text_shadow": false,
            "text_mgb": 10,
            "hidden_mobile": false,
            "text_fs_mb": 30,
            "text_lh_mb": 0,
            "text_ls_mb": 0,
            "text_mgb_mobile": 10,
            "animation": "none"
          }
        },
        "16475330593f7f9c53-2": {
          "type": "custom_text",
          "settings": {
            "text": "Improves Air Flow Suction And All Rounder Coverage.",
            "remove_br_tag": false,
            "fontf": "inherit",
            "text_cl": "#ffffff",
            "text_fs": 14,
            "text_lh": 24,
            "text_fw": 400,
            "text_ls": 0,
            "font_italic": false,
            "text_shadow": false,
            "text_mgb": 0,
            "hidden_mobile": false,
            "text_fs_mb": 14,
            "text_lh_mb": 0,
            "text_ls_mb": 0,
            "text_mgb_mobile": 0,
            "animation": "none"
          }
        },
        "16475330593f7f9c53-3": {
          "type": "b_item",
          "settings": {
            "custom_dk": true,
            "height_dk": 600,
            "custom_tb": true,
            "height_tb": 400,
            "custom_mb": true,
            "height_mb": 300,
            "image": "shopify:\/\/shop_images\/banner-box-7_1080x_54d1c3ab-264d-411b-8768-5076e51253cf.jpg",
            "b_link": "",
            "open_link": "_self",
            "img_effect": "zoom",
            "b_effect": "none",
            "col_dk": "6",
            "col_tb": "6",
            "col_mb": "12",
            "content_align": "center",
            "content_align_mobile": "center",
            "content_width": "auto",
            "cv_pos": 13,
            "ch_pos": 50,
            "cv_pos_mb": 10,
            "ch_pos_mb": 50,
            "bg_overlay": "#000000",
            "bg_opacity": 0,
            "bg_content_bl": false,
            "bg_content_cl": "#ffffff",
            "bg_content_op": 50,
            "content_pd_tb": 20,
            "content_pd_lr": 20,
            "content_pd_tb_mb": 10,
            "content_pd_lr_mb": 10,
            "border_bl": false,
            "br_color": "#222222",
            "br_bg": "#ffffff",
            "br_opacity": 50,
            "br_style": "solid",
            "br_pd": 20,
            "br_pd_mb": 10,
            "time_animation": 1,
            "animation_delay": 40
          }
        },
        "16475330593f7f9c53-4": {
          "type": "custom_text",
          "settings": {
            "text": "Inhalation Systems",
            "remove_br_tag": false,
            "fontf": "inherit",
            "text_cl": "#ffffff",
            "text_fs": 30,
            "text_lh": 0,
            "text_fw": 500,
            "text_ls": 0,
            "font_italic": false,
            "text_shadow": false,
            "text_mgb": 10,
            "hidden_mobile": false,
            "text_fs_mb": 16,
            "text_lh_mb": 0,
            "text_ls_mb": 0,
            "text_mgb_mobile": 10,
            "animation": "none"
          }
        },
        "16475330593f7f9c53-5": {
          "type": "custom_text",
          "settings": {
            "text": "UV Lamp Attract Mosquito Within Range Unit & Trap Box.",
            "remove_br_tag": false,
            "fontf": "inherit",
            "text_cl": "#ffffff",
            "text_fs": 14,
            "text_lh": 24,
            "text_fw": 400,
            "text_ls": 0,
            "font_italic": false,
            "text_shadow": false,
            "text_mgb": 0,
            "hidden_mobile": false,
            "text_fs_mb": 16,
            "text_lh_mb": 0,
            "text_ls_mb": 0,
            "text_mgb_mobile": 0,
            "animation": "none"
          }
        }
      },
      "block_order": [
        "16475330593f7f9c53-0",
        "16475330593f7f9c53-1",
        "16475330593f7f9c53-2",
        "16475330593f7f9c53-3",
        "16475330593f7f9c53-4",
        "16475330593f7f9c53-5"
      ],
      "settings": {
        "image_ratio": "ratioadapt",
        "image_size": "cover",
        "image_position": "8",
        "equal_height": false,
        "space_h_item": "10",
        "space_v_item": "10",
        "space_h_item_mb": "10",
        "space_v_item_mb": "10",
        "layout": "t4s-container-fluid",
        "cl_bg": "",
        "cl_bg_gradient": "",
        "mg": ",,10px,",
        "pd": ",10px,,10px",
        "mg_mb": ",,10px,",
        "pd_mb": ",10px,,10px",
        "use_cus_css": false,
        "code_cus_css": ".SectionID {\nbackground-color:red\n}"
      }
    },
    "1649732643cd3e56f0": {
      "type": "slideshow",
      "blocks": {
        "16497326429b802e61-0": {
          "type": "image_parent",
          "settings": {
            "image": "shopify:\/\/shop_images\/banner-box-08_3750x_1950x_9aaa68e9-e046-400c-9821-c00734bbf931.jpg",
            "image_mb": "shopify:\/\/shop_images\/banner4-mobile_1296x_494ad4d9-97e7-4620-87bc-f015b20b83ac.jpg",
            "image_position": "8",
            "cl_img": "",
            "link_img1": "",
            "open_link": "_blank",
            "animate_slide": "none",
            "text_align": "start",
            "text_align_mb": "start",
            "content_width": "auto",
            "cv_pos": 50,
            "ch_pos": 14,
            "cv_pos_mb": 50,
            "ch_pos_mb": 42,
            "bg_overlay": "#000000",
            "bg_opacity": 32,
            "bg_content_cl": "#ffffff",
            "bg_content_op": 0,
            "content_pd_tb": 0,
            "content_pd_lr": 0,
            "content_pd_tb_mb": 10,
            "content_pd_lr_mb": 10,
            "border_bl": false,
            "br_color": "#222222",
            "br_bg": "#ffffff",
            "br_opacity": 50,
            "br_style": "solid",
            "br_pd": 20,
            "br_pd_mb": 10,
            "time_animation": 1,
            "animation_delay": 40
          }
        },
        "09630b63-5bde-44ae-b682-70b263930655": {
          "type": "html",
          "settings": {
            "html_content": "<ul style=\"color: #fff;list-style: disc;\">\n<li>Name \/ Cactus Mosquito Killer<\/li>\n<li>Model \/ DSH-MK-006<\/li>\n<li>Input Interface \/ Micro USB<\/li>\n<li>Power \/ 1.5W<\/li>\n<li>Coverage \/ 400-800 sq ft<\/li>\n<li>Input \/ DC5V-0.3A<\/li>\n<li>Net Weight \/ 307 gsm<\/li>\n<li>Product Size \/ 120*120*150 Min<\/li>\n<li>Standards \/ GB4706.1-2005<\/li>\n<\/ul>",
            "hidden_mobile": false,
            "animation": "none"
          }
        }
      },
      "block_order": [
        "16497326429b802e61-0",
        "09630b63-5bde-44ae-b682-70b263930655"
      ],
      "settings": {
        "se_height": "t4s_ratioadapt",
        "custom_dk": true,
        "height_dk": 600,
        "custom_tb": true,
        "height_tb": 400,
        "custom_mb": true,
        "height_mb": 250,
        "eff": "slide",
        "loop": true,
        "au_time": 0,
        "au_hover": true,
        "nav_btn": false,
        "btn_vi": "hover",
        "btn_owl": "default",
        "btn_shape": "none",
        "btn_cl": "dark",
        "btn_size": "small",
        "btn_hidden_mobile": false,
        "nav_dot": false,
        "dot_owl": "default",
        "dots_cl": "dark",
        "dots_round": false,
        "dots_space": 10,
        "dots_hidden_mobile": false,
        "layout": "t4s-container-fluid",
        "cl_bg": "",
        "cl_bg_gradient": "",
        "mg": ",,50px,",
        "pd": "",
        "mg_mb": ",,30px,",
        "pd_mb": "",
        "use_cus_css": false,
        "code_cus_css": ".SectionID {\nbackground-color:red\n}"
      }
    },
    "164753404243b52dbb": {
      "type": "testimonials",
      "blocks": {
        "1647534042317adb24-0": {
          "type": "quote",
          "settings": {
            "image_avata": "shopify:\/\/shop_images\/user-2_200x_d6802779-2306-4643-8004-56e2c96deec6.jpg",
            "content": "<p>There are many variations of passages of Lorem Ipsum available, but the majority<br\/>have suffered alteration in some form, by injected humour, or randomised words which<br\/>don't look even slightly believable.<\/p>",
            "title": "Henry Pham",
            "pos": "",
            "rating": 5
          }
        },
        "1647534042317adb24-1": {
          "type": "quote",
          "settings": {
            "image_avata": "shopify:\/\/shop_images\/user-1_200x_3be4f4d9-5f19-4ef5-9114-213836253079.jpg",
            "content": "<p>There are many variations of passages of Lorem Ipsum available, but the majority<br\/>have suffered alteration in some form, by injected humour, or randomised words which<br\/>don't look even slightly believable.<\/p>",
            "title": "Nathan Nguyen",
            "pos": "",
            "rating": 5
          }
        }
      },
      "block_order": [
        "1647534042317adb24-0",
        "1647534042317adb24-1"
      ],
      "settings": {
        "design_heading": "1",
        "heading_align": "t4s-text-center",
        "top_heading": "What People Say About Us",
        "icon_heading": "las la-gem",
        "top_subheading": "",
        "tophead_mb": 30,
        "ter_des": "1",
        "cl_name": "#222222",
        "cl_content": "#878787",
        "cl_bd": "",
        "cl_bg_item": "",
        "bdr": 0,
        "content_align": "text-center",
        "col_dk": "1",
        "col_tb": "1",
        "col_mb": "1",
        "space_h_item": "30",
        "space_v_item": "30",
        "space_h_item_mb": "10",
        "space_v_item_mb": "10",
        "layout_des": "2",
        "loop": true,
        "au_time": 0,
        "au_hover": true,
        "nav_btn": false,
        "btn_vi": "hover",
        "btn_owl": "default",
        "btn_shape": "none",
        "btn_cl": "dark",
        "btn_size": "small",
        "btn_hidden_mobile": false,
        "nav_dot": false,
        "dot_owl": "default",
        "dots_cl": "dark",
        "dots_round": false,
        "dots_space": 10,
        "dots_hidden_mobile": false,
        "layout": "t4s-container-wrap",
        "cl_bg": "",
        "cl_bg_gradient": "",
        "mg": ",,50px,",
        "pd": "50px,,50px,",
        "mg_mb": ",,30px,",
        "pd_mb": "30px,,30px,",
        "use_cus_css": false,
        "code_cus_css": ".SectionID {\nbackground-color:red\n}"
      }
    },
    "1647534738a0a6474c": {
      "type": "accordion",
      "blocks": {
        "16475347385679086e-0": {
          "type": "accor_item",
          "settings": {
            "icon": "none",
            "accor_title": "Anyone ever cough mosquitos with it?",
            "content": "<p>It is a long established fact that a reader will be distracted by the readable.<\/p>"
          }
        },
        "16475347385679086e-1": {
          "type": "accor_item",
          "settings": {
            "icon": "none",
            "accor_title": "Is it a Real UV led or only a blue or colored led ?",
            "content": "<p>Contrary to popular belief, Lorem Ipsum is not simply random text. It has roots in a piece of classical Latin literature from 45 BC, making it over 2000 years old. Richard McClintock a Latin professor at Hampden-Sydney College in Virginia.<\/p>"
          }
        },
        "16475347385679086e-2": {
          "type": "accor_item",
          "settings": {
            "icon": "none",
            "accor_title": "is UV light dangerous or optimized?",
            "content": "<p>It is a long established fact that a reader will be distracted by the readable.<\/p>"
          }
        },
        "29a0b2a2-2163-4365-ab3c-d42e714e08b8": {
          "type": "accor_item",
          "settings": {
            "icon": "none",
            "accor_title": "Has Autonomy or works only with the cable?",
            "content": "<p>It is a long established fact that a reader will be distracted by the readable.<\/p>"
          }
        }
      },
      "block_order": [
        "16475347385679086e-0",
        "16475347385679086e-1",
        "16475347385679086e-2",
        "29a0b2a2-2163-4365-ab3c-d42e714e08b8"
      ],
      "settings": {
        "design_heading": "1",
        "heading_align": "t4s-text-center",
        "top_heading": "Frequently Asked Questions",
        "icon_heading": "las la-gem",
        "top_subheading": "",
        "tophead_mb": 30,
        "accor_des": "2",
        "title_cl": "#222222",
        "bg_title_cl": "#ffffff",
        "title_active_cl": "#ffffff",
        "bg_title_active_cl": "#28433a",
        "content_cl": "#222222",
        "bg_content_cl": "#ffffff",
        "content_align": "t4s-text-start",
        "layout": "t4s-cus-width",
        "custom_width": 800,
        "cl_bg": "",
        "cl_bg_gradient": "",
        "image_bg": "shopify:\/\/shop_images\/footer_bg_1950x_210103f0-12eb-4bf4-b282-238c9a3c68d5.png",
        "mg": ",,,",
        "pd": "100px,,100px,",
        "mg_mb": ",,,",
        "pd_mb": "50px,,50px,",
        "use_cus_css": false,
        "code_cus_css": ".SectionID {\nbackground-color:red\n}"
      }
    }
  },
  "order": [
    "1649662109ea108426",
    "16475103368ee961bf",
    "1647511399361f680c",
    "1649692995721f12bc",
    "1649728458388cb347",
    "16475330607f515ed3",
    "1649732643cd3e56f0",
    "164753404243b52dbb",
    "1647534738a0a6474c"
  ]
}