{
  "sections": {
    "164679487424973fe7": {
      "type": "slideshow",
      "blocks": {
        "1646794873c20a81c8-0": {
          "type": "image_parent",
          "settings": {
            "image": "shopify:\/\/shop_images\/2_1950x_23515fa3-5e66-43a3-a862-3e4284e5fa6f.jpg",
            "image_position": "8",
            "cl_img": "",
            "link_img1": "",
            "open_link": "_blank",
            "animate_slide": "none",
            "text_align": "start",
            "text_align_mb": "end",
            "content_width": "auto",
            "cv_pos": 50,
            "ch_pos": 77,
            "cv_pos_mb": 50,
            "ch_pos_mb": 80,
            "bg_overlay": "#000000",
            "bg_opacity": 0,
            "bg_content_cl": "#ffffff",
            "bg_content_op": 0,
            "content_pd_tb": 20,
            "content_pd_lr": 20,
            "content_pd_tb_mb": 10,
            "content_pd_lr_mb": 10,
            "border_bl": false,
            "br_color": "#222222",
            "br_bg": "#ffffff",
            "br_opacity": 50,
            "br_style": "solid",
            "br_pd": 20,
            "br_pd_mb": 10,
            "time_animation": 1,
            "animation_delay": 40
          }
        },
        "1646794873c20a81c8-5": {
          "type": "custom_text",
          "settings": {
            "text": "Smart Clothing For Any Situation",
            "remove_br_tag": false,
            "fontf": "1",
            "text_cl": "#222222",
            "text_fs": 18,
            "text_lh": 18,
            "text_fw": 500,
            "text_ls": 0,
            "text_mgb": 20,
            "font_italic": false,
            "text_shadow": false,
            "hidden_mobile": false,
            "text_fs_mb": 14,
            "text_lh_mb": 14,
            "text_ls_mb": 0,
            "text_mgb_mobile": 15,
            "animation": "fadeInLeft"
          }
        },
        "1646794873c20a81c8-6": {
          "type": "custom_text",
          "settings": {
            "text": "Kalles’s Beachwear<br>\nEtiquette 2020",
            "remove_br_tag": true,
            "fontf": "2",
            "text_cl": "#222222",
            "text_fs": 70,
            "text_lh": 70,
            "text_fw": 400,
            "text_ls": 0,
            "text_mgb": 30,
            "font_italic": false,
            "text_shadow": false,
            "hidden_mobile": false,
            "text_fs_mb": 30,
            "text_lh_mb": 30,
            "text_ls_mb": 0,
            "text_mgb_mobile": 10,
            "animation": "fadeInLeft"
          }
        },
        "1646794873c20a81c8-7": {
          "type": "custom_button",
          "settings": {
            "button_text": "Explore Collection",
            "button_link": "shopify:\/\/collections",
            "target_link": "_self",
            "fontf": "1",
            "button_icon_w": 0,
            "button_style": "default",
            "button_effect": "sweep-to-right",
            "pri_cl": "#222222",
            "second_cl": "#ffffff",
            "pri_cl_hover": "#56cfe1",
            "second_cl_hover": "#ffffff",
            "fsbutton": 14,
            "fwbutton": 400,
            "button_ls": 0,
            "button_mh": 40,
            "button_bdr": 0,
            "button_pd_lr": 23,
            "button_mgb": 0,
            "hidden_mobile": false,
            "button_icon_w_mb": 0,
            "fsbutton_mb": 14,
            "button_mh_mb": 40,
            "button_pd_lr_mb": 15,
            "button_ls_mb": 0,
            "button_mgb_mb": 0,
            "animation": "fadeInLeft"
          }
        },
        "1646794873c20a81c8-4": {
          "type": "image_parent",
          "settings": {
            "image": "shopify:\/\/shop_images\/Main-Banner-2-min_1950x_49dfb7a6-ada9-4f24-ba93-213dacd860ab.jpg",
            "image_position": "8",
            "cl_img": "",
            "link_img1": "",
            "open_link": "_blank",
            "animate_slide": "none",
            "text_align": "start",
            "text_align_mb": "end",
            "content_width": "t4s-container",
            "cv_pos": 50,
            "ch_pos": 77,
            "cv_pos_mb": 50,
            "ch_pos_mb": 80,
            "bg_overlay": "#000000",
            "bg_opacity": 0,
            "bg_content_cl": "#ffffff",
            "bg_content_op": 0,
            "content_pd_tb": 20,
            "content_pd_lr": 20,
            "content_pd_tb_mb": 10,
            "content_pd_lr_mb": 10,
            "border_bl": false,
            "br_color": "#222222",
            "br_bg": "#ffffff",
            "br_opacity": 50,
            "br_style": "solid",
            "br_pd": 20,
            "br_pd_mb": 10,
            "time_animation": 1,
            "animation_delay": 40
          }
        },
        "1646794873c20a81c8-1": {
          "type": "custom_text",
          "settings": {
            "text": "Latest Arrivals Collection on 50% Off",
            "remove_br_tag": false,
            "fontf": "inherit",
            "text_cl": "#222222",
            "text_fs": 18,
            "text_lh": 18,
            "text_fw": 500,
            "text_ls": 0,
            "text_mgb": 20,
            "font_italic": false,
            "text_shadow": false,
            "hidden_mobile": false,
            "text_fs_mb": 14,
            "text_lh_mb": 14,
            "text_ls_mb": 0,
            "text_mgb_mobile": 15,
            "animation": "fadeInUp"
          }
        },
        "1646794873c20a81c8-2": {
          "type": "custom_text",
          "settings": {
            "text": "Natural Febric Is<br> 100% Unrefined",
            "remove_br_tag": true,
            "fontf": "2",
            "text_cl": "#222222",
            "text_fs": 70,
            "text_lh": 70,
            "text_fw": 400,
            "text_ls": 0,
            "text_mgb": 25,
            "font_italic": false,
            "text_shadow": false,
            "hidden_mobile": false,
            "text_fs_mb": 30,
            "text_lh_mb": 30,
            "text_ls_mb": 0,
            "text_mgb_mobile": 10,
            "animation": "fadeInUp"
          }
        },
        "1646794873c20a81c8-3": {
          "type": "custom_button",
          "settings": {
            "button_text": "Discover More",
            "button_link": "shopify:\/\/collections",
            "target_link": "_self",
            "fontf": "1",
            "button_icon_w": 0,
            "button_style": "default",
            "button_effect": "sweep-to-left",
            "pri_cl": "#222222",
            "second_cl": "#ffffff",
            "pri_cl_hover": "#56cfe1",
            "second_cl_hover": "#ffffff",
            "fsbutton": 14,
            "fwbutton": 400,
            "button_ls": 0,
            "button_mh": 40,
            "button_bdr": 0,
            "button_pd_lr": 30,
            "button_mgb": 0,
            "hidden_mobile": false,
            "button_icon_w_mb": 0,
            "fsbutton_mb": 14,
            "button_mh_mb": 40,
            "button_pd_lr_mb": 15,
            "button_ls_mb": 0,
            "button_mgb_mb": 0,
            "animation": "fadeInUp"
          }
        }
      },
      "block_order": [
        "1646794873c20a81c8-0",
        "1646794873c20a81c8-5",
        "1646794873c20a81c8-6",
        "1646794873c20a81c8-7",
        "1646794873c20a81c8-4",
        "1646794873c20a81c8-1",
        "1646794873c20a81c8-2",
        "1646794873c20a81c8-3"
      ],
      "settings": {
        "se_height": "t4s_ratio_cuspx",
        "custom_dk": true,
        "height_dk": 980,
        "custom_tb": true,
        "height_tb": 700,
        "custom_mb": true,
        "height_mb": 400,
        "eff": "slide",
        "loop": true,
        "au_time": 0,
        "au_hover": true,
        "nav_btn": true,
        "btn_vi": "hover",
        "btn_owl": "outline",
        "btn_shape": "round",
        "btn_cl": "dark",
        "btn_size": "small",
        "btn_hidden_mobile": true,
        "nav_dot": false,
        "dot_owl": "default",
        "dots_cl": "light",
        "dots_round": true,
        "dots_space": 10,
        "dots_hidden_mobile": false,
        "layout": "t4s-container-fluid",
        "cl_bg": "",
        "cl_bg_gradient": "",
        "mg": "",
        "pd": "",
        "mg_mb": "",
        "pd_mb": "",
        "use_cus_css": false,
        "code_cus_css": ".SectionID {\nbackground-color:red\n}"
      }
    },
    "16468088995ecbf14d": {
      "type": "custom-section",
      "blocks": {
        "16468088996d5b85b8-0": {
          "type": "bl_col",
          "settings": {
            "col_dk": "12",
            "col_tb": "12",
            "col_mb": "12",
            "align_vertical": true,
            "content_align": "center",
            "content_align_mobile": "center",
            "padding_inner": "",
            "padding_inner_mb": "",
            "bg_cl": "rgba(0,0,0,0)"
          }
        },
        "16468088996d5b85b8-1": {
          "type": "custom_text",
          "settings": {
            "text": "OUR STORY",
            "remove_br_tag": false,
            "fontf": "inherit",
            "text_cl": "#222222",
            "text_fs": 22,
            "text_lh": 36,
            "text_fw": 500,
            "text_ls": 3,
            "font_italic": false,
            "text_shadow": false,
            "text_mgb": 0,
            "hidden_mobile": false,
            "text_fs_mb": 18,
            "text_lh_mb": 30,
            "text_ls_mb": 0,
            "text_mgb_mobile": 0
          }
        },
        "0e8a6e40-7a32-4916-bbf3-af9df511ebf3": {
          "type": "space_html",
          "settings": {
            "color": "#222222",
            "width": 40,
            "height": 2,
            "mgb": 20,
            "width_mb": 40,
            "hidden_mobile": false,
            "height_mb": 2,
            "mgb_mb": 20
          }
        },
        "16468088996d5b85b8-2": {
          "type": "custom_text",
          "settings": {
            "text": "When you think of swimwear, you likely don’t think about high necklines. After all, most styles are swooping<br>\nso low in the front that they’re absolutely impossible to wear if you have a large bust. But don’t be mistaken – high neckline bikini tops<br>\nare all the rage right now, and they’re super chic!",
            "remove_br_tag": true,
            "fontf": "1",
            "text_cl": "#878787",
            "text_fs": 14,
            "text_lh": 24,
            "text_fw": 400,
            "text_ls": 0,
            "font_italic": false,
            "text_shadow": false,
            "text_mgb": 20,
            "hidden_mobile": false,
            "text_fs_mb": 12,
            "text_lh_mb": 20,
            "text_ls_mb": 0,
            "text_mgb_mobile": 10
          }
        },
        "f0a3d5d1-6dc0-4061-a7c6-d096864135fd": {
          "type": "custom_button",
          "settings": {
            "button_text": "Read more",
            "button_link": "shopify:\/\/collections",
            "target_link": "_self",
            "fontf": "inherit",
            "button_icon_w": 0,
            "button_style": "default",
            "button_effect": "sweep-to-bottom",
            "pri_cl": "#000000",
            "second_cl": "#ffffff",
            "pri_cl_hover": "#56cfe1",
            "second_cl_hover": "#ffffff",
            "fsbutton": 14,
            "fwbutton": 600,
            "button_ls": 0,
            "button_mh": 40,
            "button_bdr": 0,
            "button_pd_lr": 29,
            "button_mgb": 0,
            "hidden_mobile": false,
            "button_icon_w_mb": 0,
            "fsbutton_mb": 14,
            "button_mh_mb": 40,
            "button_pd_lr_mb": 20,
            "button_ls_mb": 0,
            "button_mgb_mb": 0
          }
        }
      },
      "block_order": [
        "16468088996d5b85b8-0",
        "16468088996d5b85b8-1",
        "0e8a6e40-7a32-4916-bbf3-af9df511ebf3",
        "16468088996d5b85b8-2",
        "f0a3d5d1-6dc0-4061-a7c6-d096864135fd"
      ],
      "settings": {
        "space_h_item": "30",
        "space_v_item": "30",
        "space_h_item_mb": "10",
        "space_v_item_mb": "10",
        "layout": "t4s-container-wrap",
        "cl_bg": "#edf2f7",
        "cl_bg_gradient": "",
        "mg": "",
        "pd": "75px,0,80px,0",
        "mg_mb": "",
        "pd_mb": "35px,0,40px,0",
        "use_cus_css": false,
        "code_cus_css": ".SectionID {\nbackground-color:red\n}"
      }
    },
    "16468771314ff08b5e": {
      "type": "lookbook-packery",
      "blocks": {
        "164687713154efb538-0": {
          "type": "img",
          "settings": {
            "image": "shopify:\/\/shop_images\/Pin-Product-Banner-1-min_720x_4ece3aa8-a8bb-41a2-8f10-336d3ef61f3d.jpg",
            "col_pr": "6",
            "col_pr_tb": "6",
            "col_pr_mb": "12"
          }
        },
        "6440a620-5289-4c51-a128-c43ac8f5e301": {
          "type": "pr",
          "settings": {
            "pos_t": 37,
            "pos_l": 63,
            "type": "1",
            "shorttxt": "$59",
            "pos_pin": "top",
            "pos_size": "medium",
            "effect": "fade",
            "bg_cl": "#222222",
            "cl_text": "#ffffff",
            "product": "mia-marley-bikini-set"
          }
        },
        "164687713154efb538-1": {
          "type": "img",
          "settings": {
            "image": "shopify:\/\/shop_images\/Pin-Product-Banner-2-min_720x_e4f2ac3d-23c9-4c67-b5d1-b1db4faa2563.jpg",
            "col_pr": "6",
            "col_pr_tb": "6",
            "col_pr_mb": "12"
          }
        },
        "6eb45f0c-bc98-47f6-8fcf-f7cb48e324c6": {
          "type": "pr",
          "settings": {
            "pos_t": 71,
            "pos_l": 51,
            "type": "1",
            "shorttxt": "$59",
            "pos_pin": "top",
            "pos_size": "medium",
            "effect": "fade",
            "bg_cl": "#222222",
            "cl_text": "#ffffff",
            "product": "turks-one-piece-swimsuit"
          }
        }
      },
      "block_order": [
        "164687713154efb538-0",
        "6440a620-5289-4c51-a128-c43ac8f5e301",
        "164687713154efb538-1",
        "6eb45f0c-bc98-47f6-8fcf-f7cb48e324c6"
      ],
      "settings": {
        "design_heading": "1",
        "heading_align": "t4s-text-center",
        "top_heading": "",
        "icon_heading": "gem",
        "top_subheading": "",
        "tophead_mb": 30,
        "space": "20",
        "space_mb": "20",
        "image_ratio": "ratioadapt",
        "image_size": "cover",
        "image_position": "8",
        "pr_pin_des": "1",
        "layout": "t4s-container-wrap",
        "cl_bg": "#edf2f7",
        "cl_bg_gradient": "",
        "mg": "0,0,80px,0",
        "pd": "0,0,80px,0",
        "mg_mb": "0,0,80px,0",
        "pd_mb": "0,0,50px,0"
      }
    },
    "16468088995ecbf14g": {
      "type": "custom-section",
      "blocks": {
        "16468088996d5b85b8-0": {
          "type": "bl_col",
          "settings": {
            "col_dk": "12",
            "col_tb": "12",
            "col_mb": "12",
            "align_vertical": true,
            "content_align": "center",
            "content_align_mobile": "center",
            "padding_inner": "",
            "padding_inner_mb": "",
            "bg_cl": "rgba(0,0,0,0)"
          }
        },
        "16468088996d5b85b8-1": {
          "type": "custom_text",
          "settings": {
            "text": "NEW ARRIVALS",
            "remove_br_tag": false,
            "fontf": "2",
            "text_cl": "#222222",
            "text_fs": 22,
            "text_lh": 36,
            "text_fw": 500,
            "text_ls": 3,
            "font_italic": false,
            "text_shadow": false,
            "text_mgb": 0,
            "hidden_mobile": false,
            "text_fs_mb": 18,
            "text_lh_mb": 30,
            "text_ls_mb": 0,
            "text_mgb_mobile": 0
          }
        },
        "0e8a6e40-7a32-4916-bbf3-af9df511ebf3": {
          "type": "space_html",
          "settings": {
            "color": "#222222",
            "width": 40,
            "height": 2,
            "mgb": 15,
            "width_mb": 40,
            "hidden_mobile": false,
            "height_mb": 2,
            "mgb_mb": 10
          }
        },
        "16468088996d5b85b8-2": {
          "type": "custom_text",
          "settings": {
            "text": "Making this the perfect beach to street look with some denim cut-offs!",
            "remove_br_tag": false,
            "fontf": "1",
            "text_cl": "#878787",
            "text_fs": 14,
            "text_lh": 24,
            "text_fw": 400,
            "text_ls": 0,
            "font_italic": false,
            "text_shadow": false,
            "text_mgb": 20,
            "hidden_mobile": false,
            "text_fs_mb": 12,
            "text_lh_mb": 20,
            "text_ls_mb": 0,
            "text_mgb_mobile": 20
          }
        }
      },
      "block_order": [
        "16468088996d5b85b8-0",
        "16468088996d5b85b8-1",
        "0e8a6e40-7a32-4916-bbf3-af9df511ebf3",
        "16468088996d5b85b8-2"
      ],
      "settings": {
        "space_h_item": "30",
        "space_v_item": "30",
        "space_h_item_mb": "10",
        "space_v_item_mb": "10",
        "layout": "t4s-container-wrap",
        "cl_bg": "rgba(0,0,0,0)",
        "cl_bg_gradient": "",
        "mg": "",
        "pd": "",
        "mg_mb": "",
        "pd_mb": "",
        "use_cus_css": false,
        "code_cus_css": ".SectionID {\nbackground-color:red\n}"
      }
    },
    "1646808724969bcbcf": {
      "type": "featured-collection",
      "settings": {
        "design_heading": "1",
        "heading_align": "t4s-text-center",
        "top_heading": "",
        "icon_heading": "las la-gem",
        "top_subheading": "",
        "tophead_mb": 30,
        "collection": "lingeries",
        "product_des": "1",
        "show_vendor": false,
        "image_ratio": "ratio2_3",
        "image_size": "cover",
        "image_position": "8",
        "content_align": "default",
        "limit": 6,
        "col_dk": "6",
        "col_tb": "4",
        "col_mb": "2",
        "space_h_item": "30",
        "space_v_item": "30",
        "space_h_item_mb": "10",
        "space_v_item_mb": "10",
        "layout_des": "1",
        "loop": true,
        "au_time": 0,
        "au_hover": true,
        "nav_btn": true,
        "btn_vi": "hover",
        "btn_owl": "default",
        "btn_shape": "none",
        "btn_cl": "dark",
        "btn_size": "small",
        "btn_hidden_mobile": false,
        "nav_dot": true,
        "dot_owl": "default",
        "dots_cl": "dark",
        "dots_round": false,
        "dots_space": 10,
        "dots_hidden_mobile": false,
        "use_pagination": "none",
        "enable_bar_lm": false,
        "btn_icon": true,
        "button_style": "outline",
        "btns_size": "medium",
        "btns_cl": "default",
        "button_effect": "fade",
        "btn_pos": "t4s-text-center",
        "layout": "t4s-container-fluid",
        "cl_bg": "",
        "cl_bg_gradient": "",
        "mg": ",,90px,",
        "pd": "0,30px,0,30px",
        "mg_mb": ",,30px,",
        "pd_mb": "0,15px,0,15px",
        "use_cus_css": false,
        "code_cus_css": ".SectionID {\nbackground-color:red\n}"
      }
    },
    "16468088995ecbf14h": {
      "type": "custom-section",
      "blocks": {
        "5b325a35-ed9a-48f7-b1c5-7e8b6a2b5db1": {
          "type": "bl_col",
          "settings": {
            "col_dk": "6",
            "col_tb": "6",
            "col_mb": "12",
            "align_vertical": true,
            "content_align": "center",
            "content_align_mobile": "center",
            "padding_inner": "",
            "padding_inner_mb": "",
            "bg_cl": "#ffffff"
          }
        },
        "8dec399d-c05c-4044-8861-868a71ed217f": {
          "type": "image",
          "settings": {
            "image_child": "shopify:\/\/shop_images\/Trending-Product-Banner-min_720x_f3125f1a-ae7e-4e84-8876-f7aa8182c449.jpg",
            "img_width": 0,
            "img_width_mb": 0,
            "hidden_mobile": false,
            "mgb": 0,
            "mgb_mb": 0
          }
        },
        "16468088996d5b85b8-0": {
          "type": "bl_col",
          "settings": {
            "col_dk": "6",
            "col_tb": "6",
            "col_mb": "12",
            "align_vertical": true,
            "content_align": "center",
            "content_align_mobile": "center",
            "padding_inner": "0,30px,0,30px",
            "padding_inner_mb": "30px,15px,30px,15px",
            "bg_cl": "rgba(0,0,0,0)"
          }
        },
        "16468088996d5b85b8-1": {
          "type": "custom_text",
          "settings": {
            "text": "TRENDING ITEMS",
            "remove_br_tag": false,
            "fontf": "2",
            "text_cl": "#222222",
            "text_fs": 22,
            "text_lh": 36,
            "text_fw": 500,
            "text_ls": 3,
            "font_italic": false,
            "text_shadow": false,
            "text_mgb": 0,
            "hidden_mobile": false,
            "text_fs_mb": 18,
            "text_lh_mb": 30,
            "text_ls_mb": 0,
            "text_mgb_mobile": 0
          }
        },
        "0e8a6e40-7a32-4916-bbf3-af9df511ebf3": {
          "type": "space_html",
          "settings": {
            "color": "#222222",
            "width": 40,
            "height": 2,
            "mgb": 20,
            "width_mb": 40,
            "hidden_mobile": false,
            "height_mb": 2,
            "mgb_mb": 20
          }
        },
        "16468088996d5b85b8-2": {
          "type": "custom_text",
          "settings": {
            "text": "Where many swim lines have their place in the sun, Kalles<br>\ntranscends beach and the pool. The pieces transition seamlessly<br>\nas day or evening Ready-to-Wear, providing an innate versatility <br>\nyour already established wardrobe.",
            "remove_br_tag": true,
            "fontf": "1",
            "text_cl": "#878787",
            "text_fs": 14,
            "text_lh": 24,
            "text_fw": 400,
            "text_ls": 0,
            "font_italic": false,
            "text_shadow": false,
            "text_mgb": 20,
            "hidden_mobile": false,
            "text_fs_mb": 12,
            "text_lh_mb": 20,
            "text_ls_mb": 0,
            "text_mgb_mobile": 20
          }
        },
        "f0a3d5d1-6dc0-4061-a7c6-d096864135fd": {
          "type": "custom_button",
          "settings": {
            "button_text": "Read more",
            "button_link": "shopify:\/\/collections",
            "target_link": "_self",
            "fontf": "1",
            "button_icon_w": 0,
            "button_style": "default",
            "button_effect": "fade",
            "pri_cl": "#222222",
            "second_cl": "#ffffff",
            "pri_cl_hover": "#56cfe1",
            "second_cl_hover": "#ffffff",
            "fsbutton": 14,
            "fwbutton": 600,
            "button_ls": 0,
            "button_mh": 40,
            "button_bdr": 0,
            "button_pd_lr": 25,
            "button_mgb": 0,
            "hidden_mobile": false,
            "button_icon_w_mb": 0,
            "fsbutton_mb": 12,
            "button_mh_mb": 36,
            "button_pd_lr_mb": 15,
            "button_ls_mb": 0,
            "button_mgb_mb": 0
          }
        }
      },
      "block_order": [
        "5b325a35-ed9a-48f7-b1c5-7e8b6a2b5db1",
        "8dec399d-c05c-4044-8861-868a71ed217f",
        "16468088996d5b85b8-0",
        "16468088996d5b85b8-1",
        "0e8a6e40-7a32-4916-bbf3-af9df511ebf3",
        "16468088996d5b85b8-2",
        "f0a3d5d1-6dc0-4061-a7c6-d096864135fd"
      ],
      "settings": {
        "space_h_item": "0",
        "space_v_item": "0",
        "space_h_item_mb": "10",
        "space_v_item_mb": "0",
        "layout": "t4s-se-container",
        "cl_bg": "#edf2f7",
        "cl_bg_gradient": "",
        "mg": "0,0,75px,0",
        "pd": "",
        "mg_mb": "0,0,35px,0",
        "pd_mb": "",
        "use_cus_css": false,
        "code_cus_css": ".SectionID {\nbackground-color:red\n}"
      }
    },
    "16468088995ecbf14i": {
      "type": "custom-section",
      "blocks": {
        "16468088996d5b85b8-0": {
          "type": "bl_col",
          "settings": {
            "col_dk": "12",
            "col_tb": "12",
            "col_mb": "12",
            "align_vertical": true,
            "content_align": "center",
            "content_align_mobile": "center",
            "padding_inner": "",
            "padding_inner_mb": "",
            "bg_cl": "rgba(0,0,0,0)"
          }
        },
        "16468088996d5b85b8-1": {
          "type": "custom_text",
          "settings": {
            "text": "POPULAR BLOG",
            "remove_br_tag": false,
            "fontf": "2",
            "text_cl": "#222222",
            "text_fs": 22,
            "text_lh": 36,
            "text_fw": 500,
            "text_ls": 3,
            "font_italic": false,
            "text_shadow": false,
            "text_mgb": 0,
            "hidden_mobile": false,
            "text_fs_mb": 18,
            "text_lh_mb": 30,
            "text_ls_mb": 0,
            "text_mgb_mobile": 0
          }
        },
        "0e8a6e40-7a32-4916-bbf3-af9df511ebf3": {
          "type": "space_html",
          "settings": {
            "color": "#222222",
            "width": 40,
            "height": 2,
            "mgb": 20,
            "width_mb": 40,
            "hidden_mobile": false,
            "height_mb": 2,
            "mgb_mb": 20
          }
        },
        "16468088996d5b85b8-2": {
          "type": "custom_text",
          "settings": {
            "text": "One-piece swimsuits are hotter than ever, offering styles that are even sexier than itsy bitsy bikinis!",
            "remove_br_tag": false,
            "fontf": "1",
            "text_cl": "#878787",
            "text_fs": 14,
            "text_lh": 24,
            "text_fw": 400,
            "text_ls": 0,
            "font_italic": false,
            "text_shadow": false,
            "text_mgb": 20,
            "hidden_mobile": false,
            "text_fs_mb": 14,
            "text_lh_mb": 0,
            "text_ls_mb": 0,
            "text_mgb_mobile": 10
          }
        }
      },
      "block_order": [
        "16468088996d5b85b8-0",
        "16468088996d5b85b8-1",
        "0e8a6e40-7a32-4916-bbf3-af9df511ebf3",
        "16468088996d5b85b8-2"
      ],
      "settings": {
        "space_h_item": "30",
        "space_v_item": "30",
        "space_h_item_mb": "10",
        "space_v_item_mb": "10",
        "layout": "t4s-container-wrap",
        "cl_bg": "rgba(0,0,0,0)",
        "cl_bg_gradient": "",
        "mg": "",
        "pd": "",
        "mg_mb": "",
        "pd_mb": "",
        "use_cus_css": false,
        "code_cus_css": ".SectionID {\nbackground-color:red\n}"
      }
    },
    "1646881640f2c9849d": {
      "type": "blog-post",
      "settings": {
        "design_heading": "1",
        "heading_align": "t4s-text-center",
        "top_heading": "",
        "icon_heading": "las la-gem",
        "top_subheading": "",
        "tophead_mb": 30,
        "blog": "lingeries",
        "post_des": "1",
        "show_cate": false,
        "show_tags": false,
        "show_cnt": true,
        "show_au": false,
        "show_dt": true,
        "show_cm": false,
        "show_rm": false,
        "show_irm": false,
        "date": "date",
        "content_align": "t4s-text-start",
        "limit": 8,
        "img_effect": "zoom",
        "b_effect": "none",
        "image_ratio": "ratio4_3",
        "image_size": "cover",
        "image_position": "8",
        "col_dk": "3",
        "col_tb": "2",
        "col_mb": "1",
        "space_h_item": "30",
        "space_v_item": "30",
        "space_h_item_mb": "10",
        "space_v_item_mb": "10",
        "layout_des": "2",
        "loop": true,
        "au_time": 0,
        "au_hover": true,
        "nav_btn": false,
        "btn_vi": "hover",
        "btn_owl": "default",
        "btn_shape": "none",
        "btn_cl": "dark",
        "btn_size": "small",
        "btn_hidden_mobile": false,
        "nav_dot": false,
        "dot_owl": "default",
        "dots_cl": "dark",
        "dots_round": false,
        "dots_space": 10,
        "dots_hidden_mobile": false,
        "use_pagination": "none",
        "enable_bar_lm": true,
        "btn_icon": false,
        "button_style": "default",
        "btns_size": "medium",
        "btns_cl": "default",
        "button_effect": "fade",
        "btn_pos": "t4s-text-center",
        "layout": "t4s-container-wrap",
        "cl_bg": "",
        "cl_bg_gradient": "",
        "mg": ",,50px,",
        "pd": "",
        "mg_mb": ",,30px,",
        "pd_mb": "",
        "use_cus_css": true,
        "code_cus_css": ".t4s-post-item .t4s-post-title {\n    font-size: 22px;\nline-height: 22px;\n    font-weight: 400;\nfont-family: Futura,sans-serif;\n}"
      }
    },
    "1646881737178e8cd0": {
      "type": "logo_list",
      "blocks": {
        "164688173716ee21cb-0": {
          "type": "logo_item",
          "settings": {
            "image": "shopify:\/\/shop_images\/brand-Magisso_180x_b1c3f2fc-575d-424f-9717-8966bc37e373.png",
            "url": ""
          }
        },
        "164688173716ee21cb-1": {
          "type": "logo_item",
          "settings": {
            "image": "shopify:\/\/shop_images\/brand-Rosenthal_180x_64a464b2-7a44-4706-9cc0-ff87a7522395.png",
            "url": ""
          }
        },
        "164688173716ee21cb-3": {
          "type": "logo_item",
          "settings": {
            "image": "shopify:\/\/shop_images\/brand-Magisso_180x_da95cd5a-acd2-4476-8715-1e45b278cf7b.png",
            "url": ""
          }
        },
        "164688173716ee21cb-4": {
          "type": "logo_item",
          "settings": {
            "image": "shopify:\/\/shop_images\/brand-PackIt_180x_975422c1-ec2c-469a-a39d-2f6015bd650e.png",
            "url": ""
          }
        },
        "164688173716ee21cb-2": {
          "type": "logo_item",
          "settings": {
            "image": "shopify:\/\/shop_images\/brand-Louis-Poulsen_180x_ef723b98-39c1-48f4-a545-2b33475ecae2.png",
            "url": ""
          }
        },
        "164688173716ee21cb-5": {
          "type": "logo_item",
          "settings": {
            "image": "shopify:\/\/shop_images\/klobe2r_180x_a5a776e9-62f6-4345-97b1-2723a880c952.png",
            "url": ""
          }
        }
      },
      "block_order": [
        "164688173716ee21cb-0",
        "164688173716ee21cb-1",
        "164688173716ee21cb-3",
        "164688173716ee21cb-4",
        "164688173716ee21cb-2",
        "164688173716ee21cb-5"
      ],
      "settings": {
        "design_heading": "1",
        "heading_align": "t4s-text-center",
        "top_heading": "",
        "icon_heading": "las la-gem",
        "top_subheading": "",
        "tophead_mb": 30,
        "img_effect": "filter",
        "b_effect": "none",
        "open_link": "_blank",
        "layout_des": "1",
        "click_image": "data-goto",
        "nav_thumbs": false,
        "col_dk": "6",
        "col_tb": "2",
        "col_mb": "2",
        "space_item": "30",
        "space_item_mb": "30",
        "loop": true,
        "au_time": 0,
        "au_hover": true,
        "nav_btn": true,
        "btn_vi": "hover",
        "btn_owl": "default",
        "btn_shape": "none",
        "btn_cl": "dark",
        "btn_size": "small",
        "btn_hidden_mobile": false,
        "nav_dot": true,
        "dot_owl": "default",
        "dots_cl": "dark",
        "dots_round": false,
        "dots_space": 10,
        "dots_hidden_mobile": false,
        "layout": "t4s-container-wrap",
        "cl_bg": "",
        "cl_bg_gradient": "",
        "mg": ",,70px,",
        "pd": "",
        "mg_mb": ",,30px,",
        "pd_mb": "",
        "use_cus_css": true,
        "code_cus_css": ".t4s_nt_se_template--15329668497614__1646881737178e8cd0  .t4s-logo-item .t4s_ratio  {\nmax-width: 108px !important;\n}"
      }
    },
    "16468819339b263c11": {
      "type": "banner",
      "blocks": {
        "1646881932b764ef92-0": {
          "type": "b_item",
          "settings": {
            "custom_dk": true,
            "height_dk": 600,
            "custom_tb": true,
            "height_tb": 400,
            "custom_mb": true,
            "height_mb": 300,
            "image": "shopify:\/\/shop_images\/Sub-Banner-1-min_720x_bf38a137-475b-48d3-b136-ca2d8abf7427.jpg",
            "b_link": "",
            "open_link": "_self",
            "img_effect": "zoom",
            "b_effect": "none",
            "col_dk": "6",
            "col_tb": "6",
            "col_mb": "12",
            "content_align": "end",
            "content_align_mobile": "end",
            "content_width": "auto",
            "cv_pos": 50,
            "ch_pos": 90,
            "cv_pos_mb": 50,
            "ch_pos_mb": 90,
            "bg_overlay": "#000000",
            "bg_opacity": 0,
            "bg_content_bl": false,
            "bg_content_cl": "#ffffff",
            "bg_content_op": 50,
            "content_pd_tb": 20,
            "content_pd_lr": 20,
            "content_pd_tb_mb": 10,
            "content_pd_lr_mb": 10,
            "border_bl": false,
            "br_color": "#222222",
            "br_bg": "#ffffff",
            "br_opacity": 50,
            "br_style": "solid",
            "br_pd": 20,
            "br_pd_mb": 10,
            "time_animation": 1,
            "animation_delay": 40
          }
        },
        "1646881932b764ef92-1": {
          "type": "custom_text",
          "settings": {
            "text": "Summer Wear <br>Collection 2022",
            "remove_br_tag": false,
            "fontf": "inherit",
            "text_cl": "#ffffff",
            "text_fs": 22,
            "text_lh": 25,
            "text_fw": 500,
            "text_ls": 2,
            "font_italic": false,
            "text_shadow": false,
            "text_mgb": 25,
            "hidden_mobile": false,
            "text_fs_mb": 16,
            "text_lh_mb": 0,
            "text_ls_mb": 0,
            "text_mgb_mobile": 15,
            "animation": "fadeInRight"
          }
        },
        "8d8bd401-262d-4c59-a28d-9f4dfd491007": {
          "type": "custom_button",
          "settings": {
            "button_text": "Explore More",
            "button_link": "shopify:\/\/collections",
            "target_link": "_self",
            "fontf": "1",
            "button_icon_w": 16,
            "button_style": "link",
            "button_effect": "fade",
            "pri_cl": "#ffffff",
            "second_cl": "",
            "pri_cl_hover": "#56cfe1",
            "second_cl_hover": "#ffffff",
            "fsbutton": 16,
            "fwbutton": 500,
            "button_ls": 0,
            "button_mh": 40,
            "button_bdr": 0,
            "button_pd_lr": 30,
            "button_mgb": 0,
            "hidden_mobile": false,
            "button_icon_w_mb": 12,
            "fsbutton_mb": 12,
            "button_mh_mb": 36,
            "button_pd_lr_mb": 15,
            "button_ls_mb": 0,
            "button_mgb_mb": 0,
            "animation": "fadeInRight"
          }
        },
        "1646881932b764ef92-3": {
          "type": "b_item",
          "settings": {
            "custom_dk": true,
            "height_dk": 600,
            "custom_tb": true,
            "height_tb": 400,
            "custom_mb": true,
            "height_mb": 300,
            "image": "shopify:\/\/shop_images\/Sub-Banner-2-min_720x_a6517cb0-bfba-4213-8699-4c217204532a.jpg",
            "b_link": "",
            "open_link": "_self",
            "img_effect": "zoom",
            "b_effect": "none",
            "col_dk": "6",
            "col_tb": "6",
            "col_mb": "12",
            "content_align": "start",
            "content_align_mobile": "start",
            "content_width": "auto",
            "cv_pos": 50,
            "ch_pos": 10,
            "cv_pos_mb": 50,
            "ch_pos_mb": 10,
            "bg_overlay": "#000000",
            "bg_opacity": 0,
            "bg_content_bl": false,
            "bg_content_cl": "#ffffff",
            "bg_content_op": 50,
            "content_pd_tb": 20,
            "content_pd_lr": 20,
            "content_pd_tb_mb": 10,
            "content_pd_lr_mb": 10,
            "border_bl": false,
            "br_color": "#222222",
            "br_bg": "#ffffff",
            "br_opacity": 50,
            "br_style": "solid",
            "br_pd": 20,
            "br_pd_mb": 10,
            "time_animation": 1,
            "animation_delay": 40
          }
        },
        "1646881932b764ef92-4": {
          "type": "custom_text",
          "settings": {
            "text": "Trending Item <br>\nSale Of The Day",
            "remove_br_tag": false,
            "fontf": "inherit",
            "text_cl": "#ffffff",
            "text_fs": 22,
            "text_lh": 25,
            "text_fw": 500,
            "text_ls": 0,
            "font_italic": false,
            "text_shadow": false,
            "text_mgb": 25,
            "hidden_mobile": false,
            "text_fs_mb": 16,
            "text_lh_mb": 0,
            "text_ls_mb": 0,
            "text_mgb_mobile": 15,
            "animation": "fadeInLeft"
          }
        },
        "62b1450a-7e63-473a-b3fc-30f620305848": {
          "type": "custom_button",
          "settings": {
            "button_text": "Explore More",
            "button_link": "shopify:\/\/collections",
            "target_link": "_self",
            "fontf": "inherit",
            "button_icon_w": 16,
            "button_style": "link",
            "button_effect": "fade",
            "pri_cl": "#ffffff",
            "second_cl": "",
            "pri_cl_hover": "#56cfe1",
            "second_cl_hover": "#ffffff",
            "fsbutton": 16,
            "fwbutton": 500,
            "button_ls": 0,
            "button_mh": 40,
            "button_bdr": 0,
            "button_pd_lr": 30,
            "button_mgb": 0,
            "hidden_mobile": false,
            "button_icon_w_mb": 12,
            "fsbutton_mb": 12,
            "button_mh_mb": 36,
            "button_pd_lr_mb": 15,
            "button_ls_mb": 0,
            "button_mgb_mb": 0,
            "animation": "fadeInLeft"
          }
        }
      },
      "block_order": [
        "1646881932b764ef92-0",
        "1646881932b764ef92-1",
        "8d8bd401-262d-4c59-a28d-9f4dfd491007",
        "1646881932b764ef92-3",
        "1646881932b764ef92-4",
        "62b1450a-7e63-473a-b3fc-30f620305848"
      ],
      "settings": {
        "image_ratio": "ratioadapt",
        "image_size": "cover",
        "image_position": "8",
        "equal_height": false,
        "space_h_item": "30",
        "space_v_item": "30",
        "space_h_item_mb": "10",
        "space_v_item_mb": "10",
        "layout": "t4s-container-wrap",
        "cl_bg": "",
        "cl_bg_gradient": "",
        "mg": ",,30px,",
        "pd": "",
        "mg_mb": ",,10px,",
        "pd_mb": "",
        "use_cus_css": false,
        "code_cus_css": ".SectionID {\nbackground-color:red\n}"
      }
    },
    "16468830722ebf1bff": {
      "type": "banner-parallax",
      "blocks": {
        "16468830728dc7df48-0": {
          "type": "custom_text",
          "settings": {
            "text": "Get Daily Update For Deals <br>& Exclusive Discount",
            "remove_br_tag": false,
            "fontf": "2",
            "text_cl": "#000000",
            "text_fs": 29,
            "text_lh": 32,
            "text_fw": 500,
            "text_ls": 0,
            "font_italic": false,
            "text_shadow": false,
            "text_mgb": 30,
            "hidden_mobile": false,
            "text_fs_mb": 24,
            "text_lh_mb": 30,
            "text_ls_mb": 0,
            "text_mgb_mobile": 20,
            "animation": "none"
          }
        },
        "503c15f5-b7c8-4f6e-8710-59700fe34083": {
          "type": "newsletter",
          "settings": {
            "form_width": 526,
            "form_width_mb": 0,
            "newl_des": "2",
            "news_align": "start",
            "newl_size": "medium",
            "btn_icon": true,
            "input_cl": "#222222",
            "border_cl": "#000000",
            "btn_cl": "#ffffff",
            "btn_bg_cl": "#222222",
            "btn_hover_cl": "#ffffff",
            "btn_hover_bg_cl": "#56cfe1",
            "hidden_mobile": false,
            "mgb": 15,
            "mgb_mb": 10,
            "animation": "none"
          }
        }
      },
      "block_order": [
        "16468830728dc7df48-0",
        "503c15f5-b7c8-4f6e-8710-59700fe34083"
      ],
      "settings": {
        "section_height": "t4s_ratio_cuspx",
        "custom_dk": true,
        "height_dk": 477,
        "custom_tb": true,
        "height_tb": 400,
        "custom_mb": true,
        "height_mb": 250,
        "parallax": true,
        "image_position": "8",
        "b_link": "",
        "open_link": "_self",
        "content_align": "center",
        "content_align_mobile": "center",
        "content_width": "auto",
        "bg_overlay": "#000000",
        "bg_opacity": 0,
        "bg_content_bl": false,
        "bg_content_cl": "#ffffff",
        "bg_content_op": 50,
        "content_pd_tb": 20,
        "content_pd_lr": 20,
        "content_pd_tb_mb": 10,
        "content_pd_lr_mb": 10,
        "border_bl": false,
        "br_color": "#222222",
        "br_bg": "#ffffff",
        "br_opacity": 50,
        "br_style": "solid",
        "br_pd": 20,
        "br_pd_mb": 10,
        "cv_pos": 50,
        "ch_pos": 50,
        "cv_pos_mb": 50,
        "ch_pos_mb": 50,
        "time_animation": 1,
        "animation_delay": 40,
        "layout": "t4s-container-fluid",
        "cl_bg": "#f5f5f5",
        "cl_bg_gradient": "",
        "image_bg": "shopify:\/\/shop_images\/Newsletter-Image-min_1950x_78d2768d-f75d-4f56-a257-50470780d1fc.jpg",
        "mg": "",
        "pd": "",
        "mg_mb": "",
        "pd_mb": "",
        "use_cus_css": true,
        "code_cus_css": ".t4s_se_template--15803390001411__16468830722ebf1bff .signup-t4s-newsletter-form .submit-btn {\nfont-size: 16px !important;\n}"
      }
    }
  },
  "order": [
    "164679487424973fe7",
    "16468088995ecbf14d",
    "16468771314ff08b5e",
    "16468088995ecbf14g",
    "1646808724969bcbcf",
    "16468088995ecbf14h",
    "16468088995ecbf14i",
    "1646881640f2c9849d",
    "1646881737178e8cd0",
    "16468819339b263c11",
    "16468830722ebf1bff"
  ]
}