{
  "current": {
    "general_layout": "contentFull",
    "cus_w_bd": 1600,
    "body_bg": "#fff",
    "body_bg_image": "shopify:\/\/shop_images\/Background-Image_1950x_de95ac1e-c6be-4b9e-98f7-414c8457fda3.jpg",
    "use_rtl": "0",
    "logo": "shopify:\/\/shop_images\/kalles_c6c02253-b1fc-4536-91a6-a3c9110c5550.png",
    "logo_width": 95,
    "logos": "shopify:\/\/shop_images\/kalles_c6c02253-b1fc-4536-91a6-a3c9110c5550.png",
    "logos_width": 95,
    "logo_mb": "shopify:\/\/shop_images\/kalles_c6c02253-b1fc-4536-91a6-a3c9110c5550.png",
    "logo_tr": "shopify:\/\/shop_images\/kalles_c6c02253-b1fc-4536-91a6-a3c9110c5550.png",
    "logo_tr_width": 95,
    "heading_color": "#000000",
    "text_color": "#7b7b7b",
    "accent_color": "#293341",
    "secondary_color": "#000000",
    "loading_bar_color": "#293341",
    "link_color_hover": "#293341",
    "cl_lazyload": "#293341",
    "bg_tooltip": "#293341",
    "sw_primary": "#293341",
    "font_source": "2",
    "fnt_fm_sp1": "poppins_n4",
    "fnt_fm_sp2": "playfair_display_n4",
    "fnt_fm_gg1": "Poppins",
    "fnt_fm_gg2": "Inter",
    "fnt_fm_gg3": "Poppins",
    "bd_ffamily": "2",
    "bd_fsize": 16,
    "hd_ffamily": "1",
    "fs_h2": 30,
    "enable_compe": false,
    "app_review": "2",
    "badge_shape": "1",
    "label_sale_style": "2",
    "use_new_badge": false,
    "show_qty": false,
    "swatch_item_style": "2",
    "gift_wrap_pr": "gift-wrap",
    "lr_enable": true,
    "filter_type_search": true,
    "only_search_prs": true,
    "show_search_suggest": true,
    "search_prs_suggest": "women",
    "show_search_hotkey": true,
    "currency_code_enabled": false,
    "size_currency": "sm",
    "notify_currency": false,
    "colors_css": true,
    "custom_css_t4s": true,
    "global_css": "@media (min-width: 1025px) {\n.t4s-wrapper__contentFull .t4s-section-inner>.t4s-container {\n    padding-left: 148px;\n    padding-right: 148px;\n}\n}",
    "share_tumblr": true,
    "share_telegram": false,
    "share_whatsapp": false,
    "social_facebook_link": "#",
    "social_twitter_link": "#",
    "social_instagram_link": "#",
    "social_dribbble_link": "",
    "social_linkedin_link": "#",
    "social_pinterest_link": "#",
    "social_tumblr_link": "",
    "social_snapchat_link": "",
    "social_youtube_link": "",
    "social_vimeo_link": "",
    "social_behance_link": "",
    "social_soundcloud_link": "",
    "social_tiktok_link": "",
    "favicon": "shopify:\/\/shop_images\/k-fav.jpg",
    "fnt_fm_button": "1",
    "sections": {
      "bottom-bar": {
        "type": "bottom-bar",
        "blocks": {
          "2433b4f1-5bdc-49a9-ba42-a51f4eb6d8e3": {
            "type": "bl_col",
            "settings": {
              "col_heading": "",
              "menu": "",
              "col_dk": "12",
              "col_tb": "12",
              "col_mb": "12",
              "content_align": "t4s-text-md-center",
              "padding_inner": ",,10px",
              "col_heading_mobile": "",
              "content_align_mb": "t4s-text-center",
              "padding_inner_mb": ",,10px"
            }
          },
          "b3c6ceca-2d54-4a14-b482-bb86cbf25f08": {
            "type": "copyR",
            "settings": {
              "text": "Copyright ©[year] <span class=\"t4s-cp\">Kalles<\/span> All rights reserved. Powered by <a href=\"https:\/\/the4.co\">The4<\/a>",
              "mgb": 0,
              "mgb_mb": 0
            }
          }
        },
        "block_order": [
          "2433b4f1-5bdc-49a9-ba42-a51f4eb6d8e3",
          "b3c6ceca-2d54-4a14-b482-bb86cbf25f08"
        ],
        "settings": {
          "border_top": false,
          "border_pos": "in",
          "space_h_item": "30",
          "space_v_item": "0",
          "space_h_item_mb": "0",
          "space_v_item_mb": "0",
          "heading_fontf": "2",
          "heading_fs": 16,
          "heading_lh": 26,
          "heading_fw": 500,
          "heading_ls": 0,
          "mgb": 30,
          "mgb_mb": 20,
          "text_fs": 15,
          "text_fw": 400,
          "heading_cl": "#222222",
          "text_cl": "#878787",
          "link_cl": "#000000",
          "link_hover_cl": "#193a43",
          "border_cl": "#e6e6e6",
          "layout": "t4s-container-wrap",
          "cl_bg": "",
          "cl_bg_gradient": "",
          "mg": "",
          "pd": "20px,,5px,",
          "mg_tb": ",,,",
          "pd_tb": "",
          "mg_mb": "",
          "pd_mb": "20px,,5px,"
        }
      },
      "footer": {
        "type": "footer",
        "blocks": {
          "footer-4": {
            "type": "bl_col",
            "settings": {
              "col_heading": "ABOUT",
              "menu": "about-kalles",
              "menu_style": "1",
              "col_dk": "3",
              "col_tb": "4",
              "col_mb": "12",
              "content_align": "t4s-text-md-start",
              "padding_inner": "0,0,0,0",
              "col_heading_mobile": "",
              "content_align_mb": "t4s-text-start",
              "padding_inner_mb": ""
            }
          },
          "footer-6": {
            "type": "bl_col",
            "settings": {
              "col_heading": "HELP",
              "menu": "our-support",
              "menu_style": "1",
              "col_dk": "3",
              "col_tb": "4",
              "col_mb": "12",
              "content_align": "t4s-text-md-start",
              "padding_inner": "",
              "col_heading_mobile": "",
              "content_align_mb": "t4s-text-start",
              "padding_inner_mb": ""
            }
          },
          "footer-10": {
            "type": "bl_col",
            "settings": {
              "col_heading": "QUICK LINKS",
              "menu": "useful-links",
              "menu_style": "1",
              "col_dk": "3",
              "col_tb": "4",
              "col_mb": "12",
              "content_align": "t4s-text-md-start",
              "padding_inner": "",
              "col_heading_mobile": "",
              "content_align_mb": "t4s-text-start",
              "padding_inner_mb": ""
            }
          },
          "a004c92e-e68e-4ca5-80c4-9679c5a4d40e": {
            "type": "bl_col",
            "settings": {
              "col_heading": "FOLLOW US",
              "menu": "",
              "menu_style": "1",
              "col_dk": "3",
              "col_tb": "6",
              "col_mb": "12",
              "content_align": "t4s-text-md-start",
              "padding_inner": "",
              "col_heading_mobile": "",
              "content_align_mb": "t4s-text-start",
              "padding_inner_mb": ""
            }
          },
          "ab52a915-62da-4afe-b0eb-91e0b4ebcf0b": {
            "type": "cus_socials",
            "settings": {
              "title": "",
              "social_mode": "1",
              "social_style": "1",
              "social_size": "small",
              "bd_radius": 0,
              "use_color_set": true,
              "icon_cl": "#193a43",
              "bg_cl": "#222222",
              "space_h_item": "20",
              "space_v_item": "10",
              "space_h_item_mb": "10",
              "space_v_item_mb": "6",
              "mgb": 20,
              "mgb_mb": 10
            }
          },
          "footer-11": {
            "type": "custom_text",
            "settings": {
              "text": "Subscribe to our newsletter & get 10% off \non your first order.",
              "remove_br_tag": false,
              "fontf": "2",
              "text_cl": "#878787",
              "text_fs": 16,
              "text_lh": 26,
              "text_fw": 400,
              "text_ls": 0,
              "font_italic": false,
              "text_shadow": false,
              "text_mgb": 20,
              "hidden_mobile": false,
              "text_fs_mb": 15,
              "text_lh_mb": 24,
              "text_ls_mb": 0,
              "text_mgb_mobile": 15
            }
          },
          "footer-12": {
            "type": "newsletter",
            "settings": {
              "form_width": 400,
              "form_width_mb": 300,
              "newl_des": "3",
              "news_align": "start",
              "newl_size": "small",
              "btn_icon": false,
              "input_cl": "#878787",
              "border_cl": "#000000",
              "btn_cl": "#ffffff",
              "btn_bg_cl": "#222222",
              "btn_hover_cl": "#ffffff",
              "btn_hover_bg_cl": "#293341",
              "hidden_mobile": false,
              "mgb": 22,
              "mgb_mb": 20
            }
          }
        },
        "block_order": [
          "footer-4",
          "footer-6",
          "footer-10",
          "a004c92e-e68e-4ca5-80c4-9679c5a4d40e",
          "ab52a915-62da-4afe-b0eb-91e0b4ebcf0b",
          "footer-11",
          "footer-12"
        ],
        "settings": {
          "sticky": false,
          "collapse": true,
          "border_top": false,
          "border_pos": "in",
          "space_h_item": "30",
          "space_v_item": "30",
          "space_h_item_mb": "0",
          "space_v_item_mb": "30",
          "heading_fontf": "1",
          "heading_fs": 16,
          "heading_lh": 26,
          "heading_fw": 600,
          "heading_ls": 0,
          "mgb": 20,
          "mgb_mb": 20,
          "text_fs": 16,
          "text_fw": 400,
          "heading_cl": "#222222",
          "text_cl": "#878787",
          "link_cl": "#878787",
          "link_hover_cl": "#293341",
          "border_cl": "#e6e6e6",
          "layout": "t4s-container-wrap",
          "cl_bg": "#f7fafa",
          "cl_bg_gradient": "",
          "mg": "",
          "pd": "75px,,75px,",
          "mg_tb": "",
          "pd_tb": "50px,30px,50px,30px",
          "mg_mb": "",
          "pd_mb": "50px,30px,50px,30px"
        }
      },
      "announcement-bar": {
        "type": "announcement-bar",
        "blocks": {
          "announcement-bar-0": {
            "type": "announcement",
            "settings": {
              "link": "",
              "content": "<p>Today deal sale off <strong>70%<\/strong>. End in <strong>[countdown]<\/strong>. Hurry Up [icon_arrow]<\/p>",
              "countdown": "2022\/09\/19",
              "txt_day": "days",
              "dayx": 0
            }
          },
          "announcement-bar-1": {
            "type": "announcement",
            "settings": {
              "link": "",
              "content": "<p>Today deal sale off <strong>70%<\/strong>. End in <strong>[countdown]<\/strong>. Hurry Up [icon_arrow]<\/p>",
              "countdown": "2022\/09\/19",
              "txt_day": "days",
              "dayx": 0
            }
          },
          "announcement-bar-2": {
            "type": "announcement",
            "settings": {
              "link": "",
              "content": "<p>Today deal sale off <strong>70%<\/strong>. End in <strong>[countdown]<\/strong>. Hurry Up [icon_arrow]<\/p>",
              "countdown": "2022\/09\/19",
              "txt_day": "days",
              "dayx": 0
            }
          }
        },
        "block_order": [
          "announcement-bar-0",
          "announcement-bar-1",
          "announcement-bar-2"
        ],
        "settings": {
          "show_announcement": false,
          "effect": "1",
          "au_time": 3.5,
          "height": 45,
          "fontsize": 12,
          "cl": "#ffffff",
          "bg": "#e91e63",
          "bg_op": 100,
          "close": "1",
          "cl_btn": "#ffffff",
          "version": "1",
          "date": 60
        }
      },
      "top-bar": {
        "type": "top-bar",
        "blocks": {
          "top-bar-0": {
            "type": "html",
            "settings": {
              "html": "<span style=\"color:#fff\">Free Shipping On All Orders Over $150<\/span>",
              "hide": false,
              "text_align": "start",
              "col": "6"
            }
          },
          "d7d12278-5a90-40fe-9f7e-3de1aeef2ab9": {
            "type": "cur",
            "settings": {
              "show_currency": true,
              "show_language": true,
              "use_location": true,
              "txt_location": "Location",
              "url_location": "",
              "open_link": "_self",
              "hide": false,
              "text_align": "end",
              "col": "6"
            }
          }
        },
        "block_order": [
          "top-bar-0",
          "d7d12278-5a90-40fe-9f7e-3de1aeef2ab9"
        ],
        "settings": {
          "show_topbar": false,
          "topbar_transparent": false,
          "height": 42,
          "fontsize": 12,
          "cl": "#ffffff",
          "cl_a_hover": "#e56a54",
          "bg": "#000000",
          "bg_op": 100,
          "show_border": false,
          "bd_cl": "#000000",
          "cl_tr": "#ffffff",
          "cl_a_hover_tr": "#e56a54",
          "bg_tr": "#000000",
          "bg_op_tr": 10,
          "show_border_tr": true,
          "bd_cl_tr": "#b3b3b3"
        }
      },
      "header-inline": {
        "type": "header-inline",
        "blocks": {
          "74267db1-a087-4405-b43c-0a0a5b993557": {
            "type": "mega",
            "settings": {
              "title": "Demo",
              "url": "\/",
              "open_link": "_self",
              "icon": "",
              "cus_cl": false,
              "cl": "#ec0101",
              "lb": "",
              "lb_cl": "#00badb",
              "pos_sub": "bottom",
              "wid": "full",
              "cus_wid": 1200,
              "id": 1,
              "enable_packery": true,
              "r_s_h_item": "20",
              "r_s_v_item": "30"
            }
          },
          "a84ace19-7b5d-4ab8-a5be-6b4c3ccd5a89": {
            "type": "mega",
            "settings": {
              "title": "Shop",
              "url": "shopify:\/\/collections",
              "open_link": "_self",
              "icon": "",
              "cus_cl": false,
              "cl": "#ec0101",
              "lb": "",
              "lb_cl": "#01bad4",
              "pos_sub": "bottom",
              "wid": "cus",
              "cus_wid": 1200,
              "id": 2,
              "enable_packery": true,
              "r_s_h_item": "20",
              "r_s_v_item": "30"
            }
          },
          "580a7897-25df-497c-aa15-ce4640142dba": {
            "type": "mega",
            "settings": {
              "title": "Product",
              "url": "shopify:\/\/collections\/all",
              "open_link": "_self",
              "icon": "",
              "cus_cl": false,
              "cl": "#ec0101",
              "lb": "",
              "lb_cl": "#00badb",
              "pos_sub": "bottom",
              "wid": "cus",
              "cus_wid": 1200,
              "id": 3,
              "enable_packery": true,
              "r_s_h_item": "20",
              "r_s_v_item": "30"
            }
          },
          "a9f4baae-15da-42d6-88ed-c73db9358d90": {
            "type": "mega",
            "disabled": true,
            "settings": {
              "title": "sale",
              "url": "shopify:\/\/collections\/sale",
              "open_link": "_self",
              "icon": "",
              "cus_cl": false,
              "cl": "#ec0101",
              "lb": "",
              "lb_cl": "#ffa800",
              "pos_sub": "bottom",
              "wid": "cus",
              "cus_wid": 1200,
              "id": 4,
              "enable_packery": true,
              "r_s_h_item": "20",
              "r_s_v_item": "30"
            }
          },
          "c0e82bda-7d5a-4e90-a684-2e87a23303fb": {
            "type": "mega",
            "settings": {
              "title": "Pages",
              "url": "\/",
              "open_link": "_self",
              "icon": "",
              "cus_cl": false,
              "cl": "#ec0101",
              "lb": "",
              "lb_cl": "#00badb",
              "pos_sub": "bottom",
              "wid": "cus",
              "cus_wid": 1200,
              "id": 5,
              "enable_packery": true,
              "r_s_h_item": "20",
              "r_s_v_item": "30"
            }
          },
          "d91d70cf-d07e-4821-bc49-62759cfcaab0": {
            "type": "drop",
            "settings": {
              "title": "Lookbook",
              "url": "https:\/\/demo-kalles-4-1.myshopify.com\/pages\/home-lookbook\/?preview_theme_id=128644972750",
              "open_link": "_self",
              "menu": "lookbook",
              "icon": "",
              "cus_cl": false,
              "cl": "#ec0101",
              "lb": "",
              "lb_cl": "",
              "lazy_mn": true,
              "pos_sub": "bottom",
              "pos": "left"
            }
          },
          "c80e3901-4f6d-4b33-b193-963b7716d5f3": {
            "type": "drop",
            "settings": {
              "title": "Blog",
              "url": "",
              "open_link": "_self",
              "menu": "blog",
              "icon": "",
              "cus_cl": false,
              "cl": "#ec0101",
              "lb": "",
              "lb_cl": "",
              "lazy_mn": true,
              "pos_sub": "bottom",
              "pos": "left"
            }
          }
        },
        "block_order": [
          "74267db1-a087-4405-b43c-0a0a5b993557",
          "a84ace19-7b5d-4ab8-a5be-6b4c3ccd5a89",
          "580a7897-25df-497c-aa15-ce4640142dba",
          "a9f4baae-15da-42d6-88ed-c73db9358d90",
          "c0e82bda-7d5a-4e90-a684-2e87a23303fb",
          "d91d70cf-d07e-4821-bc49-62759cfcaab0",
          "c80e3901-4f6d-4b33-b193-963b7716d5f3"
        ],
        "settings": {
          "layout": "logo_center",
          "full_header": true,
          "height": 60,
          "arrow": false,
          "align": "start",
          "hover": "hover_sideup",
          "h_navmb": 60,
          "bgnav": "#ffffff",
          "opnav": 100,
          "clnav": "#000000",
          "clnav_hover": "#293341",
          "h_icon": "kalles",
          "hover_icon": "2",
          "show_search": true,
          "show_acc": true,
          "show_wis": true,
          "cart_des": "1",
          "bg_hc": "#293341",
          "cl_hc": "#ffffff",
          "sticky_header": true,
          "scroll_header": false,
          "bgnavst": "#ffffff",
          "opnavst": 100,
          "clnavst": "#000000",
          "clnavst_hover": "#293341",
          "transparent_header": true,
          "space_transparent_header": true,
          "bgnavtr": "#000000",
          "opnavtr": 0,
          "clnavtr": "#222222",
          "clnavtr_hover": "#293341",
          "fm_nav": "1",
          "fs_nav": 16,
          "fw_nav": 400,
          "ls_nav": 0
        }
      },
      "title_config": {
        "type": "title_config",
        "blocks": {
          "title_config-0": {
            "type": "title",
            "settings": {
              "color": "#293341",
              "family": "1",
              "size": 30,
              "weight": 500,
              "lh": 40,
              "ls": 0,
              "space": 15,
              "size_mb": 26,
              "lh_mb": 34,
              "ls_mb": 0,
              "space_mb": 10
            }
          },
          "title_config-1": {
            "type": "subtitle",
            "settings": {
              "italic": false,
              "color": "#878787",
              "family": "1",
              "size": 15,
              "weight": 400,
              "lh": 20,
              "ls": 0,
              "space": 60,
              "size_mb": 14,
              "lh_mb": 20,
              "ls_mb": 0,
              "space_mb": 50
            }
          }
        },
        "block_order": [
          "title_config-0",
          "title_config-1"
        ],
        "settings": {
          "design_heading": "1",
          "heading_align": "t4s-text-center",
          "top_heading": "Accordion",
          "icon_heading": "las la-gem",
          "top_subheading": "",
          "tophead_mb": 30
        }
      },
      "pr_item_config": {
        "type": "pr_item_config",
        "blocks": {
          "pr_item_config-0": {
            "type": "1",
            "settings": {
              "heading": "Product desgin 01",
              "addtocart_color": "#222222",
              "addtocart_color_hover": "#222222",
              "quickview_color": "#222222",
              "quickview_color_hover": "#222222",
              "wishlist_color": "#ffffff",
              "wishlist_color_hover": "#56cfe1",
              "wishlist_color_active": "#e81e63",
              "compare_color": "#ffffff",
              "compare_color_hover": "#222222",
              "size_list_color": "#ffffff"
            }
          },
          "pr_item_config-1": {
            "type": "2",
            "settings": {
              "heading": "Product desgin 02",
              "addtocart_color": "#ffffff",
              "addtocart_color_hover": "#222222",
              "quickview_color": "#ffffff",
              "quickview_color_hover": "#222222",
              "wishlist_color": "#ffffff",
              "wishlist_color_hover": "#222222",
              "wishlist_color_active": "#e81e63",
              "compare_color": "#ffffff",
              "compare_color_hover": "#222222",
              "size_list_color": "#ffffff"
            }
          },
          "ade55e41-471a-4532-af91-53c6ca84063e": {
            "type": "6",
            "settings": {
              "heading": "Product design 06",
              "atc_style": "outline",
              "addtocart_color": "#222222",
              "addtocart_color_hover": "#e56a54",
              "quickview_color": "#ffffff",
              "quickview_color_hover": "#e56a54",
              "wishlist_color": "#ffffff",
              "wishlist_color_hover": "#e56a54",
              "wishlist_color_active": "#e81e63",
              "compare_color": "#ffffff",
              "compare_color_hover": "#e56a54",
              "size_list_color": "#ffffff"
            }
          }
        },
        "block_order": [
          "pr_item_config-0",
          "pr_item_config-1",
          "ade55e41-471a-4532-af91-53c6ca84063e"
        ],
        "settings": {
          "txt_tr_pr": "capitalize",
          "fnt_df_pr": "2",
          "size_pr": 16,
          "fw_pr": 500,
          "lh_pr": 24,
          "ls_pr": 0,
          "size_price_pr": 14,
          "fw_price_pr": 400,
          "space_img_content": 15,
          "space_elements": 0,
          "swatch_color_size": 16,
          "swatch_color_size_mb": 16,
          "pr_btn_round": 0,
          "pr_title_color": "#111111",
          "pr_title_color_hover": "#293341",
          "price_color": "#696969",
          "price_sale_color": "#fd4014",
          "vendors_color": "#878787",
          "vendors_color_hover": "#293341",
          "countdown_color": "#fd4014",
          "countdown_overlay": 10,
          "pr_bg_overlay": "#000000",
          "pr_overlay": 10
        }
      },
      "btn_config": {
        "type": "btn_config",
        "blocks": {
          "btn_config-0": {
            "type": "custom1",
            "settings": {
              "color_primary": "#ffb100",
              "color_second": "#ffffff",
              "color_primary_hover": "#ff4e00",
              "color_second_hover": "#ffffff"
            }
          },
          "btn_config-1": {
            "type": "custom2",
            "settings": {
              "color_primary": "#f7f7f7",
              "color_second": "#222222",
              "color_primary_hover": "#f7f7f7",
              "color_second_hover": "#222222"
            }
          }
        },
        "block_order": [
          "btn_config-0",
          "btn_config-1"
        ],
        "settings": {
          "fnt_fm_button": "--font-family-1",
          "btn_fw": 600,
          "btn_bdr": 40,
          "button_effect": "default"
        }
      },
      "toolbar_mobile": {
        "type": "toolbar_mobile",
        "blocks": {
          "toolbar_mobile-0": {
            "type": "shop",
            "settings": {
              "title": "Shop",
              "link": ""
            }
          },
          "toolbar_mobile-1": {
            "type": "wish",
            "settings": {
              "title": "Wishlist"
            }
          },
          "toolbar_mobile-2": {
            "type": "cart",
            "settings": {
              "title": "Cart"
            }
          },
          "toolbar_mobile-3": {
            "type": "account",
            "settings": {
              "title": "Account"
            }
          },
          "toolbar_mobile-4": {
            "type": "search",
            "settings": {
              "title": "Search"
            }
          }
        },
        "block_order": [
          "toolbar_mobile-0",
          "toolbar_mobile-1",
          "toolbar_mobile-2",
          "toolbar_mobile-3",
          "toolbar_mobile-4"
        ],
        "settings": {
          "enable_toolbar": true,
          "show_txt": true
        }
      },
      "back_top": {
        "type": "back_top",
        "settings": {
          "enable_backtop": true,
          "enable_hidden_mobile": false,
          "backtop_des": "1"
        }
      },
      "mega-menu": {
        "type": "mega-menu",
        "blocks": {
          "583a30c7-369d-4a64-a51d-ca53c1685206": {
            "type": "mega",
            "settings": {
              "id": 1
            }
          },
          "2e98e896-7589-4d03-8c67-9f6fd3940d00": {
            "type": "html",
            "settings": {
              "html": "",
              "page": "demos-short",
              "col": "12"
            }
          },
          "45fa281e-2be5-4727-bd01-942824713769": {
            "type": "mega",
            "settings": {
              "id": 2
            }
          },
          "02beea21-3cb9-41ce-a1ab-04ae44b7f47e": {
            "type": "link",
            "settings": {
              "tt_hd": "SHOP PAGES",
              "url": "",
              "open_link": "_self",
              "menu": "shop-pages",
              "col": "2"
            }
          },
          "ff494243-e58b-40e9-a2ea-e64ccd58a624": {
            "type": "link",
            "settings": {
              "tt_hd": "FEATURES",
              "url": "",
              "open_link": "_self",
              "menu": "shop-features",
              "col": "2"
            }
          },
          "3651006e-f826-4029-89e2-d89c35a809ee": {
            "type": "link",
            "settings": {
              "tt_hd": "Hover Style",
              "url": "",
              "open_link": "_self",
              "menu": "hover-style",
              "col": "2"
            }
          },
          "cec6a189-3084-497a-b4a8-b391531b2503": {
            "type": "cat",
            "settings": {
              "collection": "tops",
              "collection_title": "",
              "collection_subtitle": "",
              "image": "shopify:\/\/shop_images\/59171710_060_a.jpg",
              "collection_des": "1",
              "title_cl": "#ffffff",
              "title_cl_hover": "#222222",
              "subtitle_cl": "#878787",
              "count_cl": "#222222",
              "border_cl": "#e5e5e5",
              "open_link": "_self",
              "space_bottom": 20,
              "space_bottom_mb": 10,
              "border": false,
              "item_pd": 0,
              "item_rd": 0,
              "img_effect": "zoom",
              "b_effect": "plus-zoom-overlay",
              "image_ratio": "rationt",
              "image_size": "cover",
              "image_position": "8",
              "collection_link": "",
              "col": "3"
            }
          },
          "95da8d7e-67f2-4ebd-b1ad-e83d518cb37e": {
            "type": "cat",
            "settings": {
              "collection": "jewelry",
              "collection_title": "",
              "collection_subtitle": "",
              "image": "shopify:\/\/shop_images\/jbn1.jpg",
              "collection_des": "1",
              "title_cl": "#ffffff",
              "title_cl_hover": "#222222",
              "subtitle_cl": "#878787",
              "count_cl": "#222222",
              "border_cl": "#e5e5e5",
              "open_link": "_self",
              "space_bottom": 20,
              "space_bottom_mb": 10,
              "border": false,
              "item_pd": 0,
              "item_rd": 0,
              "img_effect": "zoom",
              "b_effect": "plus-zoom-overlay",
              "image_ratio": "rationt",
              "image_size": "cover",
              "image_position": "8",
              "collection_link": "",
              "col": "3"
            }
          },
          "5bdb6eec-e820-4415-ac9b-9c6096eb20c1": {
            "type": "mega",
            "settings": {
              "id": 3
            }
          },
          "cc1a7875-8010-421e-b69c-efc19a6043d6": {
            "type": "link",
            "settings": {
              "tt_hd": "PRODUCT LAYOUTS",
              "url": "",
              "open_link": "_self",
              "menu": "product-layouts",
              "col": "3"
            }
          },
          "e17e717c-01e0-4704-92bc-92c339ee6148": {
            "type": "link",
            "settings": {
              "tt_hd": "PRODUCT DETAILS",
              "url": "",
              "open_link": "_self",
              "menu": "product-details",
              "col": "3"
            }
          },
          "27ca598d-2e3f-44fc-a790-64783d37de5e": {
            "type": "link",
            "settings": {
              "tt_hd": "PRODUCT SWATCH",
              "url": "",
              "open_link": "_self",
              "menu": "product-swatch",
              "col": "3"
            }
          },
          "bdfaa837-86a3-4159-805a-668060142b0d": {
            "type": "link",
            "settings": {
              "tt_hd": "PRODUCT FEATURES",
              "url": "",
              "open_link": "_self",
              "menu": "product-features",
              "col": "3"
            }
          },
          "5952e385-42a5-4603-9be9-64b76f15ef48": {
            "type": "mega",
            "settings": {
              "id": 4
            }
          },
          "400a038a-cb32-4aae-a66d-7d4cd404ccd6": {
            "type": "link2",
            "settings": {
              "col": "2",
              "menu": "sale-menu"
            }
          },
          "41ee689a-9ef7-46ab-a5a6-5fa4776a9af6": {
            "type": "pr",
            "settings": {
              "collection": "home-decor",
              "product_des": "1",
              "show_vendor": false,
              "use_cdt": false,
              "image_ratio": "ratio1_1",
              "image_size": "cover",
              "image_position": "8",
              "content_align": "default",
              "limit": 8,
              "col_dk": "4",
              "space_h_item": "30",
              "space_v_item": "30",
              "layout_des": "2",
              "nav_btn": true,
              "btn_vi": "always",
              "btn_owl": "outline",
              "btn_shape": "round",
              "btn_cl": "dark",
              "btn_size": "small",
              "btn_hidden_mobile": true,
              "col": "10"
            }
          },
          "10efd048-4af5-4f5b-9f3e-4a0e4645df9c": {
            "type": "mega",
            "settings": {
              "id": 5
            }
          },
          "f3c9bacc-9592-4968-b02f-3377d3fdecf0": {
            "type": "link",
            "settings": {
              "tt_hd": "Portfolio",
              "url": "",
              "open_link": "_self",
              "menu": "portfolio",
              "col": "3"
            }
          },
          "79a676cf-99da-467c-bdd8-7d3768d308b8": {
            "type": "link",
            "settings": {
              "tt_hd": "Header layout",
              "url": "",
              "open_link": "_self",
              "menu": "header-layouts",
              "col": "3"
            }
          },
          "2e862eaf-c6da-46a3-a351-fd94ff441f52": {
            "type": "link",
            "settings": {
              "tt_hd": "FEATURES",
              "url": "",
              "open_link": "_self",
              "menu": "",
              "col": "4"
            }
          },
          "7ba83a2f-7381-40c2-b06b-13196fcbab46": {
            "type": "link",
            "settings": {
              "tt_hd": "FEATURES",
              "url": "",
              "open_link": "_self",
              "menu": "features-page",
              "col": "3"
            }
          },
          "0ccb26eb-b6c9-4c6e-aeee-0ec7cc4f0778": {
            "type": "link",
            "settings": {
              "tt_hd": "OTHER PAGES",
              "url": "",
              "open_link": "_self",
              "menu": "other-pages",
              "col": "3"
            }
          },
          "fe98cd2e-7196-455b-918c-1df43ddf9654": {
            "type": "mega",
            "settings": {
              "id": 6
            }
          },
          "b74d2972-e949-4724-b68c-75efb9900d4f": {
            "type": "link",
            "settings": {
              "tt_hd": "Blog layout",
              "url": "https:\/\/demo-kalles-4-1.myshopify.com\/blogs\/fashion\/?preview_theme_id=",
              "open_link": "_self",
              "menu": "blog",
              "col": "4"
            }
          },
          "a0e34a54-fb06-41c0-9757-67f26a7e28fd": {
            "type": "blogs",
            "settings": {
              "blog": "news-home-decor",
              "post_des": "1",
              "show_cate": false,
              "show_tags": false,
              "show_cnt": false,
              "show_au": true,
              "show_dt": true,
              "show_cm": false,
              "show_rm": false,
              "show_irm": false,
              "date": "date",
              "content_align": "t4s-text-start",
              "limit": 8,
              "img_effect": "zoom",
              "b_effect": "plus-zoom-overlay",
              "image_ratio": "ratio4_3",
              "image_size": "cover",
              "image_position": "8",
              "col_dk": "2",
              "space_h_item": "30",
              "space_v_item": "30",
              "layout_des": "2",
              "nav_btn": true,
              "btn_vi": "hover",
              "btn_owl": "outline",
              "btn_shape": "round",
              "btn_cl": "dark",
              "btn_size": "small",
              "btn_hidden_mobile": true,
              "col": "8"
            }
          }
        },
        "block_order": [
          "583a30c7-369d-4a64-a51d-ca53c1685206",
          "2e98e896-7589-4d03-8c67-9f6fd3940d00",
          "45fa281e-2be5-4727-bd01-942824713769",
          "02beea21-3cb9-41ce-a1ab-04ae44b7f47e",
          "ff494243-e58b-40e9-a2ea-e64ccd58a624",
          "3651006e-f826-4029-89e2-d89c35a809ee",
          "cec6a189-3084-497a-b4a8-b391531b2503",
          "95da8d7e-67f2-4ebd-b1ad-e83d518cb37e",
          "5bdb6eec-e820-4415-ac9b-9c6096eb20c1",
          "cc1a7875-8010-421e-b69c-efc19a6043d6",
          "e17e717c-01e0-4704-92bc-92c339ee6148",
          "27ca598d-2e3f-44fc-a790-64783d37de5e",
          "bdfaa837-86a3-4159-805a-668060142b0d",
          "5952e385-42a5-4603-9be9-64b76f15ef48",
          "400a038a-cb32-4aae-a66d-7d4cd404ccd6",
          "41ee689a-9ef7-46ab-a5a6-5fa4776a9af6",
          "10efd048-4af5-4f5b-9f3e-4a0e4645df9c",
          "f3c9bacc-9592-4968-b02f-3377d3fdecf0",
          "79a676cf-99da-467c-bdd8-7d3768d308b8",
          "2e862eaf-c6da-46a3-a351-fd94ff441f52",
          "7ba83a2f-7381-40c2-b06b-13196fcbab46",
          "0ccb26eb-b6c9-4c6e-aeee-0ec7cc4f0778",
          "fe98cd2e-7196-455b-918c-1df43ddf9654",
          "b74d2972-e949-4724-b68c-75efb9900d4f",
          "a0e34a54-fb06-41c0-9757-67f26a7e28fd"
        ],
        "settings": {
        }
      },
      "mb_nav": {
        "type": "mb_nav",
        "blocks": {
          "mb_nav-0": {
            "type": "menu",
            "settings": {
              "title": "Demo",
              "url": "\/",
              "open_link": "_self",
              "menu": "menu-mobile",
              "icon": "",
              "lb": "",
              "lb_cl": ""
            }
          },
          "mb_nav-1": {
            "type": "menu",
            "settings": {
              "title": "Shop",
              "url": "shopify:\/\/collections",
              "open_link": "_self",
              "menu": "shop-pages",
              "icon": "",
              "lb": "",
              "lb_cl": ""
            }
          },
          "mb_nav-2": {
            "type": "menu",
            "settings": {
              "title": "Product",
              "url": "shopify:\/\/collections\/all",
              "open_link": "_self",
              "menu": "menu-mobile-product",
              "icon": "",
              "lb": "",
              "lb_cl": ""
            }
          },
          "mb_nav-3": {
            "type": "menu",
            "settings": {
              "title": "Sale",
              "url": "shopify:\/\/collections\/sale",
              "open_link": "_self",
              "menu": "",
              "icon": "",
              "lb": "",
              "lb_cl": ""
            }
          },
          "26784f03-0a05-4e7e-a6c5-5d2a1ebd9b09": {
            "type": "menu",
            "settings": {
              "title": "Portfolio",
              "url": "https:\/\/demo-kalles-4-1.myshopify.com\/blogs\/portfolio\/?preview_theme_id=128644972750&view=portfolio",
              "open_link": "_self",
              "menu": "portfolio",
              "icon": "",
              "lb": "",
              "lb_cl": ""
            }
          },
          "678bb7fc-77c1-4a86-b1fb-23133f5f4681": {
            "type": "menu",
            "settings": {
              "title": "Lookbook",
              "url": "https:\/\/demo-kalles-4-1.myshopify.com\/pages\/home-lookbook\/?preview_theme_id=128644972750",
              "open_link": "_self",
              "menu": "lookbook",
              "icon": "",
              "lb": "",
              "lb_cl": ""
            }
          },
          "e767dbef-a186-4db7-8530-c4d6b79db6ca": {
            "type": "menu",
            "settings": {
              "title": "Blog",
              "url": "https:\/\/demo-kalles-4-1.myshopify.com\/blogs\/fashion\/?preview_theme_id=128644972750",
              "open_link": "_self",
              "menu": "blog",
              "icon": "",
              "lb": "",
              "lb_cl": ""
            }
          },
          "mb_nav-4": {
            "type": "wis",
            "settings": {
            }
          },
          "mb_nav-5": {
            "type": "sea",
            "settings": {
            }
          },
          "mb_nav-6": {
            "type": "acc",
            "settings": {
            }
          },
          "mb_nav-7": {
            "type": "help",
            "settings": {
              "title": "Need help?",
              "text": "<a href=\"tel:%20+0123456789\">\n<svg xmlns=\"http:\/\/www.w3.org\/2000\/svg\" viewbox=\"0 0 32 32\" fill=\"currentColor\"><path d=\"M 8.65625 3 C 8.132813 3 7.617188 3.1875 7.1875 3.53125 L 7.125 3.5625 L 7.09375 3.59375 L 3.96875 6.8125 L 4 6.84375 C 3.035156 7.734375 2.738281 9.066406 3.15625 10.21875 C 3.160156 10.226563 3.152344 10.242188 3.15625 10.25 C 4.003906 12.675781 6.171875 17.359375 10.40625 21.59375 C 14.65625 25.84375 19.402344 27.925781 21.75 28.84375 L 21.78125 28.84375 C 22.996094 29.25 24.3125 28.960938 25.25 28.15625 L 28.40625 25 C 29.234375 24.171875 29.234375 22.734375 28.40625 21.90625 L 24.34375 17.84375 L 24.3125 17.78125 C 23.484375 16.953125 22.015625 16.953125 21.1875 17.78125 L 19.1875 19.78125 C 18.464844 19.433594 16.742188 18.542969 15.09375 16.96875 C 13.457031 15.40625 12.621094 13.609375 12.3125 12.90625 L 14.3125 10.90625 C 15.152344 10.066406 15.167969 8.667969 14.28125 7.84375 L 14.3125 7.8125 L 14.21875 7.71875 L 10.21875 3.59375 L 10.1875 3.5625 L 10.125 3.53125 C 9.695313 3.1875 9.179688 3 8.65625 3 Z M 8.65625 5 C 8.730469 5 8.804688 5.035156 8.875 5.09375 L 12.875 9.1875 L 12.96875 9.28125 C 12.960938 9.273438 13.027344 9.378906 12.90625 9.5 L 10.40625 12 L 9.9375 12.4375 L 10.15625 13.0625 C 10.15625 13.0625 11.304688 16.136719 13.71875 18.4375 L 13.9375 18.625 C 16.261719 20.746094 19 21.90625 19 21.90625 L 19.625 22.1875 L 22.59375 19.21875 C 22.765625 19.046875 22.734375 19.046875 22.90625 19.21875 L 27 23.3125 C 27.171875 23.484375 27.171875 23.421875 27 23.59375 L 23.9375 26.65625 C 23.476563 27.050781 22.988281 27.132813 22.40625 26.9375 C 20.140625 26.046875 15.738281 24.113281 11.8125 20.1875 C 7.855469 16.230469 5.789063 11.742188 5.03125 9.5625 C 4.878906 9.15625 4.988281 8.554688 5.34375 8.25 L 5.40625 8.1875 L 8.4375 5.09375 C 8.507813 5.035156 8.582031 5 8.65625 5 Z\"><\/path><\/svg> +01 23456789<\/a>\n<br>\n<a href=\"mailto:kalles@domain.com\">\n<svg xmlns=\"http:\/\/www.w3.org\/2000\/svg\" viewbox=\"0 0 32 32\" fill=\"currentColor\"><path d=\"M 3 8 L 3 26 L 29 26 L 29 8 Z M 7.3125 10 L 24.6875 10 L 16 15.78125 Z M 5 10.875 L 15.4375 17.84375 L 16 18.1875 L 16.5625 17.84375 L 27 10.875 L 27 24 L 5 24 Z\"><\/path><\/svg>\nkalles@domain.com<\/a>"
            }
          },
          "mb_nav-8": {
            "type": "lang",
            "settings": {
            }
          },
          "mb_nav-9": {
            "type": "cur",
            "settings": {
            }
          }
        },
        "block_order": [
          "mb_nav-0",
          "mb_nav-1",
          "mb_nav-2",
          "mb_nav-3",
          "26784f03-0a05-4e7e-a6c5-5d2a1ebd9b09",
          "678bb7fc-77c1-4a86-b1fb-23133f5f4681",
          "e767dbef-a186-4db7-8530-c4d6b79db6ca",
          "mb_nav-4",
          "mb_nav-5",
          "mb_nav-6",
          "mb_nav-7",
          "mb_nav-8",
          "mb_nav-9"
        ],
        "settings": {
        }
      },
      "mb_cat": {
        "type": "mb_cat",
        "blocks": {
          "f03a2313-84f9-4ce7-af4d-0a2ec38cb860": {
            "type": "cat",
            "settings": {
              "cat": "women",
              "title": "Women’s Clothing",
              "url": "",
              "menu": "",
              "lb": "",
              "lb_cl": "#e91e63",
              "icons_op": "2",
              "icon": "las la-female"
            }
          },
          "f4a35f80-4e7d-4014-adbc-7b2fd7858b92": {
            "type": "cat",
            "settings": {
              "cat": "men",
              "title": "Men’s Clothing",
              "url": "",
              "menu": "",
              "lb": "",
              "lb_cl": "#e91e63",
              "icons_op": "2",
              "icon": "las la-male"
            }
          },
          "a7417cbd-5494-47f5-939f-846413f93756": {
            "type": "cat",
            "settings": {
              "cat": "watches",
              "title": "Watches",
              "url": "",
              "menu": "",
              "lb": "",
              "lb_cl": "#e91e63",
              "icons_op": "2",
              "icon": "las la-clock"
            }
          },
          "cc4f8bf3-b555-4ec8-abbf-0550baab0110": {
            "type": "cat",
            "settings": {
              "cat": "accessories",
              "title": "Accessories",
              "url": "",
              "menu": "",
              "lb": "",
              "lb_cl": "#e91e63",
              "icons_op": "2",
              "icon": "las la-glasses"
            }
          },
          "105ae66a-c868-49af-8eaa-f2da5085f0e3": {
            "type": "cat",
            "settings": {
              "cat": "electric",
              "title": "Electric",
              "url": "",
              "menu": "",
              "lb": "",
              "lb_cl": "#e91e63",
              "icons_op": "2",
              "icon": "las la-camera-retro"
            }
          },
          "3de6db21-79e9-41b8-a318-a92371cda9fc": {
            "type": "cat",
            "settings": {
              "cat": "shoes",
              "title": "Shoes",
              "url": "",
              "menu": "",
              "lb": "",
              "lb_cl": "#e91e63",
              "icons_op": "2",
              "icon": "las la-shoe-prints"
            }
          },
          "4bf23bfd-b1a6-480a-b5df-216c60615774": {
            "type": "cat",
            "settings": {
              "cat": "jewellery",
              "title": "Jewellery",
              "url": "",
              "menu": "",
              "lb": "",
              "lb_cl": "#e91e63",
              "icons_op": "2",
              "icon": "las la-gem"
            }
          },
          "2d16f160-ac4b-4c6c-9140-bd49e2b2fd0e": {
            "type": "cat",
            "settings": {
              "cat": "toys",
              "title": "Toys, Kids & Baby",
              "url": "",
              "menu": "",
              "lb": "",
              "lb_cl": "#e91e63",
              "icons_op": "2",
              "icon": "las la-child"
            }
          },
          "0f345d5e-61b0-41ee-98a6-cf7a5f93c8d7": {
            "type": "cat",
            "settings": {
              "cat": "home-decor",
              "title": "Decor",
              "url": "",
              "menu": "",
              "lb": "",
              "lb_cl": "#e91e63",
              "icons_op": "2",
              "icon": "las la-chair"
            }
          }
        },
        "block_order": [
          "f03a2313-84f9-4ce7-af4d-0a2ec38cb860",
          "f4a35f80-4e7d-4014-adbc-7b2fd7858b92",
          "a7417cbd-5494-47f5-939f-846413f93756",
          "cc4f8bf3-b555-4ec8-abbf-0550baab0110",
          "105ae66a-c868-49af-8eaa-f2da5085f0e3",
          "3de6db21-79e9-41b8-a318-a92371cda9fc",
          "4bf23bfd-b1a6-480a-b5df-216c60615774",
          "2d16f160-ac4b-4c6c-9140-bd49e2b2fd0e",
          "0f345d5e-61b0-41ee-98a6-cf7a5f93c8d7"
        ],
        "settings": {
        }
      },
      "mini_cart": {
        "type": "mini_cart",
        "blocks": {
          "mini_cart-0": {
            "type": "price",
            "settings": {
            }
          },
          "mini_cart-1": {
            "type": "tax",
            "settings": {
            }
          },
          "mini_cart-2": {
            "type": "agree",
            "settings": {
            }
          },
          "mini_cart-3": {
            "type": "btnc",
            "settings": {
              "btn_icon": false,
              "button_style": "default",
              "btn_cl": "custom2",
              "button_effect": "default"
            }
          },
          "mini_cart-4": {
            "type": "btnck",
            "settings": {
              "btn_icon": false,
              "button_style": "default",
              "btn_cl": "primary",
              "button_effect": "default"
            }
          },
          "mini_cart-5": {
            "type": "img",
            "settings": {
            }
          },
          "mini_cart-6": {
            "type": "btn",
            "settings": {
              "title": "Return To Shop",
              "url": "",
              "btn_icon": false,
              "button_style": "default",
              "btn_cl": "primary",
              "button_effect": "fade"
            }
          }
        },
        "block_order": [
          "mini_cart-0",
          "mini_cart-1",
          "mini_cart-2",
          "mini_cart-3",
          "mini_cart-4",
          "mini_cart-5",
          "mini_cart-6"
        ],
        "settings": {
          "style": "1",
          "pos": "2",
          "enable_pr": true,
          "enable_calc_ship": true,
          "enable_note": true,
          "enable_rates": true,
          "enable_discount": true,
          "enable_gift_wrap": true,
          "ship_df_country": "United States"
        }
      },
      "slider_config": {
        "type": "slider_config",
        "blocks": {
          "f537e107-abf6-442c-b5ec-a0a1e899d9e7": {
            "type": "custom1",
            "settings": {
              "btn_color_primary": "#e56a54",
              "btn_color_second": "#ffffff",
              "btn_color_primary_hover": "#ff4e00",
              "btn_color_second_hover": "#ffffff"
            }
          }
        },
        "block_order": [
          "f537e107-abf6-442c-b5ec-a0a1e899d9e7"
        ],
        "settings": {
          "btn_vi": "hover",
          "btn_owl": "default",
          "btn_shape": "none",
          "btn_size": "small",
          "dot_owl": "default",
          "dots_round": true,
          "dots_space": 10
        }
      },
      "search-hidden": {
        "type": "search-hidden",
        "settings": {
        }
      },
      "login-sidebar": {
        "type": "login-sidebar",
        "settings": {
          "content_align": "start",
          "btn_width": "full",
          "button_style": "default",
          "btns_size": "medium",
          "btns_cl": "primary",
          "button_effect": "default"
        }
      },
      "main-qv": {
        "type": "main-qv",
        "blocks": {
          "main-qv-0": {
            "type": "title",
            "settings": {
              "txt_tr_pr": "none",
              "fnt_df_pr": "1",
              "size_pr": 16,
              "fw_pr": 600,
              "lh_pr": 0,
              "ls_pr": 0,
              "pr_title_color": "#222222",
              "pr_title_color_hover": "#56cfe1"
            }
          },
          "main-qv-1": {
            "type": "price_review",
            "settings": {
              "price": "0",
              "type_sale": "0",
              "tax_ship": true,
              "rating": true,
              "review_liquid": "",
              "size_price_pr": 22,
              "fw_price_pr": 400,
              "price_color": "#696969",
              "price_sale_color": "#ec0101"
            }
          },
          "main-qv-2": {
            "type": "description",
            "settings": {
              "des": "2",
              "text": "",
              "length": 31,
              "readm": false,
              "readm_txt": "Read more"
            }
          },
          "main-qv-3": {
            "type": "form",
            "settings": {
              "selector_mode": "circle",
              "color_mode": "color is-sw-cl__round",
              "enable_fit_ratio_img": false,
              "color_size": "medium",
              "show_qty": true,
              "enable_wishlist": true,
              "enable_compare": true,
              "btn_atc_full": false,
              "pr_btn_round": 40,
              "ani": "t4s-ani-shake",
              "time": 5,
              "btn_txt": "3",
              "btn_icon": false,
              "button_style": "default",
              "button_color": "primary",
              "button_effect": "default",
              "show_dynamic_checkout": false,
              "btn_txt2": "3",
              "button_color_payment": "primary",
              "product_list": [

              ],
              "show_product_current": true,
              "qty_val": "0",
              "advance_label": "Choose style",
              "advance_pr_list": [

              ]
            }
          },
          "0fffb132-d912-4829-b391-05d64f8ca70e": {
            "type": "img",
            "settings": {
              "mess": "Guaranteed Safe Checkout",
              "size": 16,
              "source": "1",
              "image": "shopify:\/\/shop_images\/trust_img2_b7f9fc65-ce08-457c-8b63-9e5b32a942ea.png",
              "al": "start",
              "wimg": 100,
              "svg": "amazon_payments,american_express,apple_pay,bitcoin,dankort,diners_club,discover,dogecoin,dwolla,forbrugsforeningen,interac,google_pay,jcb,klarna,klarna-pay-later,litecoin,maestro,master,paypal,shopify_pay,sofort,visa",
              "height": 50
            }
          },
          "main-qv-4": {
            "type": "size_delivery_ask",
            "settings": {
              "size_chart": "3",
              "pos_sizeg": "1",
              "sc_type": "1",
              "page": "",
              "size_ck": "",
              "delivery": false,
              "page_dr": "",
              "ask": false,
              "phone": true
            }
          },
          "main-qv-5": {
            "type": "meta",
            "settings": {
              "show_options": true,
              "show_vendor": false,
              "show_type": false,
              "show_sku": true,
              "show_barcode": false,
              "show_available": true,
              "show_category": true,
              "show_tags": true
            }
          },
          "main-qv-6": {
            "type": "social",
            "settings": {
              "socials_align": "start",
              "social_mode": "1",
              "social_style": "3",
              "social_size": "medium",
              "bd_radius": 0,
              "use_color_set": false,
              "icon_cl": "#878787",
              "bg_cl": "#222222",
              "space_h_item": "5",
              "space_v_item": "5",
              "space_h_item_mb": "2",
              "space_v_item_mb": "2"
            }
          }
        },
        "block_order": [
          "main-qv-0",
          "main-qv-1",
          "main-qv-2",
          "main-qv-3",
          "0fffb132-d912-4829-b391-05d64f8ca70e",
          "main-qv-4",
          "main-qv-5",
          "main-qv-6"
        ],
        "settings": {
          "demo_pr": "la-boheme-rose-gold",
          "image_ratio": "ratioadapt",
          "image_size": "cover",
          "image_position": "8",
          "enable_video_looping": false,
          "enable_video_muting": true,
          "enable_video_autoplaying": true,
          "eff": "fade",
          "nav_btn": true,
          "btn_vi": "always",
          "btn_owl": "outline",
          "btn_shape": "round",
          "btn_cl": "dark",
          "btn_size": "small",
          "btn_hidden_mobile": false
        }
      },
      "facets": {
        "type": "facets",
        "settings": {
          "style_color_filter": "Color, color, Colour , colour",
          "style_tag_filter": ""
        }
      },
      "heading-template": {
        "type": "heading-template",
        "blocks": {
          "heading-template-0": {
            "type": "1",
            "settings": {
              "heading": "Page Heading",
              "fontf": "inherit",
              "text_cl": "#fff",
              "text_fs": 20,
              "text_lh": 0,
              "text_fw": 400,
              "text_ls": 0,
              "font_italic": false,
              "font_uppercase": false,
              "text_shadow": false,
              "text_mgb": 0,
              "hidden_mobile": false,
              "text_fs_mb": 20,
              "text_lh_mb": 0,
              "text_ls_mb": 0,
              "text_mgb_mobile": 0
            }
          }
        },
        "block_order": [
          "heading-template-0"
        ],
        "settings": {
          "image": "shopify:\/\/shop_images\/shopping-cart-head_1950x_08fcf354-77bb-45df-9dbb-35687bdfb000.jpg",
          "parallax": false,
          "color": "#000",
          "overlay": 54,
          "padding": 50,
          "paddingmb": 50,
          "mg_b": 50,
          "mg_bmb": 50,
          "content_align": "t4s-text-center",
          "bg_pos": "center center",
          "bg_repeat": "no-repeat",
          "bg_size": "cover",
          "use_cus_css": false,
          "code_cus_css": ".SectionID {\nbackground-color:red\n}"
        }
      },
      "main-wishlist": {
        "type": "main-wishlist",
        "blocks": {
          "main-wishlist-0": {
            "type": "layout",
            "settings": {
            }
          }
        },
        "block_order": [
          "main-wishlist-0"
        ],
        "settings": {
          "product_des": "1",
          "show_vendor": false,
          "image_ratio": "rationt",
          "image_size": "cover",
          "image_position": "8",
          "content_align": "default",
          "limit": 12,
          "enable_listing": true,
          "enable_listing_default": false,
          "col_dk": "4",
          "col_tb": "2",
          "col_mb": "2",
          "space_h_item": "30",
          "space_v_item": "30",
          "space_h_item_mb": "10",
          "space_v_item_mb": "10",
          "layout_des": "1",
          "use_pagination": "default",
          "enable_bar_lm": true,
          "btn_icon": false,
          "button_style": "default",
          "btns_size": "large",
          "btns_cl": "dark",
          "button_effect": "default",
          "btn_pos": "t4s-text-center",
          "layout": "t4s-container-wrap",
          "cl_bg": "",
          "cl_bg_gradient": "",
          "mg": ",,50px,",
          "pd": "",
          "mg_mb": ",,30px,",
          "pd_mb": ""
        }
      },
      "t4s_custom_color": {
        "type": "t4s_custom_color",
        "blocks": {
          "9fee2fc2-8702-4697-b946-246a60fd09c8": {
            "type": "lb_menu",
            "settings": {
              "title": "hot",
              "color": "#ec0101",
              "cl_gradient": "",
              "color_txt": "#ffffff"
            }
          }
        },
        "block_order": [
          "9fee2fc2-8702-4697-b946-246a60fd09c8"
        ],
        "settings": {
        }
      },
      "popups": {
        "type": "popups",
        "settings": {
        }
      },
      "main-qs": {
        "type": "main-qs",
        "blocks": {
          "main-qs-0": {
            "type": "title",
            "settings": {
              "txt_tr_pr": "none",
              "fnt_df_pr": "1",
              "size_pr": 16,
              "fw_pr": 600,
              "lh_pr": 0,
              "ls_pr": 0,
              "pr_title_color": "#222222",
              "pr_title_color_hover": "#56cfe1"
            }
          },
          "main-qs-1": {
            "type": "price",
            "settings": {
              "price": "0",
              "type_sale": "0",
              "size_price_pr": 22,
              "fw_price_pr": 400,
              "price_color": "#696969",
              "price_sale_color": "#ec0101"
            }
          },
          "main-qs-2": {
            "type": "form",
            "settings": {
              "selector_mode": "block",
              "color_mode": "color",
              "enable_fit_ratio_img": false,
              "color_size": "medium",
              "show_qty": true,
              "enable_wishlist": true,
              "enable_compare": true,
              "pr_btn_round": 40,
              "ani": "none",
              "time": 6,
              "btn_txt": "3",
              "btn_icon": false,
              "button_style": "default",
              "button_color": "dark",
              "button_effect": "fade",
              "show_dynamic_checkout": false,
              "btn_txt2": "3",
              "button_color_payment": "dark"
            }
          }
        },
        "block_order": [
          "main-qs-0",
          "main-qs-1",
          "main-qs-2"
        ],
        "settings": {
          "demo_pr": ""
        }
      }
    },
    "content_for_index": [

    ]
  }
}