{
  "sections": {
    "16474136427e5e001a": {
      "type": "hero_image",
      "blocks": {
        "16474136413c50eba8-0": {
          "type": "custom_text",
          "settings": {
            "text": "SUMMER COLLECTION",
            "remove_br_tag": false,
            "fontf": "1",
            "text_cl": "#222222",
            "text_fs": 20,
            "text_lh": 0,
            "text_fw": 600,
            "text_ls": 0,
            "text_mgb": 20,
            "font_italic": false,
            "text_shadow": false,
            "hidden_mobile": false,
            "text_fs_mb": 12,
            "text_lh_mb": 0,
            "text_ls_mb": 0,
            "text_mgb_mobile": 10,
            "animation": "none"
          }
        },
        "16474136413c50eba8-1": {
          "type": "custom_text",
          "settings": {
            "text": "HUGE SALE 70% OFF",
            "remove_br_tag": false,
            "fontf": "inherit",
            "text_cl": "#222222",
            "text_fs": 55,
            "text_lh": 0,
            "text_fw": 700,
            "text_ls": 0,
            "text_mgb": 25,
            "font_italic": false,
            "text_shadow": false,
            "hidden_mobile": false,
            "text_fs_mb": 35,
            "text_lh_mb": 43,
            "text_ls_mb": 0,
            "text_mgb_mobile": 10,
            "animation": "none"
          }
        },
        "16474136413c50eba8-2": {
          "type": "custom_button",
          "settings": {
            "button_text": "Men",
            "button_link": "shopify:\/\/collections",
            "target_link": "_blank",
            "fontf": "inherit",
            "button_icon_w": 0,
            "button_style": "default",
            "button_effect": "default",
            "pri_cl": "#222222",
            "second_cl": "#ffffff",
            "pri_cl_hover": "#222222",
            "second_cl_hover": "#ffffff",
            "fsbutton": 14,
            "fwbutton": 600,
            "button_ls": 0,
            "button_mh": 40,
            "button_bdr": 0,
            "button_pd_lr": 61,
            "button_mgb": 0,
            "hidden_mobile": false,
            "button_icon_w_mb": 0,
            "fsbutton_mb": 14,
            "button_mh_mb": 40,
            "button_pd_lr_mb": 60,
            "button_ls_mb": 0,
            "button_mgb_mb": 0,
            "animation": "none"
          }
        },
        "49166308-df3d-4155-bc65-1eaa91a197ed": {
          "type": "custom_button",
          "settings": {
            "button_text": "Women",
            "button_link": "shopify:\/\/collections",
            "target_link": "_blank",
            "fontf": "inherit",
            "button_icon_w": 0,
            "button_style": "default",
            "button_effect": "default",
            "pri_cl": "#222222",
            "second_cl": "#ffffff",
            "pri_cl_hover": "#222222",
            "second_cl_hover": "#ffffff",
            "fsbutton": 14,
            "fwbutton": 600,
            "button_ls": 0,
            "button_mh": 40,
            "button_bdr": 0,
            "button_pd_lr": 48,
            "button_mgb": 0,
            "hidden_mobile": false,
            "button_icon_w_mb": 0,
            "fsbutton_mb": 14,
            "button_mh_mb": 40,
            "button_pd_lr_mb": 47,
            "button_ls_mb": 0,
            "button_mgb_mb": 0,
            "animation": "none"
          }
        }
      },
      "block_order": [
        "16474136413c50eba8-0",
        "16474136413c50eba8-1",
        "16474136413c50eba8-2",
        "49166308-df3d-4155-bc65-1eaa91a197ed"
      ],
      "settings": {
        "se_height": "t4s_ratio_cuspx",
        "custom_dk": false,
        "height_dk": 600,
        "custom_tb": true,
        "height_tb": 500,
        "custom_mb": true,
        "height_mb": 300,
        "image": "shopify:\/\/shop_images\/main-slide_d15dcc4d-039d-4fa0-88b6-b7bcf556e6f3.jpg",
        "parallax": false,
        "image_position": "0",
        "link_img1": "shopify:\/\/collections\/men",
        "open_link": "_blank",
        "text_align": "center",
        "text_align_mb": "center",
        "content_width": "auto",
        "cv_pos": 50,
        "ch_pos": 50,
        "cv_pos_mb": 50,
        "ch_pos_mb": 50,
        "bg_overlay": "#000000",
        "bg_opacity": 0,
        "bg_content_bl": false,
        "bg_content_cl": "#ffffff",
        "bg_content_op": 50,
        "content_pd_tb": 20,
        "content_pd_lr": 20,
        "content_pd_tb_mb": 10,
        "content_pd_lr_mb": 10,
        "border_bl": false,
        "br_color": "#222222",
        "br_bg": "#ffffff",
        "br_opacity": 50,
        "br_style": "solid",
        "br_pd": 20,
        "br_pd_mb": 10,
        "time_animation": 1,
        "animation_delay": 40,
        "layout": "t4s-container-fluid",
        "cl_bg": "",
        "cl_bg_gradient": "",
        "mg": ",,,",
        "pd": "",
        "mg_mb": ",,,",
        "pd_mb": "",
        "use_cus_css": false,
        "code_cus_css": ".SectionID {\nbackground-color:red\n}"
      }
    },
    "1647414462deb5fb9c": {
      "type": "shipping",
      "blocks": {
        "164741446226e36f7b-0": {
          "type": "shipping",
          "settings": {
            "icon_themes": "car",
            "icon": "tractor",
            "title": "",
            "text": "<p><strong>FREE SHIPPING<\/strong> ALL ORDER OVER $100<\/p>"
          }
        },
        "164741446226e36f7b-1": {
          "type": "shipping",
          "settings": {
            "icon_themes": "help",
            "icon": "life-ring",
            "title": "",
            "text": "<p>SUMMER <strong>SALE OFF<\/strong> TO <strong>50%<\/strong><\/p>"
          }
        },
        "164741446226e36f7b-2": {
          "type": "shipping",
          "settings": {
            "icon_themes": "refesh",
            "icon": "undo-alt",
            "title": "",
            "text": "<p>WE SUPPORT <strong>24 HOURS<\/strong> A DAY<\/p>"
          }
        }
      },
      "block_order": [
        "164741446226e36f7b-0",
        "164741446226e36f7b-1",
        "164741446226e36f7b-2"
      ],
      "settings": {
        "design_heading": "1",
        "heading_align": "t4s-text-center",
        "top_heading": "",
        "icon_heading": "las la-gem",
        "top_subheading": "",
        "tophead_mb": 30,
        "content_align": "text-center",
        "align_vertical": false,
        "design_padding": "1",
        "source": "get_image",
        "icon_des": "deafult",
        "icon_size": "medium",
        "col_dk": "3",
        "col_tb": "2",
        "col_mb": "1",
        "border": true,
        "cl_bd": "rgba(0,0,0,0)",
        "cl_ic": "#9e9e9e",
        "cl_hd": "#222222",
        "cl_cot": "#222222",
        "bg_item": "#f2f2f4",
        "space_h_item": "30",
        "space_v_item": "30",
        "space_h_item_mb": "10",
        "space_v_item_mb": "10",
        "carousel_mobile": false,
        "dots_cl": "dark",
        "dots_round": true,
        "layout": "t4s-container-wrap",
        "cl_bg": "",
        "cl_bg_gradient": "",
        "mg": "30px,,30px,",
        "pd": "",
        "mg_mb": "30px,,30px,",
        "pd_mb": "",
        "use_cus_css": true,
        "code_cus_css": ".t4s_se_template--15797163622656__1647414462deb5fb9c .t4s-shipping-des{\nfont-size:15px !important;\n}"
      }
    },
    "164741508621503265": {
      "type": "collections-list-manual",
      "blocks": {
        "1647415086bad34ffd-0": {
          "type": "collection_item",
          "settings": {
            "collection": "women",
            "image": "shopify:\/\/shop_images\/cat-women_d978eb9a-2178-44ad-b625-d19f745c30ed.jpg",
            "collection_title": "women",
            "collection_link": "shopify:\/\/collections"
          }
        },
        "1647415086bad34ffd-1": {
          "type": "collection_item",
          "settings": {
            "collection": "accessories",
            "image": "shopify:\/\/shop_images\/cat-accessories.jpg",
            "collection_title": "accessories",
            "collection_link": "shopify:\/\/collections"
          }
        },
        "1647415086bad34ffd-2": {
          "type": "collection_item",
          "settings": {
            "collection": "watch",
            "image": "shopify:\/\/shop_images\/cat-watch_b79fc07e-e720-4898-8344-e4fa2f881fd4.jpg",
            "collection_title": "watch collections",
            "collection_link": "shopify:\/\/collections"
          }
        },
        "869e62fb-63f1-4931-af83-f09ff6e4c0c6": {
          "type": "collection_item",
          "settings": {
            "collection": "frontpage",
            "image": "shopify:\/\/shop_images\/cat-men_b9b9050b-2160-400a-af02-8f21c8aaff27.jpg",
            "collection_title": "men",
            "collection_link": "shopify:\/\/collections"
          }
        },
        "18de129f-0a34-4931-a30e-89980b15cd51": {
          "type": "collection_item",
          "settings": {
            "collection": "shoes",
            "image": "shopify:\/\/shop_images\/cat-shoes.jpg",
            "collection_title": "shoes",
            "collection_link": "shopify:\/\/collections"
          }
        }
      },
      "block_order": [
        "1647415086bad34ffd-0",
        "1647415086bad34ffd-1",
        "1647415086bad34ffd-2",
        "869e62fb-63f1-4931-af83-f09ff6e4c0c6",
        "18de129f-0a34-4931-a30e-89980b15cd51"
      ],
      "settings": {
        "design_heading": "1",
        "heading_align": "t4s-text-center",
        "top_heading": "",
        "icon_heading": "las la-gem",
        "top_subheading": "",
        "tophead_mb": 30,
        "collection_des": "6",
        "title_cl": "#222222",
        "title_cl_hover": "#56cfe1",
        "subtitle_cl": "#878787",
        "count_cl": "#222222",
        "border_cl": "#e5e5e5",
        "collection_subtitle": "Products",
        "open_link": "_self",
        "space_bottom": 20,
        "space_bottom_mb": 10,
        "border": false,
        "item_rd": 0,
        "img_effect": "zoom",
        "b_effect": "none",
        "image_ratio": "ratio1_1",
        "image_size": "cover",
        "image_position": "7",
        "coll_layout": "4",
        "layout": "t4s-container-wrap",
        "cl_bg": "",
        "cl_bg_gradient": "",
        "mg": ",,100px,",
        "pd": "",
        "mg_mb": ",,50px,",
        "pd_mb": "",
        "use_cus_css": false,
        "code_cus_css": ".SectionID {\nbackground-color:red\n}"
      }
    },
    "164741550310f61503": {
      "type": "tabs-collection",
      "blocks": {
        "16474155025afb3b32-0": {
          "type": "tab_item",
          "settings": {
            "tab_title": "Women",
            "icon_title": "",
            "collection": "default",
            "product_des": "1",
            "show_vendor": true,
            "image_ratio": "ratioadapt",
            "image_size": "cover",
            "image_position": "8",
            "content_align": "default",
            "limit": 8,
            "col_dk": "4",
            "col_tb": "2",
            "col_mb": "2",
            "space_h_item": "30",
            "space_v_item": "30",
            "space_h_item_mb": "10",
            "space_v_item_mb": "10",
            "layout_des": "1",
            "loop": true,
            "au_time": 0,
            "au_hover": true,
            "nav_btn": true,
            "btn_vi": "hover",
            "btn_owl": "default",
            "btn_shape": "none",
            "btn_cl": "dark",
            "btn_size": "small",
            "btn_hidden_mobile": false,
            "nav_dot": true,
            "dot_owl": "default",
            "dots_cl": "dark",
            "dots_round": false,
            "dots_space": 10,
            "dots_hidden_mobile": false,
            "use_pagination": "load-more",
            "enable_bar_lm": false,
            "btn_icon": true,
            "button_style": "default",
            "btns_size": "large",
            "btns_cl": "dark",
            "button_effect": "fade",
            "btn_pos": "t4s-text-center"
          }
        },
        "16474155025afb3b32-1": {
          "type": "tab_item",
          "settings": {
            "tab_title": "Men",
            "icon_title": "",
            "collection": "frontpage",
            "product_des": "1",
            "show_vendor": false,
            "image_ratio": "ratioadapt",
            "image_size": "cover",
            "image_position": "8",
            "content_align": "default",
            "limit": 8,
            "col_dk": "4",
            "col_tb": "2",
            "col_mb": "2",
            "space_h_item": "30",
            "space_v_item": "30",
            "space_h_item_mb": "10",
            "space_v_item_mb": "10",
            "layout_des": "1",
            "loop": true,
            "au_time": 0,
            "au_hover": true,
            "nav_btn": true,
            "btn_vi": "hover",
            "btn_owl": "default",
            "btn_shape": "none",
            "btn_cl": "dark",
            "btn_size": "small",
            "btn_hidden_mobile": false,
            "nav_dot": true,
            "dot_owl": "default",
            "dots_cl": "dark",
            "dots_round": false,
            "dots_space": 10,
            "dots_hidden_mobile": false,
            "use_pagination": "none",
            "enable_bar_lm": true,
            "btn_icon": false,
            "button_style": "default",
            "btns_size": "medium",
            "btns_cl": "default",
            "button_effect": "fade",
            "btn_pos": "t4s-text-center"
          }
        },
        "16474155025afb3b32-2": {
          "type": "tab_item",
          "settings": {
            "tab_title": "accessories",
            "icon_title": "",
            "collection": "accessories",
            "product_des": "1",
            "show_vendor": false,
            "image_ratio": "ratioadapt",
            "image_size": "cover",
            "image_position": "8",
            "content_align": "default",
            "limit": 8,
            "col_dk": "4",
            "col_tb": "2",
            "col_mb": "2",
            "space_h_item": "30",
            "space_v_item": "30",
            "space_h_item_mb": "10",
            "space_v_item_mb": "10",
            "layout_des": "1",
            "loop": true,
            "au_time": 0,
            "au_hover": true,
            "nav_btn": true,
            "btn_vi": "hover",
            "btn_owl": "default",
            "btn_shape": "none",
            "btn_cl": "dark",
            "btn_size": "small",
            "btn_hidden_mobile": false,
            "nav_dot": true,
            "dot_owl": "default",
            "dots_cl": "dark",
            "dots_round": false,
            "dots_space": 10,
            "dots_hidden_mobile": false,
            "use_pagination": "none",
            "enable_bar_lm": true,
            "btn_icon": false,
            "button_style": "default",
            "btns_size": "medium",
            "btns_cl": "default",
            "button_effect": "fade",
            "btn_pos": "t4s-text-center"
          }
        },
        "cdf5b0df-d7fc-4802-a8e5-2ab64d23efa6": {
          "type": "tab_item",
          "settings": {
            "tab_title": "Top",
            "icon_title": "",
            "collection": "hats",
            "product_des": "1",
            "show_vendor": false,
            "image_ratio": "ratioadapt",
            "image_size": "cover",
            "image_position": "8",
            "content_align": "default",
            "limit": 8,
            "col_dk": "4",
            "col_tb": "2",
            "col_mb": "2",
            "space_h_item": "30",
            "space_v_item": "30",
            "space_h_item_mb": "10",
            "space_v_item_mb": "10",
            "layout_des": "1",
            "loop": true,
            "au_time": 0,
            "au_hover": true,
            "nav_btn": true,
            "btn_vi": "hover",
            "btn_owl": "default",
            "btn_shape": "none",
            "btn_cl": "dark",
            "btn_size": "small",
            "btn_hidden_mobile": false,
            "nav_dot": true,
            "dot_owl": "default",
            "dots_cl": "dark",
            "dots_round": false,
            "dots_space": 10,
            "dots_hidden_mobile": false,
            "use_pagination": "none",
            "enable_bar_lm": true,
            "btn_icon": false,
            "button_style": "default",
            "btns_size": "medium",
            "btns_cl": "default",
            "button_effect": "fade",
            "btn_pos": "t4s-text-center"
          }
        },
        "75951193-7abd-4208-9804-5c5711dae5dc": {
          "type": "tab_item",
          "settings": {
            "tab_title": "bottoms",
            "icon_title": "",
            "collection": "default-3",
            "product_des": "1",
            "show_vendor": false,
            "image_ratio": "ratioadapt",
            "image_size": "cover",
            "image_position": "8",
            "content_align": "default",
            "limit": 8,
            "col_dk": "4",
            "col_tb": "2",
            "col_mb": "2",
            "space_h_item": "30",
            "space_v_item": "30",
            "space_h_item_mb": "10",
            "space_v_item_mb": "10",
            "layout_des": "1",
            "loop": true,
            "au_time": 0,
            "au_hover": true,
            "nav_btn": true,
            "btn_vi": "hover",
            "btn_owl": "default",
            "btn_shape": "none",
            "btn_cl": "dark",
            "btn_size": "small",
            "btn_hidden_mobile": false,
            "nav_dot": true,
            "dot_owl": "default",
            "dots_cl": "dark",
            "dots_round": false,
            "dots_space": 10,
            "dots_hidden_mobile": false,
            "use_pagination": "none",
            "enable_bar_lm": true,
            "btn_icon": false,
            "button_style": "default",
            "btns_size": "medium",
            "btns_cl": "default",
            "button_effect": "fade",
            "btn_pos": "t4s-text-center"
          }
        },
        "ba34dc25-22f1-4c1d-9219-8b29f760871e": {
          "type": "tab_item",
          "settings": {
            "tab_title": "shoes",
            "icon_title": "",
            "collection": "shoes",
            "product_des": "1",
            "show_vendor": false,
            "image_ratio": "ratioadapt",
            "image_size": "cover",
            "image_position": "8",
            "content_align": "default",
            "limit": 8,
            "col_dk": "4",
            "col_tb": "2",
            "col_mb": "2",
            "space_h_item": "30",
            "space_v_item": "30",
            "space_h_item_mb": "10",
            "space_v_item_mb": "10",
            "layout_des": "1",
            "loop": true,
            "au_time": 0,
            "au_hover": true,
            "nav_btn": true,
            "btn_vi": "hover",
            "btn_owl": "default",
            "btn_shape": "none",
            "btn_cl": "dark",
            "btn_size": "small",
            "btn_hidden_mobile": false,
            "nav_dot": true,
            "dot_owl": "default",
            "dots_cl": "dark",
            "dots_round": false,
            "dots_space": 10,
            "dots_hidden_mobile": false,
            "use_pagination": "none",
            "enable_bar_lm": true,
            "btn_icon": false,
            "button_style": "default",
            "btns_size": "medium",
            "btns_cl": "default",
            "button_effect": "fade",
            "btn_pos": "t4s-text-center"
          }
        },
        "b3eb02a2-3b32-42ff-b91d-782343e3b04f": {
          "type": "tab_item",
          "settings": {
            "tab_title": "jewellry",
            "icon_title": "",
            "collection": "jewellery",
            "product_des": "1",
            "show_vendor": false,
            "image_ratio": "ratioadapt",
            "image_size": "cover",
            "image_position": "8",
            "content_align": "default",
            "limit": 8,
            "col_dk": "4",
            "col_tb": "2",
            "col_mb": "2",
            "space_h_item": "30",
            "space_v_item": "30",
            "space_h_item_mb": "10",
            "space_v_item_mb": "10",
            "layout_des": "1",
            "loop": true,
            "au_time": 0,
            "au_hover": true,
            "nav_btn": true,
            "btn_vi": "hover",
            "btn_owl": "default",
            "btn_shape": "none",
            "btn_cl": "dark",
            "btn_size": "small",
            "btn_hidden_mobile": false,
            "nav_dot": true,
            "dot_owl": "default",
            "dots_cl": "dark",
            "dots_round": false,
            "dots_space": 10,
            "dots_hidden_mobile": false,
            "use_pagination": "none",
            "enable_bar_lm": true,
            "btn_icon": false,
            "button_style": "default",
            "btns_size": "medium",
            "btns_cl": "default",
            "button_effect": "fade",
            "btn_pos": "t4s-text-center"
          }
        }
      },
      "block_order": [
        "16474155025afb3b32-0",
        "16474155025afb3b32-1",
        "16474155025afb3b32-2",
        "cdf5b0df-d7fc-4802-a8e5-2ab64d23efa6",
        "75951193-7abd-4208-9804-5c5711dae5dc",
        "ba34dc25-22f1-4c1d-9219-8b29f760871e",
        "b3eb02a2-3b32-42ff-b91d-782343e3b04f"
      ],
      "settings": {
        "design_heading": "1",
        "heading_align": "t4s-text-center",
        "top_heading": "best seller products",
        "icon_heading": "las la-gem",
        "top_subheading": "Dolor sit amet, consectetur adipisicing elit, sed do eiusmod tempor!",
        "tophead_mb": 30,
        "tabs_des": "underline",
        "tabs_border": "dashed",
        "item_rounded": false,
        "item_cl": "#222222",
        "item_bg": "",
        "item_cl_active": "#222222",
        "item_bg_active": "#222222",
        "space_between": 30,
        "tabs_pos": "center",
        "tabslist_mb": 30,
        "layout": "t4s-container-wrap",
        "cl_bg": "",
        "cl_bg_gradient": "",
        "mg": ",,100px,",
        "pd": "",
        "mg_mb": ",,60px,",
        "pd_mb": "",
        "use_cus_css": false,
        "code_cus_css": ".SectionID {\nbackground-color:red\n}"
      }
    },
    "1647416225a34bc8e7": {
      "type": "banner",
      "blocks": {
        "16474162240c07d954-0": {
          "type": "b_item",
          "settings": {
            "custom_dk": true,
            "height_dk": 600,
            "custom_tb": true,
            "height_tb": 400,
            "custom_mb": true,
            "height_mb": 300,
            "image": "shopify:\/\/shop_images\/5_2022-03-02.jpg",
            "b_link": "shopify:\/\/collections",
            "open_link": "_self",
            "img_effect": "zoom",
            "b_effect": "none",
            "col_dk": "6",
            "col_tb": "6",
            "col_mb": "12",
            "content_align": "center",
            "content_align_mobile": "center",
            "content_width": "auto",
            "cv_pos": 50,
            "ch_pos": 50,
            "cv_pos_mb": 50,
            "ch_pos_mb": 50,
            "bg_overlay": "#000000",
            "bg_opacity": 0,
            "bg_content_bl": false,
            "bg_content_cl": "#ffffff",
            "bg_content_op": 50,
            "content_pd_tb": 20,
            "content_pd_lr": 20,
            "content_pd_tb_mb": 10,
            "content_pd_lr_mb": 10,
            "border_bl": false,
            "br_color": "#222222",
            "br_bg": "#ffffff",
            "br_opacity": 50,
            "br_style": "solid",
            "br_pd": 20,
            "br_pd_mb": 10,
            "time_animation": 1,
            "animation_delay": 40
          }
        },
        "16474162240c07d954-1": {
          "type": "custom_text",
          "settings": {
            "text": "LOOKBOOK 2022",
            "remove_br_tag": false,
            "fontf": "inherit",
            "text_cl": "#ffffff",
            "text_fs": 24,
            "text_lh": 0,
            "text_fw": 500,
            "text_ls": 0,
            "font_italic": false,
            "text_shadow": false,
            "text_mgb": 5,
            "hidden_mobile": false,
            "text_fs_mb": 24,
            "text_lh_mb": 0,
            "text_ls_mb": 1,
            "text_mgb_mobile": 10,
            "animation": "none"
          }
        },
        "16474162240c07d954-2": {
          "type": "custom_text",
          "settings": {
            "text": "MAKE LOVE THIS LOOK",
            "remove_br_tag": false,
            "fontf": "inherit",
            "text_cl": "#ffffff",
            "text_fs": 14,
            "text_lh": 24,
            "text_fw": 500,
            "text_ls": 0,
            "font_italic": false,
            "text_shadow": false,
            "text_mgb": 5,
            "hidden_mobile": false,
            "text_fs_mb": 14,
            "text_lh_mb": 24,
            "text_ls_mb": 0,
            "text_mgb_mobile": 10,
            "animation": "none"
          }
        },
        "16474162240c07d954-3": {
          "type": "b_item",
          "settings": {
            "custom_dk": true,
            "height_dk": 600,
            "custom_tb": true,
            "height_tb": 400,
            "custom_mb": true,
            "height_mb": 300,
            "image": "shopify:\/\/shop_images\/6_2022-03-02.jpg",
            "b_link": "shopify:\/\/collections",
            "open_link": "_self",
            "img_effect": "zoom",
            "b_effect": "none",
            "col_dk": "6",
            "col_tb": "6",
            "col_mb": "12",
            "content_align": "center",
            "content_align_mobile": "center",
            "content_width": "auto",
            "cv_pos": 50,
            "ch_pos": 50,
            "cv_pos_mb": 50,
            "ch_pos_mb": 50,
            "bg_overlay": "#000000",
            "bg_opacity": 0,
            "bg_content_bl": false,
            "bg_content_cl": "#ffffff",
            "bg_content_op": 50,
            "content_pd_tb": 20,
            "content_pd_lr": 20,
            "content_pd_tb_mb": 10,
            "content_pd_lr_mb": 10,
            "border_bl": false,
            "br_color": "#222222",
            "br_bg": "#ffffff",
            "br_opacity": 50,
            "br_style": "solid",
            "br_pd": 20,
            "br_pd_mb": 10,
            "time_animation": 1,
            "animation_delay": 40
          }
        },
        "4933bc63-50c5-47a0-a802-ead19dfc739b": {
          "type": "custom_text",
          "settings": {
            "text": "HUGE SALE",
            "remove_br_tag": false,
            "fontf": "1",
            "text_cl": "#ffffff",
            "text_fs": 20,
            "text_lh": 24,
            "text_fw": 500,
            "text_ls": 1,
            "font_italic": false,
            "text_shadow": false,
            "text_mgb": 5,
            "hidden_mobile": false,
            "text_fs_mb": 20,
            "text_lh_mb": 24,
            "text_ls_mb": 1,
            "text_mgb_mobile": 5,
            "animation": "none"
          }
        },
        "16474162240c07d954-4": {
          "type": "custom_text",
          "settings": {
            "text": "50% OFF",
            "remove_br_tag": false,
            "fontf": "inherit",
            "text_cl": "#ffffff",
            "text_fs": 60,
            "text_lh": 0,
            "text_fw": 500,
            "text_ls": 0,
            "font_italic": false,
            "text_shadow": false,
            "text_mgb": 5,
            "hidden_mobile": false,
            "text_fs_mb": 60,
            "text_lh_mb": 0,
            "text_ls_mb": 0,
            "text_mgb_mobile": 5,
            "animation": "none"
          }
        },
        "16474162240c07d954-5": {
          "type": "custom_text",
          "settings": {
            "text": "HURRY UP",
            "remove_br_tag": false,
            "fontf": "inherit",
            "text_cl": "#ffffff",
            "text_fs": 20,
            "text_lh": 24,
            "text_fw": 500,
            "text_ls": 1,
            "font_italic": false,
            "text_shadow": false,
            "text_mgb": 0,
            "hidden_mobile": false,
            "text_fs_mb": 20,
            "text_lh_mb": 24,
            "text_ls_mb": 1,
            "text_mgb_mobile": 0,
            "animation": "none"
          }
        }
      },
      "block_order": [
        "16474162240c07d954-0",
        "16474162240c07d954-1",
        "16474162240c07d954-2",
        "16474162240c07d954-3",
        "4933bc63-50c5-47a0-a802-ead19dfc739b",
        "16474162240c07d954-4",
        "16474162240c07d954-5"
      ],
      "settings": {
        "image_ratio": "ratio16_9",
        "image_size": "cover",
        "image_position": "8",
        "equal_height": false,
        "space_h_item": "30",
        "space_v_item": "30",
        "space_h_item_mb": "10",
        "space_v_item_mb": "10",
        "layout": "t4s-container-wrap",
        "cl_bg": "",
        "cl_bg_gradient": "",
        "mg": ",,80px,",
        "pd": "",
        "mg_mb": ",,60px,",
        "pd_mb": "",
        "use_cus_css": false,
        "code_cus_css": ".SectionID {\nbackground-color:red\n}"
      }
    },
    "1647418816dd2ce726": {
      "type": "blog-post",
      "settings": {
        "design_heading": "1",
        "heading_align": "t4s-text-center",
        "top_heading": "latest blog posts",
        "icon_heading": "las la-gem",
        "top_subheading": "Dolor sit amet, consectetur adipisicing elit, sed do eiusmod tempor!",
        "tophead_mb": 30,
        "blog": "fashion",
        "post_des": "1",
        "show_cate": false,
        "show_tags": false,
        "show_cnt": true,
        "show_au": true,
        "show_dt": true,
        "show_cm": false,
        "show_rm": false,
        "show_irm": false,
        "date": "date",
        "content_align": "t4s-text-start",
        "limit": 3,
        "img_effect": "zoom",
        "b_effect": "pervasive-circle",
        "image_ratio": "ratioadapt",
        "image_size": "cover",
        "image_position": "8",
        "col_dk": "3",
        "col_tb": "2",
        "col_mb": "1",
        "space_h_item": "30",
        "space_v_item": "30",
        "space_h_item_mb": "10",
        "space_v_item_mb": "10",
        "layout_des": "2",
        "loop": true,
        "au_time": 0,
        "au_hover": true,
        "nav_btn": true,
        "btn_vi": "hover",
        "btn_owl": "default",
        "btn_shape": "round",
        "btn_cl": "dark",
        "btn_size": "small",
        "btn_hidden_mobile": false,
        "nav_dot": false,
        "dot_owl": "default",
        "dots_cl": "dark",
        "dots_round": false,
        "dots_space": 10,
        "dots_hidden_mobile": false,
        "use_pagination": "none",
        "enable_bar_lm": true,
        "btn_icon": false,
        "button_style": "default",
        "btns_size": "medium",
        "btns_cl": "default",
        "button_effect": "fade",
        "btn_pos": "t4s-text-center",
        "layout": "t4s-container-wrap",
        "cl_bg": "",
        "cl_bg_gradient": "",
        "mg": ",,85px,",
        "pd": "",
        "mg_mb": ",,60px,",
        "pd_mb": "",
        "use_cus_css": true,
        "code_cus_css": ".t4s_nt_se_template--15797163622656__1647418816dd2ce726 .t4s-post-item .t4s-post-title {\n    font-weight: 500;\n}"
      }
    },
    "16474194761ac4ecce": {
      "type": "instagram_feed",
      "blocks": {
        "1e54dabe-e2ab-4257-ab08-6a35614906b2": {
          "type": "4",
          "settings": {
            "title": "@THE4STUDIO",
            "content": "Find us on Instagram",
            "des": "1",
            "pos": "t4s-pa"
          }
        },
        "164741947639cf3828-0": {
          "type": "img",
          "settings": {
            "image": "shopify:\/\/shop_images\/bg-pin-06.jpg",
            "url": "shopify:\/\/collections"
          }
        },
        "164741947639cf3828-1": {
          "type": "img",
          "settings": {
            "image": "shopify:\/\/shop_images\/bg-pin-07.jpg",
            "url": "shopify:\/\/collections"
          }
        },
        "164741947639cf3828-2": {
          "type": "img",
          "settings": {
            "image": "shopify:\/\/shop_images\/bg-pin-01.jpg",
            "url": "shopify:\/\/collections"
          }
        },
        "164741947639cf3828-3": {
          "type": "img",
          "settings": {
            "image": "shopify:\/\/shop_images\/bg-pin-10.jpg",
            "url": "shopify:\/\/collections"
          }
        },
        "164741947639cf3828-4": {
          "type": "img",
          "settings": {
            "image": "shopify:\/\/shop_images\/bg-pin-08.jpg",
            "url": "shopify:\/\/collections"
          }
        },
        "164741947639cf3828-5": {
          "type": "img",
          "settings": {
            "image": "shopify:\/\/shop_images\/bg-pin-04.jpg",
            "url": "shopify:\/\/collections"
          }
        },
        "d3b907bb-0318-4b1d-bf6c-fd5e96372396": {
          "type": "img",
          "settings": {
            "image": "shopify:\/\/shop_images\/bg-pin-02.jpg",
            "url": "shopify:\/\/collections"
          }
        },
        "04d3f267-9a86-4a61-8c01-ef8a182229c8": {
          "type": "img",
          "settings": {
            "image": "shopify:\/\/shop_images\/bg-pin-05.jpg",
            "url": "shopify:\/\/collections"
          }
        },
        "23b64d80-2277-464f-a55d-e3ea7dbb668f": {
          "type": "img",
          "settings": {
            "image": "shopify:\/\/shop_images\/bg-pin-09.jpg",
            "url": "shopify:\/\/collections"
          }
        }
      },
      "block_order": [
        "1e54dabe-e2ab-4257-ab08-6a35614906b2",
        "164741947639cf3828-0",
        "164741947639cf3828-1",
        "164741947639cf3828-2",
        "164741947639cf3828-3",
        "164741947639cf3828-4",
        "164741947639cf3828-5",
        "d3b907bb-0318-4b1d-bf6c-fd5e96372396",
        "04d3f267-9a86-4a61-8c01-ef8a182229c8",
        "23b64d80-2277-464f-a55d-e3ea7dbb668f"
      ],
      "settings": {
        "layout_des": "2",
        "image_ratio": "ratio1_1",
        "image_position": "8",
        "image_size": "cover",
        "img_effect": "zoom",
        "b_effect": "dark-overlay",
        "col_dk": "6",
        "col_tb": "2",
        "col_mb": "2",
        "space_item": "3",
        "space_item_mb": "3",
        "loop": true,
        "au_time": 0,
        "au_hover": true,
        "nav_btn": true,
        "btn_vi": "hover",
        "btn_owl": "outline",
        "btn_shape": "round",
        "btn_cl": "dark",
        "btn_size": "small",
        "btn_hidden_mobile": false,
        "nav_dot": false,
        "dot_owl": "default",
        "dots_cl": "dark",
        "dots_round": false,
        "dots_space": 10,
        "dots_hidden_mobile": false,
        "layout": "t4s-container-fluid",
        "cl_bg": "",
        "cl_bg_gradient": "",
        "mg": ",,,",
        "pd": "",
        "mg_mb": ",,,",
        "pd_mb": "",
        "use_cus_css": false,
        "code_cus_css": ".SectionID {\nbackground-color:red\n}"
      }
    }
  },
  "order": [
    "16474136427e5e001a",
    "1647414462deb5fb9c",
    "164741508621503265",
    "164741550310f61503",
    "1647416225a34bc8e7",
    "1647418816dd2ce726",
    "16474194761ac4ecce"
  ]
}