{
  "current": {
    "purchase_code": "demo-kalles",
    "general_layout": "custom",
    "cus_w_bd": 1670,
    "body_bg": "#fff",
    "body_bg_image": "shopify:\/\/shop_images\/Background-Image_1950x_de95ac1e-c6be-4b9e-98f7-414c8457fda3.jpg",
    "checkbox_mail": false,
    "header_design": "inline",
    "logo_svg": "https:\/\/cdn.shopify.com\/s\/files\/1\/0620\/2733\/3797\/files\/kalles.svg?v=1683594590",
    "logo": "shopify:\/\/shop_images\/kalles_bc9569f8-68b7-4d43-a4bc-2fbfc1c0b89d.svg",
    "logo_width": 135,
    "logos_width": 135,
    "logo_mb": "shopify:\/\/shop_images\/kalles-white_2x_140x_7aec4aea-12dd-4ad7-8d09-e5b7c8526801.png",
    "logo_mb_width": 95,
    "logo_tr_width": 95,
    "heading_color": "#000000",
    "text_color": "#8c8c8c",
    "accent_color": "#e74c3c",
    "secondary_color": "#000000",
    "border_color": "#dddddd",
    "price_secondary": "#8c8c8c",
    "link_color": "#8c8c8c",
    "link_color_hover": "#e74c3c",
    "cl_lazyload": "#e74c3c",
    "font_source": "1",
    "fnt_fm_sp1": "futura_o5",
    "fnt_fm_sp2": "futura_o5",
    "fnt_fm_sp3": "inter_n4",
    "fnt_fm_gg1": "Futura",
    "fnt_fm_gg2": "Futura",
    "fnt_fm_gg3": "Inter",
    "bd_lheight": 2,
    "bd_lspacing": 0,
    "hd_ffamily": "1",
    "hd_fweight": 500,
    "hd_lspacing": 0,
    "enable_compe": true,
    "app_review": "2",
    "badge_shape": "3",
    "use_sale_badge": true,
    "label_sale_style": "2",
    "use_new_badge": false,
    "sale_badge_color": "#fd4014",
    "new_badge_color": "#222",
    "show_qty": false,
    "pr_border_style": "2",
    "enable_shadow_round_img": false,
    "gift_wrap_pr": "gift-wrap",
    "btn_arrow": "default",
    "filter_type_search": true,
    "show_search_suggest": true,
    "search_prs_suggest": "bikini",
    "show_search_hotkey": false,
    "currency_type": "1",
    "size_currency": "sm",
    "notify_currency": false,
    "colors_css": true,
    "custom_css_t4s": true,
    "global_css": "",
    "desktop_css": "",
    "tablet_mobile_css": "",
    "tablet_css": ".t4s_nt_se_template--16372497055909__d7c133ba-64ae-4afe-9c6a-ed470c2f26f8 .t4s-col-inner .t4s-text-bl  {\nfont-size:38px}",
    "mobile_css": "",
    "t4s_custom_js": true,
    "share_tumblr": true,
    "share_telegram": false,
    "share_whatsapp": false,
    "social_facebook_link": "#",
    "social_twitter_link": "#",
    "social_instagram_link": "#",
    "social_dribbble_link": "",
    "social_linkedin_link": "#",
    "social_pinterest_link": "#",
    "social_tumblr_link": "",
    "social_snapchat_link": "",
    "social_youtube_link": "",
    "social_vimeo_link": "",
    "social_behance_link": "",
    "social_soundcloud_link": "",
    "social_tiktok_link": "",
    "favicon": "shopify:\/\/shop_images\/k-fav.jpg",
    "pr_btn_round": 40,
    "sections": {
      "title_config": {
        "type": "title_config",
        "blocks": {
          "title_config-0": {
            "type": "title",
            "settings": {
              "color": "#000000",
              "family": "1",
              "size": 36,
              "weight": 500,
              "lh": 36,
              "ls": 0,
              "space": 8,
              "size_mb": 24,
              "lh_mb": 32,
              "ls_mb": 0,
              "space_mb": 8
            }
          },
          "title_config-1": {
            "type": "subtitle",
            "settings": {
              "italic": false,
              "color": "#696969",
              "family": "1",
              "size": 16,
              "weight": 500,
              "lh": 0,
              "ls": 0,
              "space": 0,
              "size_mb": 14,
              "lh_mb": 20,
              "ls_mb": 0,
              "space_mb": 0
            }
          }
        },
        "block_order": [
          "title_config-0",
          "title_config-1"
        ],
        "settings": {
          "design_heading": "1",
          "heading_align": "t4s-text-center",
          "top_heading": "BEST SELLER",
          "icon_heading": "las la-gem",
          "top_subheading": "Top sale in this week",
          "tophead_mb": 30
        }
      },
      "announcement-bar": {
        "type": "announcement-bar",
        "blocks": {
          "announcement-bar-0": {
            "type": "announcement",
            "settings": {
              "link": "",
              "content": "<p>Today deal sale off 70%. End in [countdown]. Hurry Up!!<\/p>",
              "adding_border": false,
              "countdown": "2022\/04\/19",
              "txt_day": "days",
              "dayx": 0
            }
          }
        },
        "block_order": [
          "announcement-bar-0"
        ],
        "settings": {
          "show_announcement": false,
          "effect": "1",
          "au_time": 3.5,
          "height": 41,
          "fontsize": 12,
          "cl": "#878787",
          "bg": "#f6f6f8",
          "bg_op": 100,
          "close": "1",
          "cl_btn": "#ffffff",
          "version": "1",
          "date": 60
        }
      },
      "top-bar": {
        "type": "top-bar",
        "blocks": {
          "203d5ae8-f9f5-42e9-ab4a-87d537c22cbb": {
            "type": "social",
            "settings": {
              "social": "2",
              "hide": true,
              "text_align": "start",
              "col": "3"
            }
          },
          "top-bar-1": {
            "type": "text",
            "settings": {
              "text": "<p>Summer sale discount off <strong>50%<\/strong> use code “SUMMER20”! <a href=\"\/collections\/electric\" title=\"Electric\"><strong>Shop Now<\/strong><\/a><\/p>",
              "adding_border": false,
              "countdown": "2022\/04\/19",
              "txt_day": "days",
              "dayx": 0,
              "effect": "1",
              "au_time": 3.5,
              "fw_bold": 400,
              "cl_a": "#222222",
              "cl_bold": "#ec0101",
              "cl_a_tr": "#ffffff",
              "cl_bold_tr": "#ec0101",
              "hide": false,
              "text_align": "center",
              "col": "6"
            }
          },
          "top-bar-2": {
            "type": "cur",
            "settings": {
              "show_currency": true,
              "show_language": true,
              "use_location": false,
              "txt_location": "Location",
              "url_location": "",
              "open_link": "_self",
              "hide": true,
              "text_align": "end",
              "col": "3"
            }
          }
        },
        "block_order": [
          "203d5ae8-f9f5-42e9-ab4a-87d537c22cbb",
          "top-bar-1",
          "top-bar-2"
        ],
        "settings": {
          "show_topbar": false,
          "topbar_transparent": false,
          "height": 41,
          "fontsize": 12,
          "cl": "#878787",
          "cl_a_hover": "#56cfe1",
          "bg": "#f6f6f8",
          "bg_op": 100,
          "show_border": false,
          "bd_cl": "#000000",
          "cl_tr": "#ffffff",
          "cl_a_hover_tr": "#56cfe1",
          "bg_tr": "#000000",
          "bg_op_tr": 10,
          "show_border_tr": false,
          "bd_cl_tr": "#b3b3b3"
        }
      },
      "pr_item_config": {
        "type": "pr_item_config",
        "blocks": {
          "pr_item_config-0": {
            "type": "1",
            "settings": {
              "heading": "Product desgin 01",
              "addtocart_color": "#ffffff",
              "addtocart_color_hover": "#222222",
              "quickview_color": "#ffffff",
              "quickview_color_hover": "#222222",
              "wishlist_color": "#696969",
              "wishlist_color_hover": "#56cfe1",
              "wishlist_color_active": "#e81e63",
              "compare_color": "#ffffff",
              "compare_color_hover": "#222222",
              "size_list_color": "#ffffff"
            }
          },
          "pr_item_config-1": {
            "type": "2",
            "settings": {
              "heading": "Product desgin 02",
              "addtocart_color": "#ffffff",
              "addtocart_color_hover": "#222222",
              "quickview_color": "#ffffff",
              "quickview_color_hover": "#222222",
              "wishlist_color": "#ffffff",
              "wishlist_color_hover": "#222222",
              "wishlist_color_active": "#fd4014",
              "compare_color": "#ffffff",
              "compare_color_hover": "#222222",
              "size_list_color": "#ffffff"
            }
          },
          "2d440fe4-21d6-435e-80f4-4566e558d149": {
            "type": "3",
            "settings": {
              "heading": "Product desgin 03",
              "addtocart_color": "#ffffff",
              "addtocart_color_hover": "#222222",
              "quickview_color": "#ffffff",
              "quickview_color_hover": "#222222",
              "wishlist_color": "#ffffff",
              "wishlist_color_hover": "#222222",
              "wishlist_color_active": "#e81e63",
              "compare_color": "#ffffff",
              "compare_color_hover": "#222222",
              "size_list_color": "#ffffff"
            }
          },
          "5ffde619-43c1-4298-a7b5-e084f4ac9a6f": {
            "type": "4",
            "settings": {
              "heading": "Product desgin 04",
              "addtocart_color": "#ffffff",
              "addtocart_color_hover": "#222222",
              "quickview_color": "#ffffff",
              "quickview_color_hover": "#222222",
              "wishlist_color": "#ffffff",
              "wishlist_color_hover": "#222222",
              "wishlist_color_active": "#e81e63",
              "compare_color": "#ffffff",
              "compare_color_hover": "#222222",
              "pr_btn_round": 0,
              "size_list_color": "#ffffff"
            }
          },
          "6aaf3ad4-6cce-439a-8b6e-bbc9ecb76afb": {
            "type": "5",
            "settings": {
              "heading": "Product desgin 05",
              "addtocart_color": "#ffffff",
              "addtocart_color_hover": "#222222",
              "quickview_color": "#ffffff",
              "quickview_color_hover": "#222222",
              "wishlist_color": "#ffffff",
              "wishlist_color_hover": "#222222",
              "wishlist_color_active": "#e81e63",
              "compare_color": "#ffffff",
              "compare_color_hover": "#222222",
              "size_list_color": "#ffffff"
            }
          },
          "cfa92121-b4a8-4f0a-839e-71732cb04a38": {
            "type": "6",
            "settings": {
              "heading": "Product desgin 06",
              "atc_style": "default",
              "addtocart_color": "#222222",
              "addtocart_color_hover": "#56cfe1",
              "quickview_color": "#ffffff",
              "quickview_color_hover": "#222222",
              "wishlist_color": "#ffffff",
              "wishlist_color_hover": "#222222",
              "wishlist_color_active": "#e81e63",
              "compare_color": "#ffffff",
              "compare_color_hover": "#222222",
              "size_list_color": "#ffffff"
            }
          },
          "874bf26d-6292-4c95-95ec-4fbe4bf90909": {
            "type": "7",
            "settings": {
              "heading": "Product design 07",
              "atc_style": "default",
              "addtocart_color": "#2453d3",
              "addtocart_color_hover": "#2453d3",
              "quickview_color": "#000000",
              "quickview_color_hover": "#2453d3",
              "wishlist_color": "#000000",
              "wishlist_color_hover": "#2453d3",
              "wishlist_color_active": "#e81e63",
              "compare_color": "#000000",
              "compare_color_hover": "#2453d3",
              "size_list_color": "#ffffff"
            }
          },
          "d14c2101-cc64-44c9-984e-c26c67cea653": {
            "type": "list",
            "settings": {
              "heading": "Product list",
              "content_color": "#878787",
              "addtocart_color": "#2453d3",
              "addtocart_color_hover": "#222222",
              "quickview_color": "#2453d3",
              "quickview_color_hover": "#222222",
              "wishlist_color": "#ffffff",
              "wishlist_color_hover": "#222222",
              "wishlist_color_active": "#e81e63",
              "compare_color": "#ffffff",
              "compare_color_hover": "#222222",
              "size_list_color": "#ffffff"
            }
          },
          "a0316aa9-42b3-45b6-9283-f39533dfeceb": {
            "type": "packery",
            "settings": {
              "heading": "Product packery",
              "pr_title_color": "#ffffff",
              "pr_title_color_hover": "#56cfe1",
              "price_color": "#696969",
              "price_color_second": "#696969",
              "price_sale_color": "#ec0101",
              "addtocart_color": "#ffffff",
              "addtocart_color_hover": "#222222",
              "quickview_color": "#ffffff",
              "quickview_color_hover": "#222222",
              "wishlist_color": "#ffffff",
              "wishlist_color_hover": "#222222",
              "wishlist_color_active": "#e81e63",
              "compare_color": "#ffffff",
              "compare_color_hover": "#222222",
              "size_list_color": "#ffffff"
            }
          }
        },
        "block_order": [
          "pr_item_config-0",
          "pr_item_config-1",
          "2d440fe4-21d6-435e-80f4-4566e558d149",
          "5ffde619-43c1-4298-a7b5-e084f4ac9a6f",
          "6aaf3ad4-6cce-439a-8b6e-bbc9ecb76afb",
          "cfa92121-b4a8-4f0a-839e-71732cb04a38",
          "874bf26d-6292-4c95-95ec-4fbe4bf90909",
          "d14c2101-cc64-44c9-984e-c26c67cea653",
          "a0316aa9-42b3-45b6-9283-f39533dfeceb"
        ],
        "settings": {
          "txt_tr_pr": "none",
          "fnt_df_pr": "1",
          "size_pr": 16,
          "fw_pr": 500,
          "lh_pr": 24,
          "ls_pr": 0,
          "size_price_pr": 14,
          "fw_price_pr": 500,
          "space_img_content": 10,
          "space_elements": 2,
          "swatch_color_size": 16,
          "swatch_color_size_mb": 16,
          "pr_btn_round": 3,
          "pr_title_color": "#222222",
          "pr_title_color_hover": "#fe4014",
          "price_color": "#a5a5a5",
          "price_color_second": "#8c8c8c",
          "price_sale_color": "#f85712",
          "vendors_color": "#8c8c8c",
          "vendors_color_hover": "#fd4014",
          "countdown_color": "#ffffff",
          "countdown_overlay": 10,
          "pr_bg_overlay": "#000000",
          "pr_overlay": 10
        }
      },
      "footer": {
        "type": "footer",
        "blocks": {
          "b7e36c45-7b4e-4e59-a144-7d37d539aeea": {
            "type": "bl_col",
            "settings": {
              "col_heading": "Categories",
              "menu": "bikini-categories",
              "menu_style": "1",
              "col_border": "none",
              "col_dk": "2",
              "col_tb": "6",
              "col_mb": "12",
              "content_align": "t4s-text-lg-start",
              "padding_inner": "",
              "content_align_tb": "t4s-text-md-start",
              "padding_inner_tb": "",
              "col_heading_mobile": "",
              "content_align_mb": "t4s-text-start",
              "padding_inner_mb": ""
            }
          },
          "2c1a7122-6c1d-407e-ab96-c9ae16fb299b": {
            "type": "bl_col",
            "settings": {
              "col_heading": "Information",
              "menu": "bikini-infomation",
              "menu_style": "1",
              "col_border": "none",
              "col_dk": "2",
              "col_tb": "6",
              "col_mb": "12",
              "content_align": "t4s-text-lg-start",
              "padding_inner": ",,,20px",
              "content_align_tb": "t4s-text-md-start",
              "padding_inner_tb": ",,,0px",
              "col_heading_mobile": "",
              "content_align_mb": "t4s-text-start",
              "padding_inner_mb": ",,,0px"
            }
          },
          "414c6362-c95b-437d-b350-ee0e72fbe2e4": {
            "type": "bl_col",
            "settings": {
              "col_heading": "About",
              "menu": "bikini-about-us",
              "menu_style": "1",
              "col_border": "none",
              "col_dk": "2",
              "col_tb": "6",
              "col_mb": "12",
              "content_align": "t4s-text-lg-start",
              "padding_inner": ",,,40px",
              "content_align_tb": "t4s-text-md-start",
              "padding_inner_tb": ",,,0px",
              "col_heading_mobile": "",
              "content_align_mb": "t4s-text-start",
              "padding_inner_mb": ",,,0px"
            }
          },
          "f4877c72-1a8a-4270-8a5b-10047c823b1e": {
            "type": "bl_col",
            "settings": {
              "col_heading": "Services",
              "menu": "bikini-services",
              "menu_style": "1",
              "col_border": "none",
              "col_dk": "2",
              "col_tb": "6",
              "col_mb": "12",
              "content_align": "t4s-text-lg-start",
              "padding_inner": ",,,60px",
              "content_align_tb": "t4s-text-md-start",
              "padding_inner_tb": ",,,0px",
              "col_heading_mobile": "Services",
              "content_align_mb": "t4s-text-start",
              "padding_inner_mb": ",,,0px"
            }
          },
          "8ca8547e-76e4-4c68-be54-3edcdaf6a6d2": {
            "type": "bl_col",
            "settings": {
              "col_heading": "Sign Up Newsletter",
              "menu": "",
              "menu_style": "1",
              "col_border": "none",
              "col_dk": "4",
              "col_tb": "6",
              "col_mb": "12",
              "content_align": "t4s-text-lg-start",
              "padding_inner": ",25px,,80px",
              "content_align_tb": "t4s-text-md-start",
              "padding_inner_tb": ",0px,0px,0px",
              "col_heading_mobile": "Sign Up Newsletter",
              "content_align_mb": "t4s-text-start",
              "padding_inner_mb": ""
            }
          },
          "a0bf9d02-bb38-4605-bf6a-c768030f9dfb": {
            "type": "custom_text",
            "settings": {
              "text": "Subscribe to our newsletter and get 10% off your first purchase",
              "remove_br_tag": false,
              "tag": "p",
              "fontf": "1",
              "text_cl": "#696969",
              "text_fs": 15,
              "text_lh": 24,
              "text_fw": 500,
              "text_ls": 0,
              "font_italic": false,
              "text_shadow": false,
              "text_mgb": 25,
              "hidden_mobile": false,
              "text_fs_mb": 16,
              "text_lh_mb": 24,
              "text_ls_mb": 0,
              "text_mgb_mobile": 10
            }
          },
          "dede88c1-d5ba-431a-ba37-7aa272ecce61": {
            "type": "newsletter",
            "settings": {
              "form_width": 460,
              "form_width_mb": 400,
              "newl_des": "15",
              "news_align": "start",
              "newl_size": "medium",
              "btn_icon": true,
              "input_cl": "#696969",
              "border_cl": "#cdd0dd",
              "btn_cl": "#131728",
              "btn_bg_cl": "#fd4014",
              "btn_hover_cl": "#000000",
              "btn_hover_bg_cl": "#ffffff",
              "hidden_mobile": false,
              "mgb": 25,
              "mgb_mb": 10
            }
          },
          "c8088276-7177-44a6-90af-d71298e3e0ac": {
            "type": "image",
            "settings": {
              "image_child": "shopify:\/\/shop_images\/image_3.svg",
              "link_img": "",
              "img_width": 208,
              "img_width_mb": 150,
              "mgb": 20,
              "mgb_mb": 20
            }
          }
        },
        "block_order": [
          "b7e36c45-7b4e-4e59-a144-7d37d539aeea",
          "2c1a7122-6c1d-407e-ab96-c9ae16fb299b",
          "414c6362-c95b-437d-b350-ee0e72fbe2e4",
          "f4877c72-1a8a-4270-8a5b-10047c823b1e",
          "8ca8547e-76e4-4c68-be54-3edcdaf6a6d2",
          "a0bf9d02-bb38-4605-bf6a-c768030f9dfb",
          "dede88c1-d5ba-431a-ba37-7aa272ecce61",
          "c8088276-7177-44a6-90af-d71298e3e0ac"
        ],
        "custom_css": [
          "@media (min-width: 1024px) {.t4s-newsletter__email {font-size: 15px; font-weight: 500; }}",
          ".t4s-newsletter__text:hover {color: var(--accent-color);}",
          ".t4s-newsl-des-15 .t4s-newsletter__inner .t4s-newsletter__submit svg {margin-top: 3px;}"
        ],
        "settings": {
          "sticky": false,
          "collapse": true,
          "border_top": false,
          "enable_follow_on_shop": false,
          "border_pos": "in",
          "space_h_item": "30",
          "space_v_item": "30",
          "space_h_item_tb": "15",
          "space_v_item_tb": "30",
          "space_h_item_mb": "10",
          "space_v_item_mb": "30",
          "heading_fontf": "inherit",
          "heading_fs": 20,
          "heading_lh": 24,
          "heading_fw": 500,
          "heading_ls": 0,
          "mgb": 32,
          "mgb_mb": 20,
          "text_fs": 15,
          "text_fw": 500,
          "heading_cl": "#1f1f27",
          "text_cl": "#696969",
          "link_cl": "#696969",
          "link_hover_cl": "#fd4014",
          "border_cl": "#6a6a6a",
          "layout": "t4s-container-wrap",
          "cl_bg": "#f6f6f8",
          "cl_bg_gradient": "",
          "mg": "135px,,,",
          "pd": "120px,,120px,",
          "mg_tb": "50px,,,",
          "pd_tb": "60px,,60px,",
          "mg_mb": "30px,,,",
          "pd_mb": "40px,,40px,"
        }
      },
      "bottom-bar": {
        "type": "bottom-bar",
        "blocks": {
          "bottom-bar-0": {
            "type": "bl_col",
            "settings": {
              "col_heading": "",
              "menu": "",
              "col_dk": "6",
              "col_tb": "6",
              "col_mb": "12",
              "content_align": "t4s-text-md-start",
              "padding_inner": "",
              "col_heading_mobile": "",
              "content_align_mb": "t4s-text-center",
              "padding_inner_mb": ""
            }
          },
          "bottom-bar-1": {
            "type": "copyR",
            "settings": {
              "text": "All Rights Reserved © [year] <a href=\"https:\/\/1.envato.market\/Eamba9\" class=\"t4s-color-accent\">Kalles<\/a> store - Developed by <a class=\"t4s-csecondary\" href=\"https:\/\/the4.co\/?utm_source=Kalles-Demo&amp;utm_medium=Copyright\"> The4 <\/a>",
              "mgb": 0,
              "mgb_mb": 0
            }
          },
          "bottom-bar-2": {
            "type": "bl_col",
            "settings": {
              "col_heading": "",
              "menu": "",
              "col_dk": "6",
              "col_tb": "6",
              "col_mb": "12",
              "content_align": "t4s-text-md-end",
              "padding_inner": "",
              "col_heading_mobile": "",
              "content_align_mb": "t4s-text-center",
              "padding_inner_mb": ""
            }
          },
          "bottom-bar-3": {
            "type": "cus_menu",
            "settings": {
              "menu": "footer"
            }
          }
        },
        "block_order": [
          "bottom-bar-0",
          "bottom-bar-1",
          "bottom-bar-2",
          "bottom-bar-3"
        ],
        "settings": {
          "hidden_bottombar": false,
          "border_top": false,
          "border_pos": "in",
          "space_h_item": "0",
          "space_v_item": "0",
          "space_h_item_mb": "0",
          "space_v_item_mb": "0",
          "heading_fontf": "inherit",
          "heading_fs": 16,
          "heading_lh": 22,
          "heading_fw": 500,
          "heading_ls": 0,
          "mgb": 30,
          "mgb_mb": 20,
          "text_fs": 15,
          "text_fw": 500,
          "heading_cl": "#222222",
          "text_cl": "#131728",
          "link_cl": "#131728",
          "link_hover_cl": "#e74c3c",
          "border_cl": "#e6e6e6",
          "layout": "t4s-container-wrap",
          "cl_bg": "",
          "cl_bg_gradient": "",
          "mg": ",,,",
          "pd": "18px,0,10px,",
          "mg_tb": ",,,",
          "pd_tb": "",
          "mg_mb": ",,,",
          "pd_mb": "18px,0,10px,"
        }
      },
      "toolbar_mobile": {
        "type": "toolbar_mobile",
        "blocks": {
          "toolbar_mobile-0": {
            "type": "shop",
            "settings": {
              "title": "Shop",
              "link": "bikini"
            }
          },
          "toolbar_mobile-1": {
            "type": "wish",
            "settings": {
              "title": "Wishlist"
            }
          },
          "toolbar_mobile-2": {
            "type": "cart",
            "settings": {
              "title": "Cart"
            }
          },
          "toolbar_mobile-3": {
            "type": "account",
            "settings": {
              "title": "Account"
            }
          },
          "toolbar_mobile-4": {
            "type": "search",
            "settings": {
              "title": "Search"
            }
          }
        },
        "block_order": [
          "toolbar_mobile-0",
          "toolbar_mobile-1",
          "toolbar_mobile-2",
          "toolbar_mobile-3",
          "toolbar_mobile-4"
        ],
        "settings": {
          "enable_toolbar": true,
          "show_txt": true,
          "bg_color": "#ffffff",
          "icon_color": "#222222",
          "label_color": "#222222",
          "count_bg_color": "#000000",
          "count_text_color": "#ffffff"
        }
      },
      "back_top": {
        "type": "back_top",
        "settings": {
          "enable_backtop": true,
          "enable_hidden_mobile": false,
          "backtop_des": "1",
          "enable_progress_bar": true,
          "border_cl": "#f5f5f5",
          "border_cl_active": "#000000"
        }
      },
      "btn_config": {
        "type": "btn_config",
        "blocks": {
          "btn_config-0": {
            "type": "custom1",
            "settings": {
              "color_primary": "#ffffff",
              "color_second": "#e74c3c",
              "color_primary_hover": "#fd4014",
              "color_second_hover": "#ffffff"
            }
          },
          "7f18f586-8ca8-4433-b97a-419550b517f5": {
            "type": "custom2",
            "settings": {
              "color_primary": "#f7f7f7",
              "color_second": "#222222",
              "color_primary_hover": "#0048ff",
              "color_second_hover": "#222222"
            }
          }
        },
        "block_order": [
          "btn_config-0",
          "7f18f586-8ca8-4433-b97a-419550b517f5"
        ],
        "settings": {
          "fnt_fm_button": "--font-family-1",
          "btn_fw": 600,
          "btn_bdr": 0,
          "other_radius": 0,
          "button_effect": "default"
        }
      },
      "mega-menu": {
        "type": "mega-menu",
        "blocks": {
          "583a30c7-369d-4a64-a51d-ca53c1685206": {
            "type": "mega",
            "settings": {
              "id": 1
            }
          },
          "d95fe7d1-b368-4577-b24a-a93d0152aadd": {
            "type": "html",
            "settings": {
              "html": "",
              "page": "demos-short",
              "col": "12"
            }
          },
          "45fa281e-2be5-4727-bd01-942824713769": {
            "type": "mega",
            "settings": {
              "id": 2
            }
          },
          "02beea21-3cb9-41ce-a1ab-04ae44b7f47e": {
            "type": "link",
            "settings": {
              "tt_hd": "SHOP PAGES",
              "url": "",
              "open_link": "_self",
              "menu": "shop-pages",
              "col": "2"
            }
          },
          "ff494243-e58b-40e9-a2ea-e64ccd58a624": {
            "type": "link",
            "settings": {
              "tt_hd": "FEATURES",
              "url": "",
              "open_link": "_self",
              "menu": "shop-features",
              "col": "2"
            }
          },
          "f6f32f00-a579-45d5-92cd-3d8e5b50bf00": {
            "type": "link",
            "settings": {
              "tt_hd": "Hover Style",
              "url": "",
              "open_link": "_self",
              "menu": "hover-style",
              "col": "2"
            }
          },
          "cec6a189-3084-497a-b4a8-b391531b2503": {
            "type": "cat",
            "settings": {
              "collection": "bikini",
              "collection_title": "BEST SELLER",
              "collection_subtitle": "",
              "image": "shopify:\/\/shop_images\/pr1_89b6a623-9333-4d89-902c-9088ebb4c771.jpg",
              "collection_des": "1",
              "title_cl": "#ffffff",
              "title_cl_hover": "#222222",
              "subtitle_cl": "#878787",
              "count_cl": "#222222",
              "border_cl": "#e5e5e5",
              "open_link": "_self",
              "space_bottom": 20,
              "space_bottom_mb": 10,
              "border": false,
              "item_pd": 0,
              "item_rd": 0,
              "img_effect": "zoom",
              "b_effect": "none",
              "image_ratio": "rationt",
              "image_size": "cover",
              "image_position": "8",
              "collection_link": "",
              "col": "3"
            }
          },
          "b0b18ae6-a7f3-495a-a966-1b3bb343e99d": {
            "type": "cat",
            "settings": {
              "collection": "bikini",
              "collection_title": "ONE-PIECE",
              "collection_subtitle": "",
              "image": "shopify:\/\/shop_images\/pr7_1bd3461a-4f1c-4ca6-81d5-d2091b4f3ef1.jpg",
              "collection_des": "1",
              "title_cl": "#ffffff",
              "title_cl_hover": "#222222",
              "subtitle_cl": "#878787",
              "count_cl": "#222222",
              "border_cl": "#e5e5e5",
              "open_link": "_self",
              "space_bottom": 20,
              "space_bottom_mb": 10,
              "border": false,
              "item_pd": 0,
              "item_rd": 0,
              "img_effect": "zoom",
              "b_effect": "none",
              "image_ratio": "rationt",
              "image_size": "cover",
              "image_position": "8",
              "collection_link": "",
              "col": "3"
            }
          },
          "5bdb6eec-e820-4415-ac9b-9c6096eb20c1": {
            "type": "mega",
            "settings": {
              "id": 3
            }
          },
          "cc1a7875-8010-421e-b69c-efc19a6043d6": {
            "type": "link",
            "settings": {
              "tt_hd": "PRODUCT LAYOUTS",
              "url": "",
              "open_link": "_self",
              "menu": "product-layouts",
              "col": "3"
            }
          },
          "e17e717c-01e0-4704-92bc-92c339ee6148": {
            "type": "link",
            "settings": {
              "tt_hd": "PRODUCT DETAILS",
              "url": "",
              "open_link": "_self",
              "menu": "product-details",
              "col": "3"
            }
          },
          "27ca598d-2e3f-44fc-a790-64783d37de5e": {
            "type": "link",
            "settings": {
              "tt_hd": "PRODUCT SWATCH",
              "url": "",
              "open_link": "_self",
              "menu": "product-swatch",
              "col": "3"
            }
          },
          "bdfaa837-86a3-4159-805a-668060142b0d": {
            "type": "link",
            "settings": {
              "tt_hd": "PRODUCT FEATURES",
              "url": "",
              "open_link": "_self",
              "menu": "product-features",
              "col": "3"
            }
          },
          "5952e385-42a5-4603-9be9-64b76f15ef48": {
            "type": "mega",
            "settings": {
              "id": 4
            }
          },
          "400a038a-cb32-4aae-a66d-7d4cd404ccd6": {
            "type": "link2",
            "settings": {
              "col": "2",
              "menu": "bikini-categories"
            }
          },
          "41ee689a-9ef7-46ab-a5a6-5fa4776a9af6": {
            "type": "pr",
            "settings": {
              "collection": "bikini",
              "product_des": "1",
              "show_vendor": false,
              "use_cdt": false,
              "image_ratio": "rationt",
              "image_size": "cover",
              "image_position": "8",
              "content_align": "default",
              "limit": 6,
              "col_dk": "4",
              "space_h_item": "30",
              "space_v_item": "30",
              "layout_des": "2",
              "nav_btn": true,
              "btn_vi": "always",
              "btn_owl": "outline",
              "btn_shape": "round",
              "btn_cl": "dark",
              "btn_size": "small",
              "btn_hidden_mobile": true,
              "col": "10"
            }
          },
          "bf024582-34f7-430d-83cb-162805521c80": {
            "type": "mega",
            "settings": {
              "id": 5
            }
          },
          "591443f5-a85a-4543-8da4-bd6005b869c7": {
            "type": "link",
            "settings": {
              "tt_hd": "Portfolio",
              "url": "",
              "open_link": "_self",
              "menu": "portfolio",
              "col": "3"
            }
          },
          "1f90cea5-04fb-4ef3-822b-5f987845e5c4": {
            "type": "link",
            "settings": {
              "tt_hd": "HEADER LAYOUTS",
              "url": "",
              "open_link": "_self",
              "menu": "header-layouts",
              "col": "3"
            }
          },
          "d4a558a8-7f26-4259-9795-1831014aa833": {
            "type": "link",
            "settings": {
              "tt_hd": "FEATURES",
              "url": "",
              "open_link": "_self",
              "menu": "features-page",
              "col": "3"
            }
          },
          "1f1e2466-17a5-4e20-bc44-07a3ef8bdba6": {
            "type": "link",
            "settings": {
              "tt_hd": "Other pages",
              "url": "",
              "open_link": "_self",
              "menu": "other-pages",
              "col": "3"
            }
          },
          "758ddd07-8ea5-4c0e-80a1-e7eef279fa5f": {
            "type": "mega",
            "settings": {
              "id": 6
            }
          },
          "5665b9cc-d2a6-42e0-b267-e4b36da8a05e": {
            "type": "link",
            "settings": {
              "tt_hd": "BLOG LAYOUT",
              "url": "https:\/\/demo-kalles-4-1.myshopify.com\/blogs\/fashion\/?preview_theme_id=",
              "open_link": "_self",
              "menu": "blog",
              "col": "4"
            }
          },
          "552902be-02b1-40ca-8475-982bbdb75ed7": {
            "type": "blogs",
            "settings": {
              "blog": "bikini",
              "post_des": "1",
              "show_cate": false,
              "show_tags": true,
              "show_cnt": false,
              "show_au": true,
              "show_dt": true,
              "show_cm": false,
              "show_rm": true,
              "show_irm": false,
              "date": "date",
              "content_align": "t4s-text-center",
              "limit": 8,
              "img_effect": "zoom",
              "b_effect": "none",
              "image_ratio": "ratio4_3",
              "image_size": "cover",
              "image_position": "8",
              "col_dk": "2",
              "space_h_item": "30",
              "space_v_item": "30",
              "layout_des": "2",
              "nav_btn": true,
              "btn_vi": "always",
              "btn_owl": "outline",
              "btn_shape": "round",
              "btn_cl": "dark",
              "btn_size": "small",
              "btn_hidden_mobile": true,
              "col": "8"
            }
          },
          "15e562c4-24d7-4820-bcf6-c40ddcc06bd5": {
            "type": "mega",
            "settings": {
              "id": 10
            }
          },
          "30b752a6-b226-467a-97ea-47df8bffc22c": {
            "type": "link",
            "settings": {
              "tt_hd": "FEATURES",
              "url": "",
              "open_link": "_self",
              "menu": "features-page",
              "col": "4"
            }
          },
          "ea88a48c-afb3-42b0-9a5a-57f58d4b7890": {
            "type": "blogs",
            "settings": {
              "blog": "bikini",
              "post_des": "5",
              "show_cate": false,
              "show_tags": false,
              "show_cnt": false,
              "show_au": false,
              "show_dt": false,
              "show_cm": false,
              "show_rm": true,
              "show_irm": false,
              "date": "date",
              "content_align": "t4s-text-center",
              "limit": 8,
              "img_effect": "zoom",
              "b_effect": "none",
              "image_ratio": "ratio4_3",
              "image_size": "cover",
              "image_position": "8",
              "col_dk": "2",
              "space_h_item": "30",
              "space_v_item": "30",
              "layout_des": "2",
              "nav_btn": true,
              "btn_vi": "always",
              "btn_owl": "outline",
              "btn_shape": "round",
              "btn_cl": "dark",
              "btn_size": "small",
              "btn_hidden_mobile": true,
              "col": "8"
            }
          }
        },
        "block_order": [
          "583a30c7-369d-4a64-a51d-ca53c1685206",
          "d95fe7d1-b368-4577-b24a-a93d0152aadd",
          "45fa281e-2be5-4727-bd01-942824713769",
          "02beea21-3cb9-41ce-a1ab-04ae44b7f47e",
          "ff494243-e58b-40e9-a2ea-e64ccd58a624",
          "f6f32f00-a579-45d5-92cd-3d8e5b50bf00",
          "cec6a189-3084-497a-b4a8-b391531b2503",
          "b0b18ae6-a7f3-495a-a966-1b3bb343e99d",
          "5bdb6eec-e820-4415-ac9b-9c6096eb20c1",
          "cc1a7875-8010-421e-b69c-efc19a6043d6",
          "e17e717c-01e0-4704-92bc-92c339ee6148",
          "27ca598d-2e3f-44fc-a790-64783d37de5e",
          "bdfaa837-86a3-4159-805a-668060142b0d",
          "5952e385-42a5-4603-9be9-64b76f15ef48",
          "400a038a-cb32-4aae-a66d-7d4cd404ccd6",
          "41ee689a-9ef7-46ab-a5a6-5fa4776a9af6",
          "bf024582-34f7-430d-83cb-162805521c80",
          "591443f5-a85a-4543-8da4-bd6005b869c7",
          "1f90cea5-04fb-4ef3-822b-5f987845e5c4",
          "d4a558a8-7f26-4259-9795-1831014aa833",
          "1f1e2466-17a5-4e20-bc44-07a3ef8bdba6",
          "758ddd07-8ea5-4c0e-80a1-e7eef279fa5f",
          "5665b9cc-d2a6-42e0-b267-e4b36da8a05e",
          "552902be-02b1-40ca-8475-982bbdb75ed7",
          "15e562c4-24d7-4820-bcf6-c40ddcc06bd5",
          "30b752a6-b226-467a-97ea-47df8bffc22c",
          "ea88a48c-afb3-42b0-9a5a-57f58d4b7890"
        ],
        "settings": {
          "bg": "#ffffff"
        }
      },
      "mb_nav": {
        "type": "mb_nav",
        "blocks": {
          "mb_nav-0": {
            "type": "menu",
            "settings": {
              "title": "Homepages group 1",
              "url": "",
              "open_link": "_self",
              "menu": "home-page-1",
              "lb": "",
              "lb_cl": "",
              "icons_op": "2",
              "icon": ""
            }
          },
          "b680f5c5-0ac7-43f8-a5b5-9d831058804f": {
            "type": "menu",
            "settings": {
              "title": "Homepages group 2",
              "url": "",
              "open_link": "_self",
              "menu": "home-page-2",
              "lb": "",
              "lb_cl": "",
              "icons_op": "0",
              "icon": "las la-chair"
            }
          },
          "mb_nav-1": {
            "type": "menu",
            "settings": {
              "title": "Shop",
              "url": "shopify:\/\/collections\/women",
              "open_link": "_self",
              "menu": "mobile-shop-menu",
              "lb": "",
              "lb_cl": "",
              "icons_op": "2",
              "icon": ""
            }
          },
          "mb_nav-2": {
            "type": "menu",
            "settings": {
              "title": "Product",
              "url": "shopify:\/\/products\/analogue-resin-strap",
              "open_link": "_self",
              "menu": "mobile-products-mobile",
              "lb": "",
              "lb_cl": "",
              "icons_op": "2",
              "icon": ""
            }
          },
          "25fa7ecf-2db0-4747-b093-a1299099917e": {
            "type": "menu",
            "settings": {
              "title": "Portfolio",
              "url": "",
              "open_link": "_self",
              "menu": "portfolio",
              "lb": "",
              "lb_cl": "",
              "icons_op": "2",
              "icon": ""
            }
          },
          "58800ed8-befe-449a-b8f8-ea86620bef6f": {
            "type": "menu",
            "settings": {
              "title": "Lookbook",
              "url": "",
              "open_link": "_self",
              "menu": "lookbook",
              "lb": "",
              "lb_cl": "",
              "icons_op": "2",
              "icon": ""
            }
          },
          "mb_nav-3": {
            "type": "menu",
            "settings": {
              "title": "Blog",
              "url": "shopify:\/\/blogs\/fashion",
              "open_link": "_self",
              "menu": "blog",
              "lb": "",
              "lb_cl": "",
              "icons_op": "2",
              "icon": ""
            }
          },
          "5c7f45e6-07ab-415c-8de8-1ee1ce723e7e": {
            "type": "menu",
            "settings": {
              "title": "Buy Theme",
              "url": "https:\/\/bit.ly\/2yrciwf",
              "open_link": "_self",
              "menu": "",
              "lb": "",
              "lb_cl": "",
              "icons_op": "0",
              "icon": "las la-chair"
            }
          },
          "mb_nav-4": {
            "type": "wis",
            "settings": {
            }
          },
          "mb_nav-5": {
            "type": "sea",
            "settings": {
            }
          },
          "mb_nav-6": {
            "type": "acc",
            "settings": {
            }
          },
          "mb_nav-7": {
            "type": "help",
            "settings": {
              "title": "Need help?",
              "text": "<a href=\"tel:%20+0123456789\">\n<svg xmlns=\"http:\/\/www.w3.org\/2000\/svg\" viewbox=\"0 0 32 32\" fill=\"currentColor\"><path d=\"M 8.65625 3 C 8.132813 3 7.617188 3.1875 7.1875 3.53125 L 7.125 3.5625 L 7.09375 3.59375 L 3.96875 6.8125 L 4 6.84375 C 3.035156 7.734375 2.738281 9.066406 3.15625 10.21875 C 3.160156 10.226563 3.152344 10.242188 3.15625 10.25 C 4.003906 12.675781 6.171875 17.359375 10.40625 21.59375 C 14.65625 25.84375 19.402344 27.925781 21.75 28.84375 L 21.78125 28.84375 C 22.996094 29.25 24.3125 28.960938 25.25 28.15625 L 28.40625 25 C 29.234375 24.171875 29.234375 22.734375 28.40625 21.90625 L 24.34375 17.84375 L 24.3125 17.78125 C 23.484375 16.953125 22.015625 16.953125 21.1875 17.78125 L 19.1875 19.78125 C 18.464844 19.433594 16.742188 18.542969 15.09375 16.96875 C 13.457031 15.40625 12.621094 13.609375 12.3125 12.90625 L 14.3125 10.90625 C 15.152344 10.066406 15.167969 8.667969 14.28125 7.84375 L 14.3125 7.8125 L 14.21875 7.71875 L 10.21875 3.59375 L 10.1875 3.5625 L 10.125 3.53125 C 9.695313 3.1875 9.179688 3 8.65625 3 Z M 8.65625 5 C 8.730469 5 8.804688 5.035156 8.875 5.09375 L 12.875 9.1875 L 12.96875 9.28125 C 12.960938 9.273438 13.027344 9.378906 12.90625 9.5 L 10.40625 12 L 9.9375 12.4375 L 10.15625 13.0625 C 10.15625 13.0625 11.304688 16.136719 13.71875 18.4375 L 13.9375 18.625 C 16.261719 20.746094 19 21.90625 19 21.90625 L 19.625 22.1875 L 22.59375 19.21875 C 22.765625 19.046875 22.734375 19.046875 22.90625 19.21875 L 27 23.3125 C 27.171875 23.484375 27.171875 23.421875 27 23.59375 L 23.9375 26.65625 C 23.476563 27.050781 22.988281 27.132813 22.40625 26.9375 C 20.140625 26.046875 15.738281 24.113281 11.8125 20.1875 C 7.855469 16.230469 5.789063 11.742188 5.03125 9.5625 C 4.878906 9.15625 4.988281 8.554688 5.34375 8.25 L 5.40625 8.1875 L 8.4375 5.09375 C 8.507813 5.035156 8.582031 5 8.65625 5 Z\"><\/path><\/svg> +01 23456789<\/a>\n<br>\n<a href=\"mailto:kalles@domain.com\">\n<svg xmlns=\"http:\/\/www.w3.org\/2000\/svg\" viewbox=\"0 0 32 32\" fill=\"currentColor\"><path d=\"M 3 8 L 3 26 L 29 26 L 29 8 Z M 7.3125 10 L 24.6875 10 L 16 15.78125 Z M 5 10.875 L 15.4375 17.84375 L 16 18.1875 L 16.5625 17.84375 L 27 10.875 L 27 24 L 5 24 Z\"><\/path><\/svg>\nkalles@domain.com<\/a>\n<style>.t4s-menu_infos_text a{border:0!important}<\/style>"
            }
          },
          "mb_nav-8": {
            "type": "lang",
            "settings": {
            }
          },
          "mb_nav-9": {
            "type": "cur",
            "settings": {
            }
          }
        },
        "block_order": [
          "mb_nav-0",
          "b680f5c5-0ac7-43f8-a5b5-9d831058804f",
          "mb_nav-1",
          "mb_nav-2",
          "25fa7ecf-2db0-4747-b093-a1299099917e",
          "58800ed8-befe-449a-b8f8-ea86620bef6f",
          "mb_nav-3",
          "5c7f45e6-07ab-415c-8de8-1ee1ce723e7e",
          "mb_nav-4",
          "mb_nav-5",
          "mb_nav-6",
          "mb_nav-7",
          "mb_nav-8",
          "mb_nav-9"
        ],
        "settings": {
        }
      },
      "mb_cat": {
        "type": "mb_cat",
        "blocks": {
          "f03a2313-84f9-4ce7-af4d-0a2ec38cb860": {
            "type": "cat",
            "settings": {
              "cat": "women",
              "title": "Women’s Clothing",
              "url": "",
              "menu": "",
              "lb": "",
              "lb_cl": "#e91e63",
              "icons_op": "2",
              "icon": "las la-female"
            }
          },
          "f4a35f80-4e7d-4014-adbc-7b2fd7858b92": {
            "type": "cat",
            "settings": {
              "cat": "men",
              "title": "Men’s Clothing",
              "url": "",
              "menu": "",
              "lb": "",
              "lb_cl": "#e91e63",
              "icons_op": "2",
              "icon": "las la-male"
            }
          },
          "a7417cbd-5494-47f5-939f-846413f93756": {
            "type": "cat",
            "settings": {
              "cat": "watches",
              "title": "Watches",
              "url": "",
              "menu": "",
              "lb": "",
              "lb_cl": "#e91e63",
              "icons_op": "2",
              "icon": "las la-clock"
            }
          },
          "cc4f8bf3-b555-4ec8-abbf-0550baab0110": {
            "type": "cat",
            "settings": {
              "cat": "accessories",
              "title": "Accessories",
              "url": "",
              "menu": "",
              "lb": "",
              "lb_cl": "#e91e63",
              "icons_op": "2",
              "icon": "las la-glasses"
            }
          },
          "105ae66a-c868-49af-8eaa-f2da5085f0e3": {
            "type": "cat",
            "settings": {
              "cat": "electric",
              "title": "Electric",
              "url": "",
              "menu": "",
              "lb": "",
              "lb_cl": "#e91e63",
              "icons_op": "2",
              "icon": "las la-camera-retro"
            }
          },
          "3de6db21-79e9-41b8-a318-a92371cda9fc": {
            "type": "cat",
            "settings": {
              "cat": "shoes",
              "title": "Shoes",
              "url": "",
              "menu": "",
              "lb": "",
              "lb_cl": "#e91e63",
              "icons_op": "2",
              "icon": "las la-shoe-prints"
            }
          },
          "4bf23bfd-b1a6-480a-b5df-216c60615774": {
            "type": "cat",
            "settings": {
              "cat": "jewellery",
              "title": "Jewellery",
              "url": "",
              "menu": "",
              "lb": "",
              "lb_cl": "#e91e63",
              "icons_op": "2",
              "icon": "las la-gem"
            }
          },
          "2d16f160-ac4b-4c6c-9140-bd49e2b2fd0e": {
            "type": "cat",
            "settings": {
              "cat": "toys",
              "title": "Toys, Kids & Baby",
              "url": "",
              "menu": "",
              "lb": "",
              "lb_cl": "#e91e63",
              "icons_op": "2",
              "icon": "las la-child"
            }
          },
          "0f345d5e-61b0-41ee-98a6-cf7a5f93c8d7": {
            "type": "cat",
            "settings": {
              "cat": "home-decor",
              "title": "Decor",
              "url": "",
              "menu": "",
              "lb": "",
              "lb_cl": "#e91e63",
              "icons_op": "2",
              "icon": "las la-chair"
            }
          }
        },
        "block_order": [
          "f03a2313-84f9-4ce7-af4d-0a2ec38cb860",
          "f4a35f80-4e7d-4014-adbc-7b2fd7858b92",
          "a7417cbd-5494-47f5-939f-846413f93756",
          "cc4f8bf3-b555-4ec8-abbf-0550baab0110",
          "105ae66a-c868-49af-8eaa-f2da5085f0e3",
          "3de6db21-79e9-41b8-a318-a92371cda9fc",
          "4bf23bfd-b1a6-480a-b5df-216c60615774",
          "2d16f160-ac4b-4c6c-9140-bd49e2b2fd0e",
          "0f345d5e-61b0-41ee-98a6-cf7a5f93c8d7"
        ],
        "settings": {
        }
      },
      "mini_cart": {
        "type": "mini_cart",
        "blocks": {
          "mini_cart-0": {
            "type": "price",
            "settings": {
            }
          },
          "mini_cart-1": {
            "type": "tax",
            "settings": {
            }
          },
          "mini_cart-2": {
            "type": "agree",
            "settings": {
            }
          },
          "mini_cart-3": {
            "type": "btnc",
            "settings": {
              "btn_icon": false,
              "button_style": "default",
              "btn_cl": "dark",
              "button_effect": "default"
            }
          },
          "mini_cart-4": {
            "type": "btnck",
            "settings": {
              "btn_icon": false,
              "button_style": "default",
              "btn_cl": "primary",
              "button_effect": "default"
            }
          },
          "mini_cart-5": {
            "type": "img",
            "settings": {
              "svg": "amazon_payments,google_pay,master,paypal,visa",
              "height": 30
            }
          },
          "mini_cart-6": {
            "type": "btn",
            "settings": {
              "title": "Return To Shop",
              "url": "",
              "btn_icon": false,
              "button_style": "default",
              "btn_cl": "primary",
              "button_effect": "fade"
            }
          }
        },
        "block_order": [
          "mini_cart-0",
          "mini_cart-1",
          "mini_cart-2",
          "mini_cart-3",
          "mini_cart-4",
          "mini_cart-5",
          "mini_cart-6"
        ],
        "settings": {
          "style": "1",
          "pos": "2",
          "enable_pr": true,
          "enable_calc_ship": true,
          "enable_note": true,
          "enable_rates": true,
          "enable_discount": true,
          "enable_gift_wrap": true,
          "ship_df_country": "United States"
        }
      },
      "slider_config": {
        "type": "slider_config",
        "blocks": {
          "bdf57e1a-79ee-4b78-aafa-06ac279988b4": {
            "type": "custom1",
            "settings": {
              "btn_color_primary": "#ffffff",
              "btn_color_second": "#e74c3c",
              "btn_color_primary_hover": "#ff4e00",
              "btn_color_second_hover": "#ffffff"
            }
          }
        },
        "block_order": [
          "bdf57e1a-79ee-4b78-aafa-06ac279988b4"
        ],
        "settings": {
          "btn_vi": "hover",
          "btn_owl": "default",
          "btn_shape": "none",
          "btn_size": "small",
          "dot_owl": "default",
          "dots_round": true,
          "dots_space": 10
        }
      },
      "search-hidden": {
        "type": "search-hidden",
        "settings": {
        }
      },
      "login-sidebar": {
        "type": "login-sidebar",
        "settings": {
          "content_align": "start",
          "btn_width": "full",
          "button_style": "default",
          "btns_size": "medium",
          "btns_cl": "primary",
          "button_effect": "default"
        }
      },
      "main-qv": {
        "type": "main-qv",
        "blocks": {
          "main-qv-0": {
            "type": "title",
            "settings": {
              "txt_tr_pr": "none",
              "fnt_df_pr": "1",
              "size_pr": 16,
              "fw_pr": 600,
              "lh_pr": 0,
              "ls_pr": 0,
              "pr_title_color": "#222222",
              "pr_title_color_hover": "#56cfe1"
            }
          },
          "main-qv-1": {
            "type": "price_review",
            "settings": {
              "price": "0",
              "type_sale": "0",
              "tax_ship": true,
              "rating": true,
              "review_liquid": "",
              "size_price_pr": 22,
              "fw_price_pr": 400,
              "price_color": "#696969",
              "price_sale_color": "#ec0101"
            }
          },
          "main-qv-2": {
            "type": "description",
            "settings": {
              "des": "2",
              "text": "",
              "length": 31
            }
          },
          "main-qv-3": {
            "type": "form",
            "settings": {
              "selector_mode": "block",
              "color_mode": "color",
              "enable_fit_ratio_img": false,
              "color_size": "medium",
              "show_qty": true,
              "enable_wishlist": true,
              "enable_compare": true,
              "btn_atc_full": false,
              "pr_btn_round": 40,
              "ani": "none",
              "time": 6,
              "btn_txt": "3",
              "btn_icon": false,
              "button_style": "default",
              "button_color": "dark",
              "button_effect": "fade",
              "wishlist_color": "#222222",
              "wishlist_color_hover": "#e74c3c",
              "wishlist_color_active": "#e81e1e",
              "compare_color": "#222222",
              "compare_color_hover": "#e74c3c",
              "compare_color_active": "#222222",
              "show_dynamic_checkout": false,
              "btn_txt2": "3",
              "button_color_payment": "dark",
              "show_gift_card_recipient": true,
              "product_list": [

              ],
              "show_product_current": true,
              "qty_val": "0",
              "advance_label": "Choose style",
              "advance_pr_list": [

              ]
            }
          },
          "main-qv-4": {
            "type": "size_delivery_ask",
            "settings": {
              "size_chart": "3",
              "pos_sizeg": "1",
              "sc_type": "1",
              "page": "",
              "size_ck": "",
              "delivery": false,
              "page_dr": "",
              "ask": false,
              "phone": true
            }
          },
          "main-qv-5": {
            "type": "meta",
            "settings": {
              "show_options": true,
              "show_vendor": false,
              "show_type": false,
              "show_sku": true,
              "show_barcode": false,
              "show_available": true,
              "show_category": true,
              "show_tags": true
            }
          },
          "main-qv-6": {
            "type": "social",
            "settings": {
              "socials_align": "start",
              "social_mode": "1",
              "social_style": "3",
              "social_size": "medium",
              "bd_radius": 0,
              "use_color_set": true,
              "icon_cl": "#000000",
              "bg_cl": "#222222",
              "space_h_item": "5",
              "space_v_item": "5",
              "space_h_item_mb": "2",
              "space_v_item_mb": "2"
            }
          }
        },
        "block_order": [
          "main-qv-0",
          "main-qv-1",
          "main-qv-2",
          "main-qv-3",
          "main-qv-4",
          "main-qv-5",
          "main-qv-6"
        ],
        "settings": {
          "demo_pr": "",
          "image_ratio": "ratioadapt",
          "image_size": "cover",
          "image_position": "8",
          "enable_video_looping": false,
          "enable_video_muting": true,
          "enable_video_autoplaying": true,
          "eff": "fade",
          "nav_btn": true,
          "btn_vi": "always",
          "btn_owl": "outline",
          "btn_shape": "round",
          "btn_cl": "dark",
          "btn_size": "small",
          "btn_hidden_mobile": false,
          "nav_dot": false,
          "dot_owl": "default",
          "dots_cl": "dark",
          "dots_round": true,
          "dots_space": 10,
          "dots_hidden_mobile": false
        }
      },
      "facets": {
        "type": "facets",
        "settings": {
          "style_color_filter": "Color, color, Colour , colour",
          "style_tag_filter": ""
        }
      },
      "header-vertical": {
        "type": "header-vertical",
        "blocks": {
          "header-vertical-0": {
            "type": "mega",
            "settings": {
              "title": "mega",
              "url": "",
              "open_link": "_self",
              "icon": "",
              "cus_cl": false,
              "cl": "#ec0101",
              "lb": "",
              "lb_cl": "#00BADB",
              "wid": "cus",
              "cus_wid": 1200,
              "id": 1,
              "r_s_h_item": "30",
              "r_s_v_item": "30"
            }
          },
          "header-vertical-1": {
            "type": "mega",
            "settings": {
              "title": "mega",
              "url": "",
              "open_link": "_self",
              "icon": "",
              "cus_cl": false,
              "cl": "#ec0101",
              "lb": "",
              "lb_cl": "#00BADB",
              "wid": "cus",
              "cus_wid": 1200,
              "id": 1,
              "r_s_h_item": "30",
              "r_s_v_item": "30"
            }
          },
          "header-vertical-2": {
            "type": "base",
            "settings": {
              "title": "base",
              "url": "\/",
              "open_link": "_self",
              "icon": "",
              "cus_cl": false,
              "cl": "#ec0101",
              "lb": "",
              "lb_cl": ""
            }
          }
        },
        "block_order": [
          "header-vertical-0",
          "header-vertical-1",
          "header-vertical-2"
        ],
        "settings": {
          "show_language": true,
          "show_currency": true,
          "arrow": true,
          "bgnav": "#ffffff",
          "opnav": 100,
          "clnav": "#222222",
          "clnav_hover": "#56cfe1",
          "h_icon": "kalles",
          "show_search": true,
          "show_acc": true,
          "show_wis": true,
          "cart_des": "1",
          "bg_hc": "#000000",
          "cl_hc": "#ffffff",
          "source": "2",
          "txt": "<p>Welcome to our store!<\/p>",
          "h_navmb": 62,
          "fm_nav": "1",
          "fs_nav": 14,
          "fw_nav": 500,
          "ls_nav": 0.2
        }
      },
      "header-categories-menu": {
        "type": "header-categories-menu",
        "blocks": {
          "74267db1-a087-4405-b43c-0a0a5b993557": {
            "type": "mega",
            "settings": {
              "title": "Demo",
              "url": "\/",
              "open_link": "_self",
              "icon": "",
              "cus_cl": false,
              "cl": "#ec0101",
              "lb": "",
              "lb_cl": "#00badb",
              "pos_sub": "bottom",
              "wid": "full",
              "cus_wid": 1200,
              "id": 1,
              "r_s_h_item": "20",
              "r_s_v_item": "30"
            }
          },
          "a84ace19-7b5d-4ab8-a5be-6b4c3ccd5a89": {
            "type": "mega",
            "settings": {
              "title": "Shop",
              "url": "shopify:\/\/collections",
              "open_link": "_self",
              "icon": "",
              "cus_cl": false,
              "cl": "#ec0101",
              "lb": "",
              "lb_cl": "#01bad4",
              "pos_sub": "bottom",
              "wid": "cus",
              "cus_wid": 1200,
              "id": 2,
              "r_s_h_item": "20",
              "r_s_v_item": "30"
            }
          },
          "580a7897-25df-497c-aa15-ce4640142dba": {
            "type": "mega",
            "settings": {
              "title": "Product",
              "url": "shopify:\/\/collections\/all",
              "open_link": "_self",
              "icon": "",
              "cus_cl": false,
              "cl": "#ec0101",
              "lb": "",
              "lb_cl": "#00badb",
              "pos_sub": "bottom",
              "wid": "cus",
              "cus_wid": 1200,
              "id": 3,
              "r_s_h_item": "20",
              "r_s_v_item": "30"
            }
          },
          "c0e82bda-7d5a-4e90-a684-2e87a23303fb": {
            "type": "mega",
            "settings": {
              "title": "Pages",
              "url": "\/",
              "open_link": "_self",
              "icon": "",
              "cus_cl": false,
              "cl": "#ec0101",
              "lb": "",
              "lb_cl": "#00badb",
              "pos_sub": "bottom",
              "wid": "cus",
              "cus_wid": 1200,
              "id": 5,
              "r_s_h_item": "20",
              "r_s_v_item": "30"
            }
          },
          "d91d70cf-d07e-4821-bc49-62759cfcaab0": {
            "type": "drop",
            "settings": {
              "title": "Lookbooks",
              "url": "https:\/\/demo-kalles-4-1.myshopify.com\/pages\/home-lookbook\/?preview_theme_id=128644972750",
              "open_link": "_self",
              "menu": "lookbook",
              "icon": "",
              "cus_cl": false,
              "cl": "#ec0101",
              "lb": "",
              "lb_cl": "",
              "pos_sub": "bottom",
              "pos": "left"
            }
          },
          "3ec8a392-e24a-426c-8b80-36f1db31682c": {
            "type": "mega",
            "disabled": true,
            "settings": {
              "title": "Blog",
              "url": "https:\/\/demo-kalles-4-1.myshopify.com\/blogs\/fashion\/?preview_theme_id=",
              "open_link": "_self",
              "icon": "",
              "cus_cl": false,
              "cl": "#ec0101",
              "lb": "",
              "lb_cl": "#00badb",
              "pos_sub": "bottom",
              "wid": "cus",
              "cus_wid": 1200,
              "id": 6,
              "r_s_h_item": "30",
              "r_s_v_item": "30"
            }
          },
          "58c6cae6-c731-47a9-856f-d9247981db42": {
            "type": "base",
            "settings": {
              "title": "Buy Theme",
              "url": "https:\/\/bit.ly\/2yrciwf",
              "open_link": "_blank",
              "icon": "",
              "cus_cl": false,
              "cl": "#ec0101",
              "lb": "",
              "lb_cl": ""
            }
          }
        },
        "block_order": [
          "74267db1-a087-4405-b43c-0a0a5b993557",
          "a84ace19-7b5d-4ab8-a5be-6b4c3ccd5a89",
          "580a7897-25df-497c-aa15-ce4640142dba",
          "c0e82bda-7d5a-4e90-a684-2e87a23303fb",
          "d91d70cf-d07e-4821-bc49-62759cfcaab0",
          "3ec8a392-e24a-426c-8b80-36f1db31682c",
          "58c6cae6-c731-47a9-856f-d9247981db42"
        ],
        "settings": {
          "full_header": false,
          "height": 100,
          "frm_sea_mw": 600,
          "height2": 64,
          "arrow": false,
          "border": false,
          "border_cate": false,
          "header_design": "2",
          "align": "start",
          "hover": "hover_sideup",
          "enable_active": false,
          "h_navmb": 62,
          "bgnav": "#ffffff",
          "opnav": 100,
          "clnav": "#000000",
          "clnav_hover": "#2453d3",
          "bgsea": "#fafafa",
          "clsea": "#2453d3",
          "bgnav2": "#2453d3",
          "clnav2": "#ffffff",
          "bgcategory": "#113eba",
          "h_icon": "kalles",
          "hover_icon": "2",
          "show_search": true,
          "show_acc": true,
          "show_wis": true,
          "cart_des": "1",
          "bg_hc": "#141414",
          "cl_hc": "#ffffff",
          "sticky_header": true,
          "scroll_header": true,
          "bgnavst": "#ffffff",
          "opnavst": 100,
          "clnavst": "#222222",
          "clnavst_hover": "#2453d3",
          "bgseavst": "#fafafa",
          "clseast": "#2453d3",
          "transparent_header": false,
          "space_transparent_header": false,
          "bgnavtr": "#000000",
          "opnavtr": 40,
          "clnavtr": "#ffffff",
          "clnavtr_hover": "#ffffff",
          "bgseatr": "#fafafa",
          "clseatr": "#2453d3",
          "fm_nav": "1",
          "fs_nav": 14,
          "fw_nav": 500,
          "ls_nav": 0,
          "txt_cat": "All Categories",
          "text": "<a class=\"t4s-a\" href=\"Hotline:(+100)%20123456789\" data-tooltip=\"top\" title=\"(+100) 123456789\">\n<svg width=\"16\" height=\"16\" viewbox=\"0 0 16 16\" fill=\"none\" xmlns=\"http:\/\/www.w3.org\/2000\/svg\">\n<path d=\"M6.23615 13.9999C6.70624 14.4148 7.32374 14.6666 8.00003 14.6666C8.67633 14.6666 9.29383 14.4148 9.76392 13.9999M12 5.33325C12 4.27239 11.5786 3.25497 10.8285 2.50482C10.0783 1.75468 9.0609 1.33325 8.00003 1.33325C6.93917 1.33325 5.92175 1.75468 5.17161 2.50482C4.42146 3.25497 4.00003 4.27239 4.00003 5.33325C4.00003 7.39338 3.48035 8.80389 2.89981 9.73686C2.41012 10.5238 2.16527 10.9173 2.17425 11.0271C2.18419 11.1486 2.20994 11.195 2.30788 11.2676C2.39634 11.3333 2.79509 11.3333 3.5926 11.3333H12.4075C13.205 11.3333 13.6037 11.3333 13.6922 11.2676C13.7901 11.195 13.8159 11.1486 13.8258 11.0271C13.8348 10.9173 13.5899 10.5238 13.1003 9.73686C12.5197 8.80389 12 7.39338 12 5.33325Z\" stroke=\"white\" stroke-linecap=\"round\" stroke-linejoin=\"round\"><\/path>\n<\/svg> Hotline:<span style=\"color: #FAFF00;\"> (+100) 123456789<\/span><\/a>",
          "shop_cat": true
        }
      },
      "header-categories": {
        "type": "header-categories",
        "blocks": {
          "header-categories-2": {
            "type": "lv0_base",
            "settings": {
              "title": "Mobiles & tablets",
              "url": "shopify:\/\/collections\/frontpage",
              "open_link": "_self",
              "icon": "las la-mobile",
              "cus_cl": false,
              "cl": "#ec0101",
              "lb": "",
              "lb_cl": ""
            }
          },
          "098154ab-2676-4443-964c-3e95c0773623": {
            "type": "lv0_base",
            "settings": {
              "title": "Cameras",
              "url": "shopify:\/\/collections\/camera",
              "open_link": "_self",
              "icon": "las la-camera-retro",
              "cus_cl": false,
              "cl": "#ec0101",
              "lb": "",
              "lb_cl": ""
            }
          },
          "fdbecb6e-f196-4dc1-a66d-afbecaf127a8": {
            "type": "lv0_base",
            "settings": {
              "title": "Computer & Laptop",
              "url": "shopify:\/\/collections\/laptop",
              "open_link": "_self",
              "icon": "las la-desktop",
              "cus_cl": false,
              "cl": "#ec0101",
              "lb": "",
              "lb_cl": ""
            }
          },
          "4f9ca080-9ced-4501-b111-e42e06f9a0b4": {
            "type": "lv0_base",
            "settings": {
              "title": "Printers & Ink",
              "url": "shopify:\/\/collections\/frontpage",
              "open_link": "_self",
              "icon": "las la-print",
              "cus_cl": false,
              "cl": "#ec0101",
              "lb": "",
              "lb_cl": ""
            }
          },
          "e6904881-265e-4217-829c-c52da763378f": {
            "type": "lv0_base",
            "settings": {
              "title": "TV & Audio",
              "url": "shopify:\/\/collections\/monitor",
              "open_link": "_self",
              "icon": "las la-tv",
              "cus_cl": false,
              "cl": "#ec0101",
              "lb": "",
              "lb_cl": ""
            }
          },
          "06ded3ab-9add-4f9c-a433-8816f92a2d19": {
            "type": "lv0_base",
            "settings": {
              "title": "Software",
              "url": "shopify:\/\/collections\/laptop",
              "open_link": "_self",
              "icon": "las la-microchip",
              "cus_cl": false,
              "cl": "#ec0101",
              "lb": "",
              "lb_cl": ""
            }
          },
          "e0cf067f-1c49-4d3b-8095-0863b08cf32b": {
            "type": "lv0_base",
            "settings": {
              "title": "Headphone",
              "url": "shopify:\/\/collections\/headphone",
              "open_link": "_self",
              "icon": "las la-headphones-alt",
              "cus_cl": false,
              "cl": "#ec0101",
              "lb": "",
              "lb_cl": ""
            }
          }
        },
        "block_order": [
          "header-categories-2",
          "098154ab-2676-4443-964c-3e95c0773623",
          "fdbecb6e-f196-4dc1-a66d-afbecaf127a8",
          "4f9ca080-9ced-4501-b111-e42e06f9a0b4",
          "e6904881-265e-4217-829c-c52da763378f",
          "06ded3ab-9add-4f9c-a433-8816f92a2d19",
          "e0cf067f-1c49-4d3b-8095-0863b08cf32b"
        ],
        "settings": {
          "arrow": true
        }
      },
      "t4s_custom_color": {
        "type": "t4s_custom_color",
        "blocks": {
          "8b253705-b47e-4342-a657-9c388fec7850": {
            "type": "lb_menu",
            "settings": {
              "title": "New",
              "color": "#2453d3",
              "cl_gradient": "",
              "color_txt": "#ffffff"
            }
          },
          "418ed3b8-5e19-44dc-bc6e-126b5b9c2fdd": {
            "type": "lb_menu",
            "settings": {
              "title": "Hot",
              "color": "#f90c0c",
              "cl_gradient": "",
              "color_txt": "#ffffff"
            }
          }
        },
        "block_order": [
          "8b253705-b47e-4342-a657-9c388fec7850",
          "418ed3b8-5e19-44dc-bc6e-126b5b9c2fdd"
        ],
        "settings": {
        }
      },
      "popups": {
        "type": "popups",
        "blocks": {
          "b76bc01f-bcbb-4416-8677-4bdd3d402133": {
            "type": "exit2",
            "settings": {
              "top_heading": "Wait! before you leave...",
              "sub_heading": "Get 15% off for your first order",
              "code": "CODE15OFF",
              "description": "Use above code to get 15% 0FF for your first order when checkout",
              "btn_label": "GRAB THE DISCOUNT",
              "btn_link": "shopify:\/\/collections",
              "content_cl": "#000000",
              "bg_cl": "#ffffff",
              "btn_bg_cl": "#39c4f0",
              "btn_bg_hover_cl": "#ec0101",
              "heading_recomend": "Recommended Products",
              "product_list": [
                "sunsets-kailua-bay-bottom-1",
                "sunsets-lotus-kauai-keyhole-1"
              ],
              "index": true,
              "product": false,
              "collection": false,
              "article": false,
              "blog": false,
              "cart": false,
              "page": false
            }
          }
        },
        "block_order": [
          "b76bc01f-bcbb-4416-8677-4bdd3d402133"
        ],
        "settings": {
        }
      },
      "main-qs": {
        "type": "main-qs",
        "blocks": {
          "main-qs-0": {
            "type": "title",
            "settings": {
              "txt_tr_pr": "none",
              "fnt_df_pr": "1",
              "size_pr": 16,
              "fw_pr": 600,
              "lh_pr": 0,
              "ls_pr": 0,
              "pr_title_color": "#222222",
              "pr_title_color_hover": "#e74c3c"
            }
          },
          "main-qs-1": {
            "type": "price",
            "settings": {
              "price": "0",
              "type_sale": "0",
              "size_price_pr": 22,
              "fw_price_pr": 400,
              "price_color": "#696969",
              "price_sale_color": "#ec0101"
            }
          },
          "main-qs-2": {
            "type": "form",
            "settings": {
              "selector_mode": "block",
              "color_mode": "color",
              "enable_fit_ratio_img": false,
              "color_size": "medium",
              "show_qty": true,
              "enable_wishlist": true,
              "enable_compare": true,
              "pr_btn_round": 40,
              "ani": "none",
              "time": 6,
              "btn_txt": "3",
              "btn_icon": false,
              "button_style": "default",
              "button_color": "dark",
              "button_effect": "fade",
              "wishlist_color": "#222222",
              "wishlist_color_hover": "#e74c3c",
              "wishlist_color_active": "#e81e1e",
              "compare_color": "#222222",
              "compare_color_hover": "#e74c3c",
              "compare_color_active": "#222222",
              "show_dynamic_checkout": false,
              "btn_txt2": "3",
              "button_color_payment": "dark"
            }
          }
        },
        "block_order": [
          "main-qs-0",
          "main-qs-1",
          "main-qs-2"
        ],
        "settings": {
          "demo_pr": ""
        }
      },
      "heading-template": {
        "type": "heading-template",
        "blocks": {
          "heading-template-0": {
            "type": "1",
            "settings": {
              "heading": "",
              "fontf": "inherit",
              "text_cl": "#ffffff",
              "text_fs": 20,
              "text_lh": 0,
              "text_fw": 400,
              "text_ls": 0,
              "font_italic": false,
              "font_uppercase": false,
              "text_shadow": false,
              "text_mgb": 10,
              "hidden_mobile": false,
              "text_fs_mb": 20,
              "text_lh_mb": 0,
              "text_ls_mb": 0,
              "text_mgb_mobile": 0
            }
          },
          "2ec8c6a7-6b72-4b7b-bb2a-4f56f75887e0": {
            "type": "3",
            "settings": {
              "breadcrumb_color": "#f2f2f2",
              "brc_mgb": 5
            }
          }
        },
        "block_order": [
          "heading-template-0",
          "2ec8c6a7-6b72-4b7b-bb2a-4f56f75887e0"
        ],
        "settings": {
          "heading_fullwidth": false,
          "use_specify_image": true,
          "parallax": false,
          "color": "#000000",
          "overlay": 54,
          "padding": 50,
          "paddingmb": 50,
          "mg_b": 50,
          "mg_bmb": 50,
          "content_align": "t4s-text-center",
          "bg_pos": "center center",
          "bg_repeat": "no-repeat",
          "bg_size": "cover",
          "use_cus_css": false,
          "code_cus_css": ""
        }
      },
      "main-wishlist": {
        "type": "main-wishlist",
        "blocks": {
          "main-wishlist-0": {
            "type": "layout",
            "settings": {
            }
          }
        },
        "block_order": [
          "main-wishlist-0"
        ],
        "settings": {
          "product_list": [

          ],
          "product_des": "2",
          "show_vendor": false,
          "use_cdt": false,
          "image_ratio": "ratio1_1",
          "image_size": "cover",
          "image_position": "8",
          "content_align": "default",
          "limit": 12,
          "enable_listing": true,
          "enable_listing_default": false,
          "col_dk": "4",
          "col_tb": "2",
          "col_mb": "2",
          "space_h_item": "30",
          "space_v_item": "30",
          "space_h_item_mb": "10",
          "space_v_item_mb": "10",
          "layout_des": "1",
          "use_pagination": "default",
          "enable_bar_lm": true,
          "btn_icon": false,
          "button_style": "default",
          "btns_size": "large",
          "btns_cl": "dark",
          "button_effect": "default",
          "btn_pos": "t4s-text-center",
          "layout": "t4s-container-wrap",
          "cl_bg": "",
          "cl_bg_gradient": "",
          "mg": ",,50px,",
          "pd": "",
          "mg_tb": "",
          "pd_tb": "",
          "mg_mb": ",,30px,",
          "pd_mb": ""
        }
      },
      "extras": {
        "type": "extras",
        "settings": {
        }
      },
      "facets_tags": {
        "type": "facets_tags",
        "settings": {
        }
      },
      "header-inline": {
        "type": "header-inline",
        "blocks": {
          "9883384a-d19a-4abe-9a94-388d91fce9b6": {
            "type": "mega",
            "settings": {
              "title": "Home",
              "url": "https:\/\/demo-kalles-4-1.myshopify.com\/",
              "open_link": "_self",
              "icon": "",
              "cus_cl": false,
              "cl": "#ec0101",
              "lb": "",
              "lb_cl": "#00badb",
              "pos_sub": "bottom",
              "wid": "full",
              "cus_wid": 1200,
              "id": 1,
              "enable_packery": true,
              "r_s_h_item": "20",
              "r_s_v_item": "30"
            }
          },
          "e0be43d6-bf02-4962-a06e-4294c6d6bd53": {
            "type": "mega",
            "settings": {
              "title": "Shop",
              "url": "shopify:\/\/collections",
              "open_link": "_self",
              "icon": "",
              "cus_cl": false,
              "cl": "#ec0101",
              "lb": "",
              "lb_cl": "#00badb",
              "pos_sub": "bottom",
              "wid": "cus",
              "cus_wid": 1200,
              "id": 2,
              "enable_packery": true,
              "r_s_h_item": "20",
              "r_s_v_item": "30"
            }
          },
          "3944a4f5-3618-4f4b-9d13-238ddb1b72f2": {
            "type": "mega",
            "settings": {
              "title": "Product",
              "url": "shopify:\/\/collections\/all",
              "open_link": "_self",
              "icon": "",
              "cus_cl": false,
              "cl": "#ec0101",
              "lb": "",
              "lb_cl": "#00badb",
              "pos_sub": "bottom",
              "wid": "cus",
              "cus_wid": 1100,
              "id": 3,
              "enable_packery": true,
              "r_s_h_item": "20",
              "r_s_v_item": "30"
            }
          },
          "4a281327-6e12-4cd4-af83-0ce2f502e7b8": {
            "type": "mega",
            "settings": {
              "title": "Sale",
              "url": "shopify:\/\/collections",
              "open_link": "_self",
              "icon": "",
              "cus_cl": false,
              "cl": "#ec0101",
              "lb": "",
              "lb_cl": "#ffa800",
              "pos_sub": "bottom",
              "wid": "cus",
              "cus_wid": 1200,
              "id": 4,
              "enable_packery": true,
              "r_s_h_item": "20",
              "r_s_v_item": "30"
            }
          },
          "556a85dc-041d-4d44-8c22-263ed70a8b48": {
            "type": "drop",
            "disabled": true,
            "settings": {
              "title": "LOOKBOOK",
              "url": "https:\/\/demo-kalles-4-1.myshopify.com",
              "open_link": "_self",
              "menu": "lookbook",
              "icon": "",
              "cus_cl": false,
              "cl": "#ec0101",
              "lb": "",
              "lb_cl": "",
              "lazy_mn": true,
              "pos_sub": "bottom-start",
              "pos": "left"
            }
          },
          "4895043f-6817-4c0e-a91c-e81b836e26d0": {
            "type": "mega",
            "settings": {
              "title": "Pages",
              "url": "",
              "open_link": "_self",
              "icon": "",
              "cus_cl": false,
              "cl": "#ec0101",
              "lb": "",
              "lb_cl": "#00badb",
              "pos_sub": "bottom",
              "wid": "cus",
              "cus_wid": 1200,
              "id": 5,
              "enable_packery": true,
              "r_s_h_item": "20",
              "r_s_v_item": "30"
            }
          },
          "b08a9ddf-d316-4670-b1e8-db83acfd7070": {
            "type": "mega",
            "settings": {
              "title": "Features",
              "url": "",
              "open_link": "_self",
              "icon": "",
              "cus_cl": false,
              "cl": "#ec0101",
              "lb": "",
              "lb_cl": "#00badb",
              "pos_sub": "bottom",
              "wid": "cus",
              "cus_wid": 1200,
              "id": 10,
              "enable_packery": true,
              "r_s_h_item": "20",
              "r_s_v_item": "30"
            }
          },
          "9a73cf8b-993e-4dbe-9f11-6e990bfb91c0": {
            "type": "mega",
            "settings": {
              "title": "Blog",
              "url": "https:\/\/demo-kalles-4-1.myshopify.com\/blogs\/fashion\/?preview_theme_id=",
              "open_link": "_self",
              "icon": "",
              "cus_cl": false,
              "cl": "#ec0101",
              "lb": "",
              "lb_cl": "#00badb",
              "pos_sub": "bottom",
              "wid": "cus",
              "cus_wid": 950,
              "id": 6,
              "enable_packery": true,
              "r_s_h_item": "20",
              "r_s_v_item": "30"
            }
          },
          "2e6c37f3-7dc6-430b-aae2-bb008f4d472f": {
            "type": "base",
            "disabled": true,
            "settings": {
              "title": "Buy Theme",
              "url": "https:\/\/bit.ly\/2yrciwf",
              "open_link": "_self",
              "icon": "",
              "cus_cl": false,
              "cl": "#ec0101",
              "lb": "",
              "lb_cl": ""
            }
          }
        },
        "block_order": [
          "9883384a-d19a-4abe-9a94-388d91fce9b6",
          "e0be43d6-bf02-4962-a06e-4294c6d6bd53",
          "3944a4f5-3618-4f4b-9d13-238ddb1b72f2",
          "4a281327-6e12-4cd4-af83-0ce2f502e7b8",
          "556a85dc-041d-4d44-8c22-263ed70a8b48",
          "4895043f-6817-4c0e-a91c-e81b836e26d0",
          "b08a9ddf-d316-4670-b1e8-db83acfd7070",
          "9a73cf8b-993e-4dbe-9f11-6e990bfb91c0",
          "2e6c37f3-7dc6-430b-aae2-bb008f4d472f"
        ],
        "custom_css": [
          "@media (min-width: 1025px) {.t4s-header__wrapper {padding: 0 32px; } .t4s-nav__ul > li > a {padding-inline-end: 50px; } .t4s-header-layout_logo_center .t4s-nav__ul > li > a {padding-inline-start: 5px !important; }}",
          "@media (max-width: 767px) {.t4s-site-nav__icons .t4s-site-nav__icon {padding-inline-start: 12px !important; padding-inline-end: 0 !important; }}"
        ],
        "settings": {
          "layout": "logo_center",
          "full_header": true,
          "height": 84,
          "arrow": false,
          "align": "start",
          "hover": "hover_fadein",
          "enable_active": false,
          "h_navmb": 60,
          "bgnav": "#ffffff",
          "opnav": 100,
          "clnav": "#222222",
          "clnav_hover": "#e74c3c",
          "h_icon": "kalles",
          "hover_icon": "2",
          "show_search": true,
          "show_acc": true,
          "show_wis": true,
          "cart_des": "1",
          "bg_hc": "#000000",
          "cl_hc": "#ffffff",
          "sticky_header": true,
          "scroll_header": true,
          "bgnavst": "#ffffff",
          "opnavst": 100,
          "clnavst": "#222222",
          "clnavst_hover": "#76ac30",
          "transparent_header": false,
          "space_transparent_header": false,
          "bgnavtr": "#000000",
          "opnavtr": 40,
          "clnavtr": "#ffffff",
          "clnavtr_hover": "#76ac30",
          "fm_nav": "1",
          "fs_nav": 16,
          "fw_nav": 500,
          "ls_nav": 0
        }
      },
      "heading-template-cp": {
        "type": "heading-template-cp",
        "blocks": {
          "5ee425f5-85c9-45c9-ab92-2f0d52359b5b": {
            "type": "1",
            "settings": {
              "heading": "",
              "fontf": "1",
              "text_cl": "#fff",
              "text_fs": 20,
              "text_lh": 0,
              "text_fw": 400,
              "text_ls": 0,
              "font_italic": false,
              "font_uppercase": false,
              "text_shadow": false,
              "text_mgb": 10,
              "hidden_mobile": false,
              "text_fs_mb": 20,
              "text_lh_mb": 0,
              "text_ls_mb": 0,
              "text_mgb_mobile": 0
            }
          },
          "heading-template-cp-0": {
            "type": "3",
            "settings": {
              "breadcrumb_color": "#f2f2f2",
              "brc_mgb": 5
            }
          }
        },
        "block_order": [
          "5ee425f5-85c9-45c9-ab92-2f0d52359b5b",
          "heading-template-cp-0"
        ],
        "settings": {
          "use_specify_image": true,
          "parallax": false,
          "color": "#000000",
          "overlay": 54,
          "padding": 50,
          "paddingmb": 50,
          "mg_b": 50,
          "mg_bmb": 50,
          "content_align": "t4s-text-center",
          "bg_pos": "center center",
          "bg_repeat": "no-repeat",
          "bg_size": "cover",
          "use_cus_css": false,
          "code_cus_css": ""
        }
      },
      "main-compare": {
        "type": "main-compare",
        "blocks": {
          "main-compare-0": {
            "type": "basic",
            "settings": {
            }
          },
          "main-compare-1": {
            "type": "availability",
            "settings": {
              "title": "Availability"
            }
          },
          "main-compare-2": {
            "type": "vendor",
            "settings": {
              "title": "Vendor"
            }
          },
          "main-compare-3": {
            "type": "variants",
            "settings": {
              "title": "Color"
            }
          },
          "main-compare-4": {
            "type": "btn",
            "settings": {
              "title": "RETURN TO SHOP",
              "url": "",
              "open_link": "_self",
              "btn_icon": false,
              "button_style": "default",
              "btns_size": "medium",
              "btns_cl": "primary",
              "button_effect": "default"
            }
          }
        },
        "block_order": [
          "main-compare-0",
          "main-compare-1",
          "main-compare-2",
          "main-compare-3",
          "main-compare-4"
        ],
        "settings": {
          "product_list": [

          ],
          "qv_cl": "#56cfe1",
          "qv_cl_hover": "#222222",
          "atc_cl": "#56cfe1",
          "atc_cl_hover": "#222222",
          "cl_price": "#95bf46",
          "cl_price_sale": "#ec0101",
          "cl_in": "#95bf46",
          "cl_out": "#e1b878",
          "image_ratio": "ratio1_1",
          "image_size": "cover",
          "image_position": "8",
          "content_align": "center",
          "layout": "t4s-container-wrap",
          "cl_bg": "",
          "cl_bg_gradient": "",
          "mg": ",,50px,",
          "pd": "",
          "mg_tb": "",
          "pd_tb": "",
          "mg_mb": ",,30px,",
          "pd_mb": ""
        }
      }
    },
    "content_for_index": [

    ]
  }
}