{
  "sections": {
    "16461627553debd4ba": {
      "type": "slideshow",
      "blocks": {
        "55f2bdbc-6373-4575-8fc2-813af26f6788": {
          "type": "image_parent",
          "settings": {
            "image": "shopify:\/\/shop_images\/banner2_2716e7e5-7698-4d0f-bc32-19df640b9021.jpg",
            "image_position": "8",
            "cl_img": "",
            "link_img1": "",
            "open_link": "_blank",
            "animate_slide": "none",
            "text_align": "start",
            "text_align_mb": "start",
            "content_width": "container",
            "cv_pos": 50,
            "ch_pos": 50,
            "cv_pos_mb": 50,
            "ch_pos_mb": 50,
            "bg_overlay": "#000000",
            "bg_opacity": 0,
            "bg_content_cl": "#ffffff",
            "bg_content_op": 0,
            "content_pd_tb": 20,
            "content_pd_lr": 15,
            "content_pd_tb_mb": 10,
            "content_pd_lr_mb": 15,
            "border_bl": false,
            "br_color": "#222222",
            "br_bg": "#ffffff",
            "br_opacity": 50,
            "br_style": "solid",
            "br_pd": 20,
            "br_pd_mb": 10,
            "time_animation": 1,
            "animation_delay": 40
          }
        },
        "164616275497118f56-2": {
          "type": "custom_text",
          "settings": {
            "text": "Featured Item",
            "remove_br_tag": false,
            "fontf": "inherit",
            "text_cl": "#293341",
            "text_fs": 18,
            "text_lh": 24,
            "text_fw": 400,
            "text_ls": 0,
            "text_mgb": 10,
            "font_italic": false,
            "text_shadow": false,
            "hidden_mobile": false,
            "text_fs_mb": 18,
            "text_lh_mb": 0,
            "text_ls_mb": 0,
            "text_mgb_mobile": 10,
            "animation": "fadeInTopLeft"
          }
        },
        "164616275497118f56-1": {
          "type": "custom_text",
          "settings": {
            "text": "Koppel 44mm\nHand Wear",
            "remove_br_tag": false,
            "fontf": "inherit",
            "text_cl": "#293341",
            "text_fs": 45,
            "text_lh": 50,
            "text_fw": 500,
            "text_ls": 0,
            "text_mgb": 25,
            "font_italic": false,
            "text_shadow": false,
            "hidden_mobile": false,
            "text_fs_mb": 30,
            "text_lh_mb": 36,
            "text_ls_mb": 0,
            "text_mgb_mobile": 20,
            "animation": "fadeInLeft"
          }
        },
        "164616275497118f56-3": {
          "type": "custom_button",
          "settings": {
            "button_text": "SHOP NOW",
            "button_link": "shopify:\/\/collections",
            "target_link": "_self",
            "fontf": "inherit",
            "button_icon_w": 20,
            "button_style": "default",
            "button_effect": "fade",
            "pri_cl": "#1d2939",
            "second_cl": "#ffffff",
            "pri_cl_hover": "#293341",
            "second_cl_hover": "#ffffff",
            "fsbutton": 14,
            "fwbutton": 500,
            "button_ls": 1.5,
            "button_mh": 60,
            "button_bdr": 40,
            "button_pd_lr": 35,
            "button_mgb": 0,
            "hidden_mobile": false,
            "button_icon_w_mb": 14,
            "fsbutton_mb": 12,
            "button_mh_mb": 36,
            "button_pd_lr_mb": 30,
            "button_ls_mb": 0,
            "button_mgb_mb": 0,
            "animation": "fadeInUp"
          }
        },
        "b0bd63fe-55d6-4a7c-a7e9-97e6387cff4d": {
          "type": "image_parent",
          "settings": {
            "image": "shopify:\/\/shop_images\/banner1_51c4880a-473e-4e8d-a57c-7ac85672bfcf.jpg",
            "image_position": "8",
            "cl_img": "",
            "link_img1": "",
            "open_link": "_blank",
            "animate_slide": "none",
            "text_align": "start",
            "text_align_mb": "start",
            "content_width": "container",
            "cv_pos": 50,
            "ch_pos": 50,
            "cv_pos_mb": 50,
            "ch_pos_mb": 50,
            "bg_overlay": "#000000",
            "bg_opacity": 0,
            "bg_content_cl": "rgba(0,0,0,0)",
            "bg_content_op": 0,
            "content_pd_tb": 20,
            "content_pd_lr": 15,
            "content_pd_tb_mb": 10,
            "content_pd_lr_mb": 15,
            "border_bl": false,
            "br_color": "#222222",
            "br_bg": "#ffffff",
            "br_opacity": 50,
            "br_style": "solid",
            "br_pd": 20,
            "br_pd_mb": 10,
            "time_animation": 1,
            "animation_delay": 40
          }
        },
        "164616275497118f56-6": {
          "type": "custom_text",
          "settings": {
            "text": "Morden Design",
            "remove_br_tag": false,
            "fontf": "inherit",
            "text_cl": "#293341",
            "text_fs": 18,
            "text_lh": 24,
            "text_fw": 400,
            "text_ls": 0,
            "text_mgb": 10,
            "font_italic": false,
            "text_shadow": false,
            "hidden_mobile": false,
            "text_fs_mb": 18,
            "text_lh_mb": 25,
            "text_ls_mb": 0,
            "text_mgb_mobile": 10,
            "animation": "none"
          }
        },
        "164616275497118f56-5": {
          "type": "custom_text",
          "settings": {
            "text": "Zuo Pure Collection <br>\nSale Off 50%",
            "remove_br_tag": false,
            "fontf": "inherit",
            "text_cl": "#293341",
            "text_fs": 45,
            "text_lh": 48,
            "text_fw": 500,
            "text_ls": 1,
            "text_mgb": 25,
            "font_italic": false,
            "text_shadow": false,
            "hidden_mobile": false,
            "text_fs_mb": 30,
            "text_lh_mb": 36,
            "text_ls_mb": 0,
            "text_mgb_mobile": 20,
            "animation": "none"
          }
        },
        "164616275497118f56-7": {
          "type": "custom_button",
          "settings": {
            "button_text": "SHOP NOW",
            "button_link": "#",
            "target_link": "_self",
            "fontf": "inherit",
            "button_icon_w": 20,
            "button_style": "default",
            "button_effect": "fade",
            "pri_cl": "#293341",
            "second_cl": "#ffffff",
            "pri_cl_hover": "#1d2939",
            "second_cl_hover": "#ffffff",
            "fsbutton": 14,
            "fwbutton": 500,
            "button_ls": 1.5,
            "button_mh": 60,
            "button_bdr": 40,
            "button_pd_lr": 35,
            "button_mgb": 0,
            "hidden_mobile": false,
            "button_icon_w_mb": 14,
            "fsbutton_mb": 12,
            "button_mh_mb": 36,
            "button_pd_lr_mb": 30,
            "button_ls_mb": 0,
            "button_mgb_mb": 0,
            "animation": "none"
          }
        }
      },
      "block_order": [
        "55f2bdbc-6373-4575-8fc2-813af26f6788",
        "164616275497118f56-2",
        "164616275497118f56-1",
        "164616275497118f56-3",
        "b0bd63fe-55d6-4a7c-a7e9-97e6387cff4d",
        "164616275497118f56-6",
        "164616275497118f56-5",
        "164616275497118f56-7"
      ],
      "settings": {
        "se_height": "t4s_ratio_cuspx",
        "custom_dk": true,
        "height_dk": 600,
        "custom_tb": true,
        "height_tb": 600,
        "custom_mb": true,
        "height_mb": 400,
        "eff": "slide",
        "loop": true,
        "au_time": 0,
        "au_hover": true,
        "nav_btn": false,
        "btn_vi": "hover",
        "btn_owl": "default",
        "btn_shape": "none",
        "btn_cl": "dark",
        "btn_size": "small",
        "btn_hidden_mobile": false,
        "nav_dot": true,
        "dot_owl": "default",
        "dots_cl": "dark",
        "dots_round": true,
        "dots_space": 10,
        "dots_hidden_mobile": false,
        "layout": "t4s-container-fluid",
        "cl_bg": "",
        "cl_bg_gradient": "",
        "mg": "0",
        "pd": "",
        "mg_mb": "0",
        "pd_mb": "",
        "use_cus_css": false,
        "code_cus_css": ".SectionID {\nbackground-color:red\n}"
      }
    },
    "16462124360bae7995": {
      "type": "custom-section",
      "blocks": {
        "1646212435e67911a8-0": {
          "type": "bl_col",
          "settings": {
            "col_dk": "12",
            "col_tb": "12",
            "col_mb": "12",
            "align_vertical": true,
            "content_align": "text-center",
            "content_align_mobile": "center",
            "padding_inner": "30px",
            "padding_inner_mb": "",
            "bg_cl": "rgba(0,0,0,0)"
          }
        },
        "1646212435e67911a8-1": {
          "type": "custom_text",
          "settings": {
            "text": "Welcome to Kalles Watch",
            "remove_br_tag": false,
            "fontf": "inherit",
            "text_cl": "#293341",
            "text_fs": 45,
            "text_lh": 46,
            "text_fw": 500,
            "text_ls": 0,
            "font_italic": false,
            "text_shadow": false,
            "text_mgb": 20,
            "hidden_mobile": false,
            "text_fs_mb": 30,
            "text_lh_mb": 40,
            "text_ls_mb": 0,
            "text_mgb_mobile": 20
          }
        },
        "1646212435e67911a8-2": {
          "type": "custom_text",
          "settings": {
            "text": "I feel so proud of my website now! I want everyone to see it and find myself sharing the link anywhere I can. I feel so relieved<br> that this foundational part of my business is finally 'done' and the best part",
            "remove_br_tag": true,
            "fontf": "inherit",
            "text_cl": "#293341",
            "text_fs": 16,
            "text_lh": 30,
            "text_fw": 400,
            "text_ls": 0,
            "font_italic": false,
            "text_shadow": false,
            "text_mgb": 0,
            "hidden_mobile": false,
            "text_fs_mb": 14,
            "text_lh_mb": 30,
            "text_ls_mb": 0,
            "text_mgb_mobile": 0
          }
        },
        "d54e8cb1-90b3-4666-ac37-d5fab73791b4": {
          "type": "image",
          "settings": {
            "image_child": "shopify:\/\/shop_images\/signature.png",
            "img_width": 300,
            "img_width_mb": 250,
            "hidden_mobile": false,
            "mgb": 20,
            "mgb_mb": 20
          }
        }
      },
      "block_order": [
        "1646212435e67911a8-0",
        "1646212435e67911a8-1",
        "1646212435e67911a8-2",
        "d54e8cb1-90b3-4666-ac37-d5fab73791b4"
      ],
      "settings": {
        "space_h_item": "0",
        "space_v_item": "0",
        "space_h_item_mb": "0",
        "space_v_item_mb": "0",
        "layout": "t4s-container-wrap",
        "cl_bg": "rgba(0,0,0,0)",
        "cl_bg_gradient": "",
        "mg": "0",
        "pd": "50px,0,30px,",
        "mg_mb": "0",
        "pd_mb": "50px,0,0px,",
        "use_cus_css": false,
        "code_cus_css": ".SectionID {\nbackground-color:red\n}"
      }
    },
    "16463827833270dd78": {
      "type": "collections-list-manual",
      "blocks": {
        "16463827820a024249-0": {
          "type": "collection_item",
          "settings": {
            "collection": "watches",
            "image": "shopify:\/\/shop_images\/women-collection.jpg",
            "collection_title": "Women collection",
            "collection_link": ""
          }
        },
        "16463827820a024249-2": {
          "type": "collection_item",
          "settings": {
            "collection": "handmade",
            "image": "shopify:\/\/shop_images\/Withings-vert.jpg",
            "collection_title": "Modern watch",
            "collection_link": ""
          }
        },
        "16463827820a024249-1": {
          "type": "collection_item",
          "settings": {
            "collection": "baby",
            "image": "shopify:\/\/shop_images\/Lo.jpg",
            "collection_title": "Classic watch",
            "collection_link": ""
          }
        },
        "92db413a-b68f-4790-9301-9d31d6700fe4": {
          "type": "collection_item",
          "settings": {
            "collection": "mask",
            "image": "shopify:\/\/shop_images\/accessori.jpg",
            "collection_title": "Accessories",
            "collection_link": ""
          }
        }
      },
      "block_order": [
        "16463827820a024249-0",
        "16463827820a024249-2",
        "16463827820a024249-1",
        "92db413a-b68f-4790-9301-9d31d6700fe4"
      ],
      "settings": {
        "design_heading": "1",
        "heading_align": "t4s-text-center",
        "top_heading": "",
        "icon_heading": "gem",
        "top_subheading": "",
        "tophead_mb": 30,
        "collection_des": "1",
        "title_cl": "#ffffff",
        "title_cl_hover": "#222222",
        "subtitle_cl": "#878787",
        "count_cl": "#222222",
        "border_cl": "#e5e5e5",
        "collection_subtitle": "Products",
        "open_link": "_self",
        "space_bottom": 20,
        "space_bottom_mb": 10,
        "border": false,
        "item_rd": 0,
        "img_effect": "zoom",
        "b_effect": "none",
        "image_ratio": "ratio1_1",
        "image_size": "cover",
        "image_position": "8",
        "coll_layout": "1",
        "layout": "t4s-container-wrap",
        "cl_bg": "",
        "cl_bg_gradient": "",
        "mg": ",,50px,",
        "pd": "",
        "mg_mb": ",,30px,",
        "pd_mb": "",
        "use_cus_css": false,
        "code_cus_css": ".SectionID {\nbackground-color:red\n}"
      }
    },
    "164627823186bdf17a": {
      "type": "custom-section",
      "blocks": {
        "16462782302a15a858-0": {
          "type": "bl_col",
          "settings": {
            "col_dk": "12",
            "col_tb": "12",
            "col_mb": "12",
            "align_vertical": true,
            "content_align": "text-center",
            "content_align_mobile": "center",
            "padding_inner": "30px,,30px",
            "padding_inner_mb": "",
            "bg_cl": "rgba(0,0,0,0)"
          }
        },
        "16462782302a15a858-1": {
          "type": "custom_text",
          "settings": {
            "text": "New Arrival",
            "remove_br_tag": false,
            "fontf": "inherit",
            "text_cl": "#222222",
            "text_fs": 35,
            "text_lh": 38,
            "text_fw": 500,
            "text_ls": 0,
            "font_italic": false,
            "text_shadow": false,
            "text_mgb": 15,
            "hidden_mobile": false,
            "text_fs_mb": 26,
            "text_lh_mb": 36,
            "text_ls_mb": 0,
            "text_mgb_mobile": 10
          }
        },
        "16462782302a15a858-2": {
          "type": "custom_text",
          "settings": {
            "text": "Lorem Ipsum is simply dummy text of the printing and typesetting industry. Lorem Ipsum<br>has been the industry's standard dummy text ever since the 1500s",
            "remove_br_tag": true,
            "fontf": "inherit",
            "text_cl": "#7b7b7b",
            "text_fs": 16,
            "text_lh": 26,
            "text_fw": 400,
            "text_ls": 0,
            "font_italic": false,
            "text_shadow": false,
            "text_mgb": 0,
            "hidden_mobile": false,
            "text_fs_mb": 15,
            "text_lh_mb": 26,
            "text_ls_mb": 0,
            "text_mgb_mobile": 10
          }
        }
      },
      "block_order": [
        "16462782302a15a858-0",
        "16462782302a15a858-1",
        "16462782302a15a858-2"
      ],
      "settings": {
        "space_h_item": "30",
        "space_v_item": "30",
        "space_h_item_mb": "10",
        "space_v_item_mb": "10",
        "layout": "t4s-container-wrap",
        "cl_bg": "",
        "cl_bg_gradient": "",
        "mg": "80px,,30px",
        "pd": "",
        "mg_mb": "50px,,30px",
        "pd_mb": "",
        "use_cus_css": false,
        "code_cus_css": ".SectionID {\nbackground-color:red\n}"
      }
    },
    "16462941386b111e9b": {
      "type": "featured-collection",
      "settings": {
        "design_heading": "1",
        "heading_align": "t4s-text-center",
        "top_heading": "",
        "icon_heading": "gem",
        "top_subheading": "",
        "tophead_mb": 50,
        "collection": "watches",
        "product_des": "1",
        "show_vendor": false,
        "image_ratio": "ratio1_1",
        "image_size": "cover",
        "image_position": "8",
        "content_align": "default",
        "limit": 8,
        "col_dk": "4",
        "col_tb": "2",
        "col_mb": "2",
        "space_h_item": "30",
        "space_v_item": "30",
        "space_h_item_mb": "10",
        "space_v_item_mb": "20",
        "layout_des": "1",
        "loop": true,
        "au_time": 0,
        "au_hover": true,
        "nav_btn": true,
        "btn_vi": "hover",
        "btn_owl": "default",
        "btn_shape": "none",
        "btn_cl": "dark",
        "btn_size": "small",
        "btn_hidden_mobile": false,
        "nav_dot": true,
        "dot_owl": "default",
        "dots_cl": "dark",
        "dots_round": false,
        "dots_space": 10,
        "dots_hidden_mobile": false,
        "use_pagination": "none",
        "enable_bar_lm": true,
        "btn_icon": false,
        "button_style": "default",
        "btns_size": "medium",
        "btns_cl": "default",
        "button_effect": "fade",
        "btn_pos": "t4s-text-center",
        "layout": "t4s-container-wrap",
        "cl_bg": "",
        "cl_bg_gradient": "",
        "mg": "0,0,80px,",
        "pd": "",
        "mg_mb": "0,0,50px,",
        "pd_mb": "",
        "use_cus_css": false,
        "code_cus_css": ".SectionID {\nbackground-color:red\n}"
      }
    },
    "1646383065297ed5a9": {
      "type": "banner",
      "blocks": {
        "1646383064f5fcb0e7-0": {
          "type": "b_item",
          "settings": {
            "custom_dk": true,
            "height_dk": 600,
            "custom_tb": true,
            "height_tb": 400,
            "custom_mb": true,
            "height_mb": 300,
            "image": "shopify:\/\/shop_images\/Cluse-Watch-Thrifts-and-Threads.png",
            "b_link": "#",
            "open_link": "_self",
            "img_effect": "zoom",
            "b_effect": "none",
            "col_dk": "6",
            "col_tb": "6",
            "col_mb": "12",
            "content_align": "center",
            "content_align_mobile": "center",
            "content_width": "auto",
            "cv_pos": 50,
            "ch_pos": 50,
            "cv_pos_mb": 50,
            "ch_pos_mb": 50,
            "bg_overlay": "#000000",
            "bg_opacity": 0,
            "bg_content_bl": false,
            "bg_content_cl": "#ffffff",
            "bg_content_op": 50,
            "content_pd_tb": 20,
            "content_pd_lr": 20,
            "content_pd_tb_mb": 10,
            "content_pd_lr_mb": 10,
            "border_bl": false,
            "br_color": "#222222",
            "br_bg": "#ffffff",
            "br_opacity": 50,
            "br_style": "solid",
            "br_pd": 20,
            "br_pd_mb": 10,
            "time_animation": 1,
            "animation_delay": 40
          }
        },
        "1646383064f5fcb0e7-1": {
          "type": "custom_text",
          "settings": {
            "text": "LOOKBOOK 2022",
            "remove_br_tag": false,
            "fontf": "inherit",
            "text_cl": "#293341",
            "text_fs": 24,
            "text_lh": 24,
            "text_fw": 500,
            "text_ls": 0,
            "font_italic": false,
            "text_shadow": false,
            "text_mgb": 5,
            "hidden_mobile": false,
            "text_fs_mb": 16,
            "text_lh_mb": 0,
            "text_ls_mb": 0,
            "text_mgb_mobile": 10,
            "animation": "fadeInDown"
          }
        },
        "1646383064f5fcb0e7-2": {
          "type": "custom_text",
          "settings": {
            "text": "MAKE LOVE THIS LOOK",
            "remove_br_tag": false,
            "fontf": "inherit",
            "text_cl": "#293341",
            "text_fs": 14,
            "text_lh": 24,
            "text_fw": 600,
            "text_ls": 0,
            "font_italic": false,
            "text_shadow": false,
            "text_mgb": 5,
            "hidden_mobile": false,
            "text_fs_mb": 16,
            "text_lh_mb": 0,
            "text_ls_mb": 0,
            "text_mgb_mobile": 10,
            "animation": "fadeInUp"
          }
        },
        "1646383064f5fcb0e7-3": {
          "type": "b_item",
          "settings": {
            "custom_dk": true,
            "height_dk": 600,
            "custom_tb": true,
            "height_tb": 400,
            "custom_mb": true,
            "height_mb": 300,
            "image": "shopify:\/\/shop_images\/men-collection.jpg",
            "b_link": "#",
            "open_link": "_self",
            "img_effect": "zoom",
            "b_effect": "none",
            "col_dk": "6",
            "col_tb": "6",
            "col_mb": "12",
            "content_align": "center",
            "content_align_mobile": "center",
            "content_width": "t4s-container",
            "cv_pos": 50,
            "ch_pos": 50,
            "cv_pos_mb": 50,
            "ch_pos_mb": 50,
            "bg_overlay": "#000000",
            "bg_opacity": 0,
            "bg_content_bl": false,
            "bg_content_cl": "#ffffff",
            "bg_content_op": 50,
            "content_pd_tb": 20,
            "content_pd_lr": 20,
            "content_pd_tb_mb": 10,
            "content_pd_lr_mb": 10,
            "border_bl": false,
            "br_color": "#222222",
            "br_bg": "#ffffff",
            "br_opacity": 50,
            "br_style": "solid",
            "br_pd": 20,
            "br_pd_mb": 10,
            "time_animation": 1,
            "animation_delay": 40
          }
        },
        "1646383064f5fcb0e7-4": {
          "type": "custom_text",
          "settings": {
            "text": "MEN COLLECTION",
            "remove_br_tag": false,
            "fontf": "inherit",
            "text_cl": "#293341",
            "text_fs": 18,
            "text_lh": 24,
            "text_fw": 600,
            "text_ls": 0,
            "font_italic": false,
            "text_shadow": false,
            "text_mgb": 5,
            "hidden_mobile": false,
            "text_fs_mb": 16,
            "text_lh_mb": 0,
            "text_ls_mb": 0,
            "text_mgb_mobile": 10,
            "animation": "fadeInDown"
          }
        },
        "1646383064f5fcb0e7-5": {
          "type": "custom_text",
          "settings": {
            "text": "SALE OFF 50%",
            "remove_br_tag": false,
            "fontf": "inherit",
            "text_cl": "#293341",
            "text_fs": 50,
            "text_lh": 50,
            "text_fw": 600,
            "text_ls": 0,
            "font_italic": false,
            "text_shadow": false,
            "text_mgb": 5,
            "hidden_mobile": false,
            "text_fs_mb": 16,
            "text_lh_mb": 0,
            "text_ls_mb": 0,
            "text_mgb_mobile": 10,
            "animation": "fadeInUp"
          }
        }
      },
      "block_order": [
        "1646383064f5fcb0e7-0",
        "1646383064f5fcb0e7-1",
        "1646383064f5fcb0e7-2",
        "1646383064f5fcb0e7-3",
        "1646383064f5fcb0e7-4",
        "1646383064f5fcb0e7-5"
      ],
      "settings": {
        "image_ratio": "ratioadapt",
        "image_size": "cover",
        "image_position": "8",
        "equal_height": false,
        "space_h_item": "30",
        "space_v_item": "30",
        "space_h_item_mb": "10",
        "space_v_item_mb": "10",
        "layout": "t4s-container-wrap",
        "cl_bg": "",
        "cl_bg_gradient": "",
        "mg": ",,50px,",
        "pd": "",
        "mg_mb": ",,30px,",
        "pd_mb": "",
        "use_cus_css": false,
        "code_cus_css": ".SectionID {\nbackground-color:red\n}"
      }
    },
    "16462942969052dd08": {
      "type": "custom-section",
      "blocks": {
        "16462942966428e600-0": {
          "type": "bl_col",
          "settings": {
            "col_dk": "12",
            "col_tb": "12",
            "col_mb": "12",
            "align_vertical": true,
            "content_align": "text-center",
            "content_align_mobile": "center",
            "padding_inner": "30px,,30px",
            "padding_inner_mb": "",
            "bg_cl": "rgba(0,0,0,0)"
          }
        },
        "16462942966428e600-1": {
          "type": "custom_text",
          "settings": {
            "text": "Trending Products",
            "remove_br_tag": false,
            "fontf": "1",
            "text_cl": "#222222",
            "text_fs": 35,
            "text_lh": 44,
            "text_fw": 500,
            "text_ls": 0,
            "font_italic": false,
            "text_shadow": false,
            "text_mgb": 10,
            "hidden_mobile": false,
            "text_fs_mb": 26,
            "text_lh_mb": 36,
            "text_ls_mb": 0,
            "text_mgb_mobile": 10
          }
        },
        "16462942966428e600-2": {
          "type": "custom_text",
          "settings": {
            "text": "Get through all trending products and get your best deal",
            "remove_br_tag": false,
            "fontf": "inherit",
            "text_cl": "#7b7b7b",
            "text_fs": 15,
            "text_lh": 24,
            "text_fw": 400,
            "text_ls": 0,
            "font_italic": false,
            "text_shadow": false,
            "text_mgb": 0,
            "hidden_mobile": false,
            "text_fs_mb": 16,
            "text_lh_mb": 24,
            "text_ls_mb": 0,
            "text_mgb_mobile": 10
          }
        }
      },
      "block_order": [
        "16462942966428e600-0",
        "16462942966428e600-1",
        "16462942966428e600-2"
      ],
      "settings": {
        "space_h_item": "30",
        "space_v_item": "30",
        "space_h_item_mb": "10",
        "space_v_item_mb": "10",
        "layout": "t4s-container-wrap",
        "cl_bg": "",
        "cl_bg_gradient": "",
        "mg": "0,0,30px,",
        "pd": "",
        "mg_mb": "0,0,30px,",
        "pd_mb": "",
        "use_cus_css": false,
        "code_cus_css": ".SectionID {\nbackground-color:red\n}"
      }
    },
    "16463843721c2f3ce5": {
      "type": "featured-collection",
      "settings": {
        "design_heading": "1",
        "heading_align": "t4s-text-center",
        "top_heading": "",
        "icon_heading": "gem",
        "top_subheading": "",
        "tophead_mb": 30,
        "collection": "watches",
        "product_des": "1",
        "show_vendor": false,
        "image_ratio": "ratio1_1",
        "image_size": "cover",
        "image_position": "7",
        "content_align": "default",
        "limit": 8,
        "col_dk": "4",
        "col_tb": "2",
        "col_mb": "2",
        "space_h_item": "30",
        "space_v_item": "30",
        "space_h_item_mb": "10",
        "space_v_item_mb": "20",
        "layout_des": "1",
        "loop": true,
        "au_time": 0,
        "au_hover": true,
        "nav_btn": true,
        "btn_vi": "hover",
        "btn_owl": "default",
        "btn_shape": "none",
        "btn_cl": "dark",
        "btn_size": "small",
        "btn_hidden_mobile": false,
        "nav_dot": true,
        "dot_owl": "default",
        "dots_cl": "dark",
        "dots_round": false,
        "dots_space": 10,
        "dots_hidden_mobile": false,
        "use_pagination": "load-more",
        "enable_bar_lm": false,
        "btn_icon": false,
        "button_style": "outline",
        "btns_size": "large",
        "btns_cl": "dark",
        "button_effect": "fade",
        "btn_pos": "t4s-text-center",
        "layout": "t4s-container-wrap",
        "cl_bg": "",
        "cl_bg_gradient": "",
        "mg": ",,50px,",
        "pd": "",
        "mg_mb": ",,30px,",
        "pd_mb": "",
        "use_cus_css": true,
        "code_cus_css": "a.t4s-btn-style-outline:after,a.t4s-btn-style-outline {\n    border-radius: 40px;\n}"
      }
    },
    "1646445353fa39dc24": {
      "type": "shipping",
      "blocks": {
        "1646445352cf641c76-0": {
          "type": "shipping",
          "settings": {
            "icon_themes": "car",
            "icon": "tractor",
            "title": "FREE SHIPPING",
            "text": "<p>Whether it's a sofa delivery's on the house<\/p>"
          }
        },
        "1646445352cf641c76-1": {
          "type": "shipping",
          "settings": {
            "icon_themes": "diamond",
            "icon": "life-ring",
            "title": "PREMIUM DESIGN",
            "text": "<p>Shop zillions of finds, with new arrivals added daily.<\/p>"
          }
        },
        "1646445352cf641c76-2": {
          "type": "shipping",
          "settings": {
            "icon_themes": "gift",
            "icon": "undo-alt",
            "title": "BEAUTIFUL GIFT WRAPPING",
            "text": "<p>Use the Credit Card to save on your order over $50.<\/p>"
          }
        }
      },
      "block_order": [
        "1646445352cf641c76-0",
        "1646445352cf641c76-1",
        "1646445352cf641c76-2"
      ],
      "settings": {
        "design_heading": "1",
        "heading_align": "t4s-text-center",
        "top_heading": "",
        "icon_heading": "gem",
        "top_subheading": "",
        "tophead_mb": 30,
        "content_align": "text-center",
        "align_vertical": false,
        "design_padding": "1",
        "source": "themes_icon",
        "icon_des": "deafult",
        "icon_size": "large",
        "col_dk": "3",
        "col_tb": "2",
        "col_mb": "1",
        "border": false,
        "cl_bd": "#dddddd",
        "cl_ic": "#222222",
        "cl_hd": "#293341",
        "cl_cot": "#7b7b7b",
        "bg_item": "#ffffff",
        "space_h_item": "30",
        "space_v_item": "30",
        "space_h_item_mb": "10",
        "space_v_item_mb": "10",
        "carousel_mobile": true,
        "dots_cl": "dark",
        "dots_round": true,
        "layout": "t4s-container-wrap",
        "cl_bg": "#f8f8f8",
        "cl_bg_gradient": "",
        "mg": "100px,0,50px,",
        "pd": "90px,0,90px,",
        "mg_mb": "50px,0,0px,",
        "pd_mb": "50px,0,50px,",
        "use_cus_css": false,
        "code_cus_css": ".SectionID {\nbackground-color:red\n}"
      }
    },
    "1646297902fd1ceab1": {
      "type": "custom-section",
      "blocks": {
        "164629790235b02b00-0": {
          "type": "bl_col",
          "settings": {
            "col_dk": "12",
            "col_tb": "12",
            "col_mb": "12",
            "align_vertical": true,
            "content_align": "text-center",
            "content_align_mobile": "center",
            "padding_inner": "30px,,30px",
            "padding_inner_mb": "",
            "bg_cl": "rgba(0,0,0,0)"
          }
        },
        "164629790235b02b00-1": {
          "type": "custom_text",
          "settings": {
            "text": "Latest From Our Blog",
            "remove_br_tag": false,
            "fontf": "inherit",
            "text_cl": "#222222",
            "text_fs": 35,
            "text_lh": 40,
            "text_fw": 500,
            "text_ls": 0,
            "font_italic": false,
            "text_shadow": false,
            "text_mgb": 10,
            "hidden_mobile": false,
            "text_fs_mb": 26,
            "text_lh_mb": 36,
            "text_ls_mb": 0,
            "text_mgb_mobile": 5
          }
        },
        "d4f5efc5-1c85-4169-aaa8-252014485fda": {
          "type": "custom_text",
          "settings": {
            "text": "The freshest and most exciting news",
            "remove_br_tag": false,
            "fontf": "inherit",
            "text_cl": "#7b7b7b",
            "text_fs": 16,
            "text_lh": 30,
            "text_fw": 400,
            "text_ls": 0,
            "font_italic": false,
            "text_shadow": false,
            "text_mgb": 15,
            "hidden_mobile": false,
            "text_fs_mb": 15,
            "text_lh_mb": 30,
            "text_ls_mb": 0,
            "text_mgb_mobile": 10
          }
        }
      },
      "block_order": [
        "164629790235b02b00-0",
        "164629790235b02b00-1",
        "d4f5efc5-1c85-4169-aaa8-252014485fda"
      ],
      "settings": {
        "space_h_item": "30",
        "space_v_item": "30",
        "space_h_item_mb": "10",
        "space_v_item_mb": "10",
        "layout": "t4s-container-wrap",
        "cl_bg": "",
        "cl_bg_gradient": "",
        "mg": "0,0,0px,",
        "pd": "",
        "mg_mb": "0,0,15px,",
        "pd_mb": "50px,0,0px,",
        "use_cus_css": false,
        "code_cus_css": ".SectionID {\nbackground-color:red\n}"
      }
    },
    "1646386417963af50d": {
      "type": "blog-post",
      "settings": {
        "design_heading": "1",
        "heading_align": "t4s-text-center",
        "top_heading": "",
        "icon_heading": "gem",
        "top_subheading": "",
        "tophead_mb": 30,
        "blog": "watches",
        "post_des": "1",
        "show_cate": false,
        "show_tags": false,
        "show_cnt": true,
        "show_au": true,
        "show_dt": true,
        "show_cm": false,
        "show_rm": false,
        "show_irm": false,
        "date": "date",
        "content_align": "t4s-text-start",
        "limit": 8,
        "img_effect": "zoom",
        "b_effect": "pervasive-circle",
        "image_ratio": "ratio3_2",
        "image_size": "cover",
        "image_position": "8",
        "col_dk": "3",
        "col_tb": "2",
        "col_mb": "1",
        "space_h_item": "30",
        "space_v_item": "30",
        "space_h_item_mb": "20",
        "space_v_item_mb": "20",
        "layout_des": "1",
        "loop": true,
        "au_time": 0,
        "au_hover": true,
        "nav_btn": true,
        "btn_vi": "hover",
        "btn_owl": "default",
        "btn_shape": "none",
        "btn_cl": "dark",
        "btn_size": "small",
        "btn_hidden_mobile": false,
        "nav_dot": true,
        "dot_owl": "default",
        "dots_cl": "dark",
        "dots_round": true,
        "dots_space": 6,
        "dots_hidden_mobile": false,
        "use_pagination": "none",
        "enable_bar_lm": true,
        "btn_icon": false,
        "button_style": "default",
        "btns_size": "medium",
        "btns_cl": "default",
        "button_effect": "fade",
        "btn_pos": "t4s-text-center",
        "layout": "t4s-container-wrap",
        "cl_bg": "",
        "cl_bg_gradient": "",
        "mg": ",,50px,",
        "pd": "",
        "mg_mb": ",,50px,",
        "pd_mb": "",
        "use_cus_css": false,
        "code_cus_css": ".SectionID {\nbackground-color:red\n}"
      }
    },
    "1646296632ba394bb7": {
      "type": "custom-section",
      "blocks": {
        "1646296632a1a4920d-0": {
          "type": "bl_col",
          "settings": {
            "col_dk": "12",
            "col_tb": "12",
            "col_mb": "12",
            "align_vertical": true,
            "content_align": "text-center",
            "content_align_mobile": "center",
            "padding_inner": "30px,,30px",
            "padding_inner_mb": "",
            "bg_cl": "rgba(0,0,0,0)"
          }
        },
        "1646296632a1a4920d-1": {
          "type": "custom_text",
          "settings": {
            "text": "Follow us on our Instagram",
            "remove_br_tag": false,
            "fontf": "inherit",
            "text_cl": "#222222",
            "text_fs": 35,
            "text_lh": 40,
            "text_fw": 500,
            "text_ls": 0,
            "font_italic": false,
            "text_shadow": false,
            "text_mgb": 15,
            "hidden_mobile": false,
            "text_fs_mb": 26,
            "text_lh_mb": 36,
            "text_ls_mb": 0,
            "text_mgb_mobile": 15
          }
        },
        "3b9508fb-0f08-42f1-b492-1eec603527af": {
          "type": "custom_text",
          "settings": {
            "text": "After many months design and development of a modern online retailer",
            "remove_br_tag": false,
            "fontf": "inherit",
            "text_cl": "#7b7b7b",
            "text_fs": 16,
            "text_lh": 0,
            "text_fw": 400,
            "text_ls": 0,
            "font_italic": false,
            "text_shadow": false,
            "text_mgb": 15,
            "hidden_mobile": false,
            "text_fs_mb": 15,
            "text_lh_mb": 22,
            "text_ls_mb": 0,
            "text_mgb_mobile": 10
          }
        }
      },
      "block_order": [
        "1646296632a1a4920d-0",
        "1646296632a1a4920d-1",
        "3b9508fb-0f08-42f1-b492-1eec603527af"
      ],
      "settings": {
        "space_h_item": "30",
        "space_v_item": "30",
        "space_h_item_mb": "10",
        "space_v_item_mb": "10",
        "layout": "t4s-container-wrap",
        "cl_bg": "",
        "cl_bg_gradient": "",
        "mg": ",,0px,",
        "pd": "",
        "mg_mb": ",,20px,",
        "pd_mb": "",
        "use_cus_css": false,
        "code_cus_css": ".SectionID {\nbackground-color:red\n}"
      }
    },
    "16463860177b4c6b1b": {
      "type": "instagram-shop",
      "blocks": {
        "16463860175a7dcf9c-0": {
          "type": "img",
          "settings": {
            "image": "shopify:\/\/shop_images\/i3.jpg",
            "url": "",
            "product_1": "bauhaus-century-black-watch",
            "pos_t_1": 27,
            "pos_l_1": 50,
            "pos_popup_1": "top",
            "cl_pin_1": "dark",
            "product_2": "",
            "pos_t_2": 50,
            "pos_l_2": 50,
            "pos_popup_2": "top",
            "cl_pin_2": "dark",
            "product_3": "",
            "pos_t_3": 50,
            "pos_l_3": 50,
            "pos_popup_3": "top",
            "cl_pin_3": "light"
          }
        },
        "16463860175a7dcf9c-1": {
          "type": "img",
          "settings": {
            "image": "shopify:\/\/shop_images\/i2.jpg",
            "url": "",
            "product_1": "eclipse-watch-0-0-star-rating-write-a-review",
            "pos_t_1": 50,
            "pos_l_1": 76,
            "pos_popup_1": "top",
            "cl_pin_1": "dark",
            "product_2": "",
            "pos_t_2": 50,
            "pos_l_2": 50,
            "pos_popup_2": "top",
            "cl_pin_2": "dark",
            "product_3": "",
            "pos_t_3": 50,
            "pos_l_3": 50,
            "pos_popup_3": "top",
            "cl_pin_3": "light"
          }
        },
        "16463860175a7dcf9c-2": {
          "type": "img",
          "settings": {
            "image": "shopify:\/\/shop_images\/i1.jpg",
            "url": "",
            "product_1": "fossil-analog-white-dial-mens-watch",
            "pos_t_1": 15,
            "pos_l_1": 24,
            "pos_popup_1": "top",
            "cl_pin_1": "dark",
            "product_2": "cyan-cuffed-chino-shorts",
            "pos_t_2": 50,
            "pos_l_2": 50,
            "pos_popup_2": "top",
            "cl_pin_2": "dark",
            "product_3": "",
            "pos_t_3": 50,
            "pos_l_3": 50,
            "pos_popup_3": "top",
            "cl_pin_3": "light"
          }
        },
        "16463860175a7dcf9c-3": {
          "type": "img",
          "settings": {
            "image": "shopify:\/\/shop_images\/i6.jpg",
            "url": "",
            "product_1": "",
            "pos_t_1": 50,
            "pos_l_1": 50,
            "pos_popup_1": "top",
            "cl_pin_1": "dark",
            "product_2": "fossil-herren-analog-quarz-smart-watch",
            "pos_t_2": 50,
            "pos_l_2": 50,
            "pos_popup_2": "top",
            "cl_pin_2": "dark",
            "product_3": "",
            "pos_t_3": 50,
            "pos_l_3": 50,
            "pos_popup_3": "top",
            "cl_pin_3": "light"
          }
        },
        "16463860175a7dcf9c-4": {
          "type": "img",
          "settings": {
            "image": "shopify:\/\/shop_images\/i5.jpg",
            "url": "",
            "product_1": "",
            "pos_t_1": 50,
            "pos_l_1": 50,
            "pos_popup_1": "top",
            "cl_pin_1": "dark",
            "product_2": "fitness-and-activity-tracker-wrist-watch",
            "pos_t_2": 31,
            "pos_l_2": 50,
            "pos_popup_2": "top",
            "cl_pin_2": "dark",
            "product_3": "",
            "pos_t_3": 50,
            "pos_l_3": 50,
            "pos_popup_3": "top",
            "cl_pin_3": "light"
          }
        },
        "16463860175a7dcf9c-5": {
          "type": "img",
          "settings": {
            "image": "shopify:\/\/shop_images\/i8.jpg",
            "url": "",
            "product_1": "",
            "pos_t_1": 50,
            "pos_l_1": 50,
            "pos_popup_1": "top",
            "cl_pin_1": "dark",
            "product_2": "dome-watch",
            "pos_t_2": 50,
            "pos_l_2": 50,
            "pos_popup_2": "top",
            "cl_pin_2": "dark",
            "product_3": "",
            "pos_t_3": 50,
            "pos_l_3": 50,
            "pos_popup_3": "top",
            "cl_pin_3": "light"
          }
        },
        "028ebe18-c0ee-4299-bcdb-7faea3a6988c": {
          "type": "img",
          "settings": {
            "image": "shopify:\/\/shop_images\/i7.jpg",
            "url": "",
            "product_1": "",
            "pos_t_1": 50,
            "pos_l_1": 50,
            "pos_popup_1": "top",
            "cl_pin_1": "dark",
            "product_2": "dome-watch",
            "pos_t_2": 50,
            "pos_l_2": 50,
            "pos_popup_2": "top",
            "cl_pin_2": "dark",
            "product_3": "",
            "pos_t_3": 50,
            "pos_l_3": 50,
            "pos_popup_3": "top",
            "cl_pin_3": "light"
          }
        },
        "d6af1a87-62a1-4c04-9a25-adbc866e8c29": {
          "type": "img",
          "settings": {
            "image": "shopify:\/\/shop_images\/i4.jpg",
            "url": "",
            "product_1": "",
            "pos_t_1": 50,
            "pos_l_1": 50,
            "pos_popup_1": "top",
            "cl_pin_1": "dark",
            "product_2": "bauhaus-century-black-watch",
            "pos_t_2": 50,
            "pos_l_2": 50,
            "pos_popup_2": "top",
            "cl_pin_2": "dark",
            "product_3": "",
            "pos_t_3": 50,
            "pos_l_3": 50,
            "pos_popup_3": "top",
            "cl_pin_3": "light"
          }
        }
      },
      "block_order": [
        "16463860175a7dcf9c-0",
        "16463860175a7dcf9c-1",
        "16463860175a7dcf9c-2",
        "16463860175a7dcf9c-3",
        "16463860175a7dcf9c-4",
        "16463860175a7dcf9c-5",
        "028ebe18-c0ee-4299-bcdb-7faea3a6988c",
        "d6af1a87-62a1-4c04-9a25-adbc866e8c29"
      ],
      "settings": {
        "design_heading": "1",
        "heading_align": "t4s-text-center",
        "top_heading": "",
        "icon_heading": "gem",
        "top_subheading": "",
        "tophead_mb": 30,
        "layout_des": "2",
        "pr_pin_des": "1",
        "open_link": "_self",
        "space": "15",
        "space_mb": "10",
        "col_dk": "6",
        "col_tb": "3",
        "col_mb": "2",
        "image_ratio": "ratio1_1",
        "image_size": "cover",
        "image_position": "8",
        "image_bdr": 0,
        "loop": true,
        "au_time": 0,
        "au_hover": true,
        "nav_btn": true,
        "btn_vi": "hover",
        "btn_owl": "outline",
        "btn_shape": "round",
        "btn_cl": "dark",
        "btn_size": "small",
        "btn_hidden_mobile": false,
        "nav_dot": false,
        "dot_owl": "default",
        "dots_cl": "dark",
        "dots_round": false,
        "dots_space": 10,
        "dots_hidden_mobile": false,
        "layout": "t4s-container-fluid",
        "cl_bg": "",
        "cl_bg_gradient": "",
        "mg": ",,15px,",
        "pd": "",
        "mg_mb": ",,10px,",
        "pd_mb": ""
      }
    }
  },
  "order": [
    "16461627553debd4ba",
    "16462124360bae7995",
    "16463827833270dd78",
    "164627823186bdf17a",
    "16462941386b111e9b",
    "1646383065297ed5a9",
    "16462942969052dd08",
    "16463843721c2f3ce5",
    "1646445353fa39dc24",
    "1646297902fd1ceab1",
    "1646386417963af50d",
    "1646296632ba394bb7",
    "16463860177b4c6b1b"
  ]
}