{
  "sections": {
    "1646028739ae283905": {
      "type": "slideshow",
      "blocks": {
        "164602873867eb3815-0": {
          "type": "image_parent",
          "settings": {
            "image": "shopify:\/\/shop_images\/Main-Banner-01.jpg",
            "image_position": "8",
            "cl_img": "",
            "link_img1": "",
            "open_link": "_blank",
            "animate_slide": "none",
            "text_align": "start",
            "text_align_mb": "center",
            "content_width": "container",
            "cv_pos": 50,
            "ch_pos": 0,
            "cv_pos_mb": 50,
            "ch_pos_mb": 0,
            "bg_overlay": "#000000",
            "bg_opacity": 0,
            "bg_content_cl": "rgba(0,0,0,0)",
            "bg_content_op": 0,
            "content_pd_tb": 15,
            "content_pd_lr": 15,
            "content_pd_tb_mb": 10,
            "content_pd_lr_mb": 10,
            "border_bl": false,
            "br_color": "#222222",
            "br_bg": "#ffffff",
            "br_opacity": 50,
            "br_style": "solid",
            "br_pd": 20,
            "br_pd_mb": 10,
            "time_animation": 1,
            "animation_delay": 30
          }
        },
        "164602873867eb3815-1": {
          "type": "custom_text",
          "settings": {
            "text": "Hot items in this month",
            "remove_br_tag": false,
            "fontf": "2",
            "text_cl": "#ffffff",
            "text_fs": 17,
            "text_lh": 60,
            "text_fw": 300,
            "text_ls": 0,
            "text_mgb": 10,
            "font_italic": false,
            "text_shadow": false,
            "hidden_mobile": false,
            "text_fs_mb": 15,
            "text_lh_mb": 30,
            "text_ls_mb": 0,
            "text_mgb_mobile": 5,
            "animation": "fadeInUp"
          }
        },
        "164602873867eb3815-2": {
          "type": "custom_text",
          "settings": {
            "text": "Make Your Grass <br>Prefect!",
            "remove_br_tag": false,
            "fontf": "2",
            "text_cl": "#ffffff",
            "text_fs": 58,
            "text_lh": 64,
            "text_fw": 700,
            "text_ls": 0,
            "text_mgb": 10,
            "font_italic": false,
            "text_shadow": false,
            "hidden_mobile": false,
            "text_fs_mb": 30,
            "text_lh_mb": 42,
            "text_ls_mb": 0,
            "text_mgb_mobile": 5,
            "animation": "fadeInUp"
          }
        },
        "b541e0a9-583c-403a-8cc8-c2f27df45d51": {
          "type": "custom_text",
          "settings": {
            "text": "$145.00",
            "remove_br_tag": false,
            "fontf": "2",
            "text_cl": "#a20401",
            "text_fs": 26,
            "text_lh": 60,
            "text_fw": 500,
            "text_ls": 0,
            "text_mgb": 15,
            "font_italic": false,
            "text_shadow": false,
            "hidden_mobile": false,
            "text_fs_mb": 16,
            "text_lh_mb": 42,
            "text_ls_mb": 0,
            "text_mgb_mobile": 5,
            "animation": "fadeInUp"
          }
        },
        "390cb6f8-c5fc-44ed-badf-074a03818e5a": {
          "type": "custom_button",
          "settings": {
            "button_text": "Discover More",
            "button_link": "shopify:\/\/collections",
            "target_link": "_self",
            "fontf": "2",
            "button_icon_w": 0,
            "button_style": "outline",
            "button_effect": "sweep-to-right",
            "pri_cl": "#ffffff",
            "second_cl": "#ffffff",
            "pri_cl_hover": "#a20401",
            "second_cl_hover": "#ffffff",
            "fsbutton": 15,
            "fwbutton": 500,
            "button_ls": 0,
            "button_mh": 48,
            "button_bdr": 0,
            "button_pd_lr": 47,
            "button_mgb": 0,
            "hidden_mobile": false,
            "button_icon_w_mb": 0,
            "fsbutton_mb": 12,
            "button_mh_mb": 36,
            "button_pd_lr_mb": 34,
            "button_ls_mb": 0,
            "button_mgb_mb": 0,
            "animation": "fadeInUp"
          }
        }
      },
      "block_order": [
        "164602873867eb3815-0",
        "164602873867eb3815-1",
        "164602873867eb3815-2",
        "b541e0a9-583c-403a-8cc8-c2f27df45d51",
        "390cb6f8-c5fc-44ed-badf-074a03818e5a"
      ],
      "settings": {
        "se_height": "t4s_ratio_cuspx",
        "custom_dk": true,
        "height_dk": 640,
        "custom_tb": true,
        "height_tb": 500,
        "custom_mb": true,
        "height_mb": 250,
        "eff": "fade",
        "loop": true,
        "au_time": 8.5,
        "au_hover": true,
        "nav_btn": false,
        "btn_vi": "hover",
        "btn_owl": "default",
        "btn_shape": "none",
        "btn_cl": "dark",
        "btn_size": "small",
        "btn_hidden_mobile": false,
        "nav_dot": true,
        "dot_owl": "default",
        "dots_cl": "dark",
        "dots_round": true,
        "dots_space": 10,
        "dots_hidden_mobile": false,
        "layout": "t4s-container-fluid",
        "cl_bg": "",
        "cl_bg_gradient": "",
        "mg": "",
        "pd": "",
        "mg_mb": "",
        "pd_mb": "",
        "use_cus_css": false,
        "code_cus_css": ".SectionID {\nbackground-color:red\n}"
      }
    },
    "165536770639194c8d": {
      "type": "collections-list-simple",
      "blocks": {
        "1655367706fdf67f14-0": {
          "type": "collection_item",
          "settings": {
            "collection": "machines",
            "collection_title": "Power Tools",
            "collection_link": ""
          }
        },
        "1655367706fdf67f14-1": {
          "type": "collection_item",
          "settings": {
            "collection": "tools",
            "collection_title": "Drills & Drivers",
            "collection_link": ""
          }
        },
        "1655367706fdf67f14-2": {
          "type": "collection_item",
          "settings": {
            "collection": "machines",
            "collection_title": "Work Benche",
            "collection_link": ""
          }
        },
        "1655367706fdf67f14-3": {
          "type": "collection_item",
          "settings": {
            "collection": "tools",
            "collection_title": "Hand Tools Set",
            "collection_link": ""
          }
        },
        "1655367706fdf67f14-4": {
          "type": "collection_item",
          "settings": {
            "collection": "machines",
            "collection_title": "Safety Equipment",
            "collection_link": ""
          }
        },
        "1655367706fdf67f14-5": {
          "type": "collection_item",
          "settings": {
            "collection": "tools",
            "collection_title": "Measuring Tool",
            "collection_link": ""
          }
        },
        "d45d4758-bae0-436a-868c-a1f770364927": {
          "type": "collection_item",
          "settings": {
            "collection": "machines",
            "collection_title": "Hammer Drills",
            "collection_link": ""
          }
        }
      },
      "block_order": [
        "1655367706fdf67f14-0",
        "1655367706fdf67f14-1",
        "1655367706fdf67f14-2",
        "1655367706fdf67f14-3",
        "1655367706fdf67f14-4",
        "1655367706fdf67f14-5",
        "d45d4758-bae0-436a-868c-a1f770364927"
      ],
      "settings": {
        "title_cl": "#ffffff",
        "title_cl_hover": "#222222",
        "open_link": "_self",
        "space_item_dk": 100,
        "space_item_tb": 35,
        "space_item_mb": 25,
        "layout": "t4s-container-wrap",
        "cl_bg": "#a20401",
        "cl_bg_gradient": "",
        "mg": ",,50px,",
        "pd": "10px,,10px,",
        "mg_mb": ",,30px,",
        "pd_mb": "10px,,10px,"
      }
    },
    "1655178862746d9082": {
      "type": "custom-section",
      "blocks": {
        "375cb9d7-18d3-43c3-8866-f546675fac6a": {
          "type": "bl_col",
          "settings": {
            "col_dk": "12",
            "col_tb": "12",
            "col_mb": "12",
            "align_vertical": false,
            "content_align": "center",
            "content_align_tablet": "center",
            "content_align_mobile": "center",
            "padding_inner": "",
            "padding_inner_mb": "",
            "bg_cl": "#ffffff"
          }
        },
        "239ab6ec-d97b-4688-8972-0acf4cb1dd20": {
          "type": "custom_text",
          "settings": {
            "text": "This Week’s Offers",
            "remove_br_tag": false,
            "fontf": "2",
            "text_cl": "#111111",
            "text_fs": 34,
            "text_lh": 60,
            "text_fw": 600,
            "text_ls": 0,
            "font_italic": false,
            "text_shadow": false,
            "text_mgb": 0,
            "hidden_mobile": false,
            "text_fs_mb": 24,
            "text_lh_mb": 30,
            "text_ls_mb": 0,
            "text_mgb_mobile": 0
          }
        },
        "1655178861445c17ca-0": {
          "type": "bl_col",
          "settings": {
            "col_dk": "4",
            "col_tb": "6",
            "col_mb": "12",
            "align_vertical": false,
            "content_align": "start",
            "content_align_tablet": "start",
            "content_align_mobile": "start",
            "padding_inner": "",
            "padding_inner_mb": "0,0,30px,0",
            "bg_cl": "rgba(0,0,0,0)"
          }
        },
        "022912ca-9e35-4105-8402-65f56cedbf46": {
          "type": "image",
          "settings": {
            "image_child": "shopify:\/\/shop_images\/Offer-Banner-01.jpg",
            "img_width": 0,
            "img_width_mb": 0,
            "b_effect": "plus-zoom-overlay",
            "hidden_mobile": false,
            "mgb": 10,
            "mgb_mb": 10
          }
        },
        "1655178861445c17ca-1": {
          "type": "custom_text",
          "settings": {
            "text": "Buy 1, Get 1 Free",
            "remove_br_tag": false,
            "fontf": "inherit",
            "text_cl": "#000000",
            "text_fs": 22,
            "text_lh": 60,
            "text_fw": 600,
            "text_ls": 0,
            "font_italic": false,
            "text_shadow": false,
            "text_mgb": 0,
            "hidden_mobile": false,
            "text_fs_mb": 20,
            "text_lh_mb": 30,
            "text_ls_mb": 0,
            "text_mgb_mobile": 0
          }
        },
        "1655178861445c17ca-2": {
          "type": "custom_text",
          "settings": {
            "text": "Select latest tools from our top brands",
            "remove_br_tag": false,
            "fontf": "2",
            "text_cl": "#777777",
            "text_fs": 16,
            "text_lh": 24,
            "text_fw": 300,
            "text_ls": 0,
            "font_italic": false,
            "text_shadow": false,
            "text_mgb": 20,
            "hidden_mobile": false,
            "text_fs_mb": 16,
            "text_lh_mb": 24,
            "text_ls_mb": 0,
            "text_mgb_mobile": 20
          }
        },
        "7482dc74-af36-4275-9038-8723f67f8865": {
          "type": "custom_button",
          "settings": {
            "button_text": "View All",
            "button_link": "shopify:\/\/collections",
            "target_link": "_self",
            "fontf": "inherit",
            "button_icon_w": 0,
            "button_style": "outline",
            "button_effect": "default",
            "pri_cl": "#a20401",
            "second_cl": "",
            "pri_cl_hover": "#a20401",
            "second_cl_hover": "#ffffff",
            "fsbutton": 15,
            "fwbutton": 500,
            "button_ls": 0,
            "button_mh": 40,
            "button_bdr": 3,
            "button_pd_lr": 50,
            "button_mgb": 0,
            "hidden_mobile": false,
            "button_icon_w_mb": 0,
            "fsbutton_mb": 14,
            "button_mh_mb": 40,
            "button_pd_lr_mb": 30,
            "button_ls_mb": 0,
            "button_mgb_mb": 20
          }
        },
        "1655178861445c17ca-3": {
          "type": "bl_col",
          "settings": {
            "col_dk": "4",
            "col_tb": "6",
            "col_mb": "12",
            "align_vertical": false,
            "content_align": "start",
            "content_align_tablet": "start",
            "content_align_mobile": "start",
            "padding_inner": "",
            "padding_inner_mb": "0,0,30px,0",
            "bg_cl": "rgba(0,0,0,0)"
          }
        },
        "aa56de7f-455f-4438-a027-09fcde38632f": {
          "type": "image",
          "settings": {
            "image_child": "shopify:\/\/shop_images\/Offer-Banner-02.jpg",
            "img_width": 0,
            "img_width_mb": 0,
            "b_effect": "border-run",
            "hidden_mobile": false,
            "mgb": 10,
            "mgb_mb": 10
          }
        },
        "a883d944-fdbb-40a7-9918-cd7f214ab0cd": {
          "type": "custom_text",
          "settings": {
            "text": "UP To 35% Off",
            "remove_br_tag": false,
            "fontf": "inherit",
            "text_cl": "#111111",
            "text_fs": 22,
            "text_lh": 60,
            "text_fw": 600,
            "text_ls": 0,
            "font_italic": false,
            "text_shadow": false,
            "text_mgb": 0,
            "hidden_mobile": false,
            "text_fs_mb": 20,
            "text_lh_mb": 30,
            "text_ls_mb": 0,
            "text_mgb_mobile": 0
          }
        },
        "b60d21a1-986b-4f55-9af7-ad171d2aed98": {
          "type": "custom_text",
          "settings": {
            "text": "Select Outdoor Power Equipment",
            "remove_br_tag": false,
            "fontf": "inherit",
            "text_cl": "#777777",
            "text_fs": 16,
            "text_lh": 24,
            "text_fw": 300,
            "text_ls": 0,
            "font_italic": false,
            "text_shadow": false,
            "text_mgb": 20,
            "hidden_mobile": false,
            "text_fs_mb": 16,
            "text_lh_mb": 24,
            "text_ls_mb": 0,
            "text_mgb_mobile": 20
          }
        },
        "560fd945-145d-44e0-96ea-806c391c497c": {
          "type": "custom_button",
          "settings": {
            "button_text": "Shop Now",
            "button_link": "shopify:\/\/collections",
            "target_link": "_self",
            "fontf": "inherit",
            "button_icon_w": 0,
            "button_style": "outline",
            "button_effect": "default",
            "pri_cl": "#a20401",
            "second_cl": "",
            "pri_cl_hover": "#a20401",
            "second_cl_hover": "#ffffff",
            "fsbutton": 15,
            "fwbutton": 500,
            "button_ls": 0,
            "button_mh": 40,
            "button_bdr": 3,
            "button_pd_lr": 43,
            "button_mgb": 0,
            "hidden_mobile": false,
            "button_icon_w_mb": 0,
            "fsbutton_mb": 14,
            "button_mh_mb": 40,
            "button_pd_lr_mb": 30,
            "button_ls_mb": 0,
            "button_mgb_mb": 20
          }
        },
        "830c9820-b673-4614-ab09-f2f5fa1fc211": {
          "type": "bl_col",
          "settings": {
            "col_dk": "4",
            "col_tb": "12",
            "col_mb": "12",
            "align_vertical": false,
            "content_align": "start",
            "content_align_tablet": "start",
            "content_align_mobile": "start",
            "padding_inner": "",
            "padding_inner_mb": "",
            "bg_cl": "rgba(0,0,0,0)"
          }
        },
        "63a068da-5802-4cf0-9a52-ae4c84148c91": {
          "type": "image",
          "settings": {
            "image_child": "shopify:\/\/shop_images\/Offer-Banner-03.jpg",
            "img_width": 0,
            "img_width_mb": 0,
            "b_effect": "plus-zoom-overlay",
            "hidden_mobile": false,
            "mgb": 10,
            "mgb_mb": 10
          }
        },
        "26cdedd5-12bc-4a3f-ae01-8ddcd5372da7": {
          "type": "custom_text",
          "settings": {
            "text": "50% Off All Mowers",
            "remove_br_tag": false,
            "fontf": "inherit",
            "text_cl": "#111111",
            "text_fs": 22,
            "text_lh": 60,
            "text_fw": 600,
            "text_ls": 0,
            "font_italic": false,
            "text_shadow": false,
            "text_mgb": 0,
            "hidden_mobile": false,
            "text_fs_mb": 20,
            "text_lh_mb": 30,
            "text_ls_mb": 0,
            "text_mgb_mobile": 0
          }
        },
        "f51d17fd-7aa1-49e1-9030-1c9721cd79cf": {
          "type": "custom_text",
          "settings": {
            "text": "Make your grass perfect & select mower",
            "remove_br_tag": false,
            "fontf": "inherit",
            "text_cl": "#777777",
            "text_fs": 16,
            "text_lh": 24,
            "text_fw": 300,
            "text_ls": 0,
            "font_italic": false,
            "text_shadow": false,
            "text_mgb": 20,
            "hidden_mobile": false,
            "text_fs_mb": 16,
            "text_lh_mb": 24,
            "text_ls_mb": 0,
            "text_mgb_mobile": 20
          }
        },
        "4a2e9a17-351b-4d00-9cbf-640f2d1c126b": {
          "type": "custom_button",
          "settings": {
            "button_text": "Purches Now",
            "button_link": "shopify:\/\/collections",
            "target_link": "_self",
            "fontf": "inherit",
            "button_icon_w": 0,
            "button_style": "outline",
            "button_effect": "default",
            "pri_cl": "#a20401",
            "second_cl": "",
            "pri_cl_hover": "#a20401",
            "second_cl_hover": "#ffffff",
            "fsbutton": 15,
            "fwbutton": 500,
            "button_ls": 0,
            "button_mh": 40,
            "button_bdr": 3,
            "button_pd_lr": 32,
            "button_mgb": 0,
            "hidden_mobile": false,
            "button_icon_w_mb": 0,
            "fsbutton_mb": 14,
            "button_mh_mb": 40,
            "button_pd_lr_mb": 30,
            "button_ls_mb": 0,
            "button_mgb_mb": 0
          }
        }
      },
      "block_order": [
        "375cb9d7-18d3-43c3-8866-f546675fac6a",
        "239ab6ec-d97b-4688-8972-0acf4cb1dd20",
        "1655178861445c17ca-0",
        "022912ca-9e35-4105-8402-65f56cedbf46",
        "1655178861445c17ca-1",
        "1655178861445c17ca-2",
        "7482dc74-af36-4275-9038-8723f67f8865",
        "1655178861445c17ca-3",
        "aa56de7f-455f-4438-a027-09fcde38632f",
        "a883d944-fdbb-40a7-9918-cd7f214ab0cd",
        "b60d21a1-986b-4f55-9af7-ad171d2aed98",
        "560fd945-145d-44e0-96ea-806c391c497c",
        "830c9820-b673-4614-ab09-f2f5fa1fc211",
        "63a068da-5802-4cf0-9a52-ae4c84148c91",
        "26cdedd5-12bc-4a3f-ae01-8ddcd5372da7",
        "f51d17fd-7aa1-49e1-9030-1c9721cd79cf",
        "4a2e9a17-351b-4d00-9cbf-640f2d1c126b"
      ],
      "settings": {
        "space_h_item": "30",
        "space_v_item": "10",
        "space_h_item_mb": "10",
        "space_v_item_mb": "10",
        "layout": "t4s-container-wrap",
        "cl_bg": "",
        "cl_bg_gradient": "",
        "mg": ",,50px,",
        "pd": "",
        "mg_tb": ",,50px,",
        "pd_tb": "",
        "mg_mb": "30px,,90px,",
        "pd_mb": "",
        "use_cus_css": false,
        "code_cus_css": ".SectionID {\nbackground-color:red\n}"
      }
    },
    "16552598620bb3d5f6": {
      "type": "collection-products-deal",
      "blocks": {
        "2289a87a-33b4-4eca-87e6-f2e1a42e62ef": {
          "type": "product",
          "settings": {
            "title": "",
            "link_product": "shopify:\/\/products\/corded-20-volt-circular-saw",
            "total": 100,
            "available": 75
          }
        },
        "a073acea-e354-4ba2-9d11-616abf07c00e": {
          "type": "product",
          "settings": {
            "title": "",
            "link_product": "shopify:\/\/products\/switch-cord-angle-grinder",
            "total": 100,
            "available": 75
          }
        },
        "928da684-35f1-4399-869a-8dceae6fd0fa": {
          "type": "product",
          "settings": {
            "title": "",
            "link_product": "shopify:\/\/products\/multipose-rotary-toolcase",
            "total": 100,
            "available": 75
          }
        },
        "4753eea0-9fb8-47a3-9194-4c26afb1425d": {
          "type": "product",
          "settings": {
            "title": "",
            "link_product": "shopify:\/\/products\/max-jobsite-blower-tool",
            "total": 100,
            "available": 75
          }
        }
      },
      "block_order": [
        "2289a87a-33b4-4eca-87e6-f2e1a42e62ef",
        "a073acea-e354-4ba2-9d11-616abf07c00e",
        "928da684-35f1-4399-869a-8dceae6fd0fa",
        "4753eea0-9fb8-47a3-9194-4c26afb1425d"
      ],
      "settings": {
        "heading_align": "t4s-text-start",
        "top_heading": "Daily Flash Sale!",
        "cd_txt": "",
        "date": "2022\/12\/20",
        "cl_text": "#a20401",
        "bg_cdt": "#ffffff",
        "tophead_mb": 30,
        "section_layout": "3",
        "layout_border": false,
        "box_border_r": 0,
        "box_border_cl": "#4e97fd",
        "product_des": "4",
        "show_vendor": true,
        "use_cdt": false,
        "image_ratio": "ratio1_1",
        "image_size": "cover",
        "image_position": "8",
        "content_align": "default",
        "pr_limit": 8,
        "col_dk": "4",
        "col_tb": "2",
        "col_mb": "2",
        "space_h_item": "30",
        "space_v_item": "30",
        "space_h_item_mb": "10",
        "space_v_item_mb": "10",
        "show_stock_bar": false,
        "txt_sold": "Sold:",
        "txt_avai": "Available:",
        "cl_stock_1": "#4e97fd",
        "cl_stock_2": "#77ccfd",
        "layout_des": "2",
        "loop": true,
        "au_time": 0,
        "au_hover": true,
        "nav_btn": false,
        "btn_vi": "hover",
        "btn_owl": "default",
        "btn_shape": "none",
        "btn_cl": "dark",
        "btn_size": "small",
        "btn_hidden_mobile": true,
        "nav_dot": false,
        "dot_owl": "default",
        "dots_cl": "dark",
        "dots_round": true,
        "dots_space": 10,
        "dots_hidden_mobile": false,
        "use_pagination": "none",
        "btn_style": "style-1",
        "btn_icon": false,
        "btn_pos": "t4s-text-center",
        "layout": "t4s-container-wrap",
        "cl_bg": "",
        "cl_bg_gradient": "",
        "mg": ",,82px,",
        "pd": "",
        "mg_mb": ",,42px,",
        "pd_mb": "",
        "use_cus_css": false,
        "code_cus_css": ".SectionID {\nbackground-color:red\n}"
      }
    },
    "1655189774ab67703a": {
      "type": "banner-with-navigation",
      "blocks": {
        "16551897747a5b759e-0": {
          "type": "image_parent",
          "settings": {
            "image": "shopify:\/\/shop_images\/Category-Banner.jpg",
            "b_link": "shopify:\/\/collections\/tools",
            "open_link": "_self",
            "content_align": "start",
            "content_align_mobile": "center",
            "content_width": "auto",
            "cv_pos": 92,
            "ch_pos": 15,
            "cv_pos_mb": 50,
            "ch_pos_mb": 50,
            "bg_overlay": "#000000",
            "bg_opacity": 0,
            "bg_content_bl": false,
            "bg_content_cl": "#ffffff",
            "bg_content_op": 50,
            "content_pd_tb": 20,
            "content_pd_lr": 20,
            "content_pd_tb_mb": 10,
            "content_pd_lr_mb": 10,
            "border_bl": false,
            "br_color": "#222222",
            "br_bg": "#ffffff",
            "br_opacity": 50,
            "br_style": "solid",
            "br_pd": 20,
            "br_pd_mb": 10,
            "time_animation": 1,
            "animation_delay": 40
          }
        },
        "16551897747a5b759e-1": {
          "type": "custom_text",
          "settings": {
            "text": "20% Discount",
            "remove_br_tag": false,
            "fontf": "1",
            "text_cl": "#ffffff",
            "text_fs": 17,
            "text_lh": 48,
            "text_fw": 500,
            "text_ls": 0,
            "font_italic": false,
            "text_shadow": false,
            "text_mgb": 5,
            "hidden_mobile": false,
            "text_fs_mb": 14,
            "text_lh_mb": 30,
            "text_ls_mb": 0,
            "text_mgb_mobile": 4,
            "animation": "fadeInLeft"
          }
        },
        "16551897747a5b759e-2": {
          "type": "custom_text",
          "settings": {
            "text": "Ingco Water<br>Pump",
            "remove_br_tag": false,
            "fontf": "inherit",
            "text_cl": "#ffffff",
            "text_fs": 45,
            "text_lh": 50,
            "text_fw": 700,
            "text_ls": 0,
            "font_italic": false,
            "text_shadow": false,
            "text_mgb": 25,
            "hidden_mobile": false,
            "text_fs_mb": 24,
            "text_lh_mb": 30,
            "text_ls_mb": 0,
            "text_mgb_mobile": 20,
            "animation": "fadeInLeft"
          }
        },
        "7ef5a574-1e54-4e8a-a5ad-3ebb9a6c6c5c": {
          "type": "custom_button",
          "settings": {
            "button_text": "Discover Now",
            "button_link": "shopify:\/\/collections\/tools",
            "target_link": "_self",
            "fontf": "1",
            "button_icon_w": 0,
            "button_style": "default",
            "button_effect": "default",
            "pri_cl": "#a20401",
            "second_cl": "#ffffff",
            "pri_cl_hover": "#a20401",
            "second_cl_hover": "#ffffff",
            "fsbutton": 15,
            "fwbutton": 500,
            "button_ls": 0,
            "button_mh": 40,
            "button_bdr": 3,
            "button_pd_lr": 40,
            "button_mgb": 0,
            "hidden_mobile": false,
            "button_icon_w_mb": 0,
            "fsbutton_mb": 14,
            "button_mh_mb": 40,
            "button_pd_lr_mb": 15,
            "button_ls_mb": 0,
            "button_mgb_mb": 0,
            "animation": "fadeInLeft"
          }
        }
      },
      "block_order": [
        "16551897747a5b759e-0",
        "16551897747a5b759e-1",
        "16551897747a5b759e-2",
        "7ef5a574-1e54-4e8a-a5ad-3ebb9a6c6c5c"
      ],
      "settings": {
        "design_heading": "1",
        "heading_align": "t4s-text-center",
        "top_heading": "",
        "icon_heading": "las la-gem",
        "top_subheading": "",
        "tophead_mb": 30,
        "enable_border": true,
        "banner_pos": "start",
        "col_dk": "5",
        "col_tb": "5",
        "banner_pd": "0,60px,0,0",
        "banner_pd_mb": "0,30px,0,0",
        "image_ratio": "ratioadapt",
        "image_size": "cover",
        "image_position": "8",
        "img_effect": "zoom",
        "b_effect": "plus-zoom-overlay",
        "col_nav": "3",
        "padding_inner": "0px,80px,0px,0",
        "padding_inner_mb": "20px,0,20px,0",
        "menu": "banner-with-navigation",
        "layout": "t4s-container-wrap",
        "cl_bg": "",
        "cl_bg_gradient": "",
        "mg": ",,50px,",
        "pd": "",
        "mg_mb": ",,30px,",
        "pd_mb": "",
        "use_cus_css": false,
        "code_cus_css": ".SectionID {\nbackground-color:red\n}"
      }
    },
    "1655195721250e686c": {
      "type": "collection-products-banner2",
      "blocks": {
        "f880190f-9595-4557-a288-a757f395b75f": {
          "type": "b_item",
          "settings": {
            "image": "shopify:\/\/shop_images\/Product-Banner-01.jpg",
            "b_link": "shopify:\/\/collections\/tools",
            "open_link": "_self",
            "img_effect": "translateToRight",
            "b_effect": "dark-overlay",
            "content_align": "center",
            "content_align_mobile": "center",
            "custom_height": 250,
            "cv_pos": 91,
            "ch_pos": 50,
            "cv_pos_mb": 90,
            "ch_pos_mb": 50,
            "bg_overlay": "#000000",
            "bg_opacity": 0,
            "bg_content_bl": false,
            "bg_content_cl": "#ffffff",
            "bg_content_op": 50,
            "content_pd_tb": 20,
            "content_pd_lr": 20,
            "content_pd_tb_mb": 10,
            "content_pd_lr_mb": 10,
            "border_bl": false,
            "br_color": "#222222",
            "br_bg": "#ffffff",
            "br_opacity": 50,
            "br_style": "solid",
            "br_pd": 20,
            "br_pd_mb": 10,
            "time_animation": 1,
            "animation_delay": 40,
            "col_dk": "3",
            "col_tb": "4",
            "col_mb": "12"
          }
        },
        "86e6e897-7355-474a-aa61-5500b7bec0ec": {
          "type": "custom_text",
          "settings": {
            "text": "FREE SHIPPING",
            "remove_br_tag": true,
            "fontf": "inherit",
            "text_cl": "#ffffff",
            "text_fs": 17,
            "text_lh": 0,
            "text_fw": 500,
            "text_ls": 0,
            "font_italic": false,
            "text_shadow": false,
            "text_mgb": 14,
            "hidden_mobile": false,
            "text_fs_mb": 16,
            "text_lh_mb": 0,
            "text_ls_mb": 0,
            "text_mgb_mobile": 10,
            "animation": "none"
          }
        },
        "1415d588-bf92-48c0-a997-c573cccb132e": {
          "type": "custom_text",
          "settings": {
            "text": "Automation Digital <br>\nEquipment",
            "remove_br_tag": true,
            "fontf": "inherit",
            "text_cl": "#ffffff",
            "text_fs": 26,
            "text_lh": 38,
            "text_fw": 700,
            "text_ls": 0,
            "font_italic": false,
            "text_shadow": false,
            "text_mgb": 0,
            "hidden_mobile": false,
            "text_fs_mb": 20,
            "text_lh_mb": 30,
            "text_ls_mb": 0,
            "text_mgb_mobile": 0,
            "animation": "none"
          }
        }
      },
      "block_order": [
        "f880190f-9595-4557-a288-a757f395b75f",
        "86e6e897-7355-474a-aa61-5500b7bec0ec",
        "1415d588-bf92-48c0-a997-c573cccb132e"
      ],
      "settings": {
        "top_heading": "Recommended For You",
        "heading_height": 30,
        "tophead_mb": 30,
        "collection": "tools",
        "product_des": "2",
        "show_vendor": true,
        "use_cdt": true,
        "image_ratio": "rationt",
        "image_size": "cover",
        "image_position": "8",
        "content_align": "default",
        "limit": 8,
        "col_dk": "3",
        "col_tb": "2",
        "col_mb": "2",
        "space_h_item": "30",
        "space_v_item": "30",
        "space_h_item_mb": "10",
        "space_v_item_mb": "10",
        "layout_des": "2",
        "banner_pos": "right",
        "loop": true,
        "au_time": 0,
        "au_hover": true,
        "nav_btn": true,
        "slide_btn_pos": "ontop",
        "btn_vi": "always",
        "btn_owl": "simple",
        "btn_shape": "none",
        "btn_cl": "dark",
        "btn_size": "small",
        "btn_hidden_mobile": true,
        "nav_dot": false,
        "dot_owl": "default",
        "dots_cl": "dark",
        "dots_round": true,
        "dots_space": 10,
        "dots_hidden_mobile": false,
        "viewall_btn": true,
        "btn_icon": false,
        "button_style": "outline",
        "btns_size": "large",
        "btns_cl": "primary",
        "button_effect": "sweep-to-right",
        "btn_pos": "t4s-text-start",
        "layout": "t4s-container-wrap",
        "cl_bg": "",
        "cl_bg_gradient": "",
        "mg": ",,90px,",
        "pd": "",
        "mg_mb": ",,50px,",
        "pd_mb": "",
        "use_cus_css": false,
        "code_cus_css": ".SectionID {\nbackground-color:red\n}"
      }
    },
    "16552197049d53827f": {
      "type": "custom-section",
      "blocks": {
        "1655219703721ddcd1-0": {
          "type": "bl_col",
          "settings": {
            "col_dk": "12",
            "col_tb": "12",
            "col_mb": "12",
            "align_vertical": true,
            "content_align": "center",
            "content_align_tablet": "center",
            "content_align_mobile": "center",
            "padding_inner": "30px,,30px",
            "padding_inner_mb": "30px,15px,30px,15px",
            "bg_image": "shopify:\/\/shop_images\/Promo-Banner.jpg",
            "bg_cl": "rgba(0,0,0,0)"
          }
        },
        "1655219703721ddcd1-1": {
          "type": "custom_text",
          "settings": {
            "text": "Big Sale Off All Items Up To 50% Off",
            "remove_br_tag": false,
            "fontf": "inherit",
            "text_cl": "#ffffff",
            "text_fs": 26,
            "text_lh": 24,
            "text_fw": 600,
            "text_ls": 0,
            "font_italic": false,
            "text_shadow": false,
            "text_mgb": 10,
            "hidden_mobile": false,
            "text_fs_mb": 20,
            "text_lh_mb": 24,
            "text_ls_mb": 0,
            "text_mgb_mobile": 5
          }
        },
        "1655219703721ddcd1-2": {
          "type": "custom_text",
          "disabled": true,
          "settings": {
            "text": "Coming soon on September. View More",
            "remove_br_tag": false,
            "fontf": "inherit",
            "text_cl": "#ffffff",
            "text_fs": 14,
            "text_lh": 24,
            "text_fw": 400,
            "text_ls": 0,
            "font_italic": false,
            "text_shadow": false,
            "text_mgb": 0,
            "hidden_mobile": false,
            "text_fs_mb": 14,
            "text_lh_mb": 0,
            "text_ls_mb": 0,
            "text_mgb_mobile": 10
          }
        },
        "3fe895c7-8d5d-4071-8367-0ae15729a80a": {
          "type": "html",
          "settings": {
            "html_content": "<p class=\" t4s-text-bl t4s-fnt-fm-inherit t4s-font-italic-false t4s-hidden-mobile-false t4s-br-mb-false t4s-text-shadow-false\" id=\"b_1655219703721ddcd1-2\" style=\"--animation: ;--delay-animation:s;--text-cl:#fff;--text-fs:14px;--text-fw:400;--text-lh:24px;--text-ls:0px;--text-mgb:0px;--text-fs-mb:14px;--text-lh-mb:0px;--text-ls-mb:0px;--text-mgb-mb:10px;\">Coming soon on September. <a href=\"\/collections\/tools\" style=\"color:#fff;text-decoration:underline\">View More<\/a><\/p>",
            "hidden_mobile": false
          }
        }
      },
      "block_order": [
        "1655219703721ddcd1-0",
        "1655219703721ddcd1-1",
        "1655219703721ddcd1-2",
        "3fe895c7-8d5d-4071-8367-0ae15729a80a"
      ],
      "settings": {
        "space_h_item": "30",
        "space_v_item": "30",
        "space_h_item_mb": "10",
        "space_v_item_mb": "10",
        "layout": "t4s-container-wrap",
        "cl_bg": "",
        "cl_bg_gradient": "",
        "mg": ",,82px,",
        "pd": "",
        "mg_tb": ",,52px,",
        "pd_tb": "",
        "mg_mb": ",,32px,",
        "pd_mb": "",
        "use_cus_css": false,
        "code_cus_css": ".SectionID {\nbackground-color:red\n}"
      }
    },
    "1655222821bc216656": {
      "type": "collections-list-manual",
      "blocks": {
        "165522282180498834-0": {
          "type": "collection_item",
          "settings": {
            "collection": "tools",
            "image": "shopify:\/\/shop_images\/Collection-Banner-01.jpg",
            "collection_title": "Power Tools",
            "collection_link": ""
          }
        },
        "165522282180498834-1": {
          "type": "collection_item",
          "settings": {
            "collection": "tools",
            "image": "shopify:\/\/shop_images\/Collection-Banner-02.jpg",
            "collection_title": "Flashlights",
            "collection_link": ""
          }
        },
        "165522282180498834-2": {
          "type": "collection_item",
          "settings": {
            "collection": "tools",
            "image": "shopify:\/\/shop_images\/Collection-Banner-03.jpg",
            "collection_title": "Welding Tools",
            "collection_link": ""
          }
        },
        "7a2f142a-fbd6-4550-b5bb-e3402d7ffcba": {
          "type": "collection_item",
          "settings": {
            "collection": "tools",
            "image": "shopify:\/\/shop_images\/Collection-Banner-01_43a9370d-d230-4209-90a3-0dd79f245b37.jpg",
            "collection_title": "Hand Tools",
            "collection_link": ""
          }
        }
      },
      "block_order": [
        "165522282180498834-0",
        "165522282180498834-1",
        "165522282180498834-2",
        "7a2f142a-fbd6-4550-b5bb-e3402d7ffcba"
      ],
      "settings": {
        "design_heading": "1",
        "heading_align": "t4s-text-start",
        "top_heading": "Shop By Collection",
        "icon_heading": "las la-gem",
        "top_subheading": "",
        "tophead_mb": 30,
        "collection_des": "1",
        "title_cl": "#ffffff",
        "title_cl_hover": "#222222",
        "subtitle_cl": "#878787",
        "count_cl": "#222222",
        "border_cl": "#e5e5e5",
        "collection_subtitle": "Products",
        "open_link": "_self",
        "space_bottom": 20,
        "space_bottom_mb": 10,
        "border": false,
        "item_rd": 0,
        "img_effect": "translateToRight",
        "b_effect": "plus-zoom-overlay",
        "image_position": "8",
        "coll_layout": "6",
        "layout": "t4s-container-wrap",
        "cl_bg": "",
        "cl_bg_gradient": "",
        "mg": ",,90px,",
        "pd": "",
        "mg_mb": ",,50px,",
        "pd_mb": "",
        "use_cus_css": false,
        "code_cus_css": ".SectionID {\nbackground-color:red\n}"
      }
    },
    "16552542023a1e4e92": {
      "type": "shipping",
      "blocks": {
        "16552542014f4de2ee-0": {
          "type": "shipping",
          "settings": {
            "icon_themes": "car",
            "image_icon": "shopify:\/\/shop_images\/shiping_icon1_x2_0d489691-5389-4af1-9502-abfd462e0574.png",
            "icon": "tractor",
            "title": "Free Shipping",
            "text": "<p>Free shipping order above $100<\/p>"
          }
        },
        "16552542014f4de2ee-1": {
          "type": "shipping",
          "settings": {
            "icon_themes": "help",
            "image_icon": "shopify:\/\/shop_images\/shiping_icon2_x2_5387cd37-f862-44c7-b32e-86186c280605.png",
            "icon": "life-ring",
            "title": "24\/7 Customer Help",
            "text": "<p>24 hours a day 7 days a week<\/p>"
          }
        },
        "16552542014f4de2ee-2": {
          "type": "shipping",
          "settings": {
            "icon_themes": "refesh",
            "image_icon": "shopify:\/\/shop_images\/shipping_icon3_x2_0f128225-4cd4-43a9-b4b1-d73438a0da6f.png",
            "icon": "undo-alt",
            "title": "Easy & Fast Return",
            "text": "<p>Simply return it within 30 an days<\/p>"
          }
        },
        "16552542014f4de2ee-3": {
          "type": "shipping",
          "settings": {
            "icon_themes": "door-lock",
            "image_icon": "shopify:\/\/shop_images\/shiping_icon4_x2_545cdb2f-5c1d-4490-a6d8-c6e3f8c2cd4b.png",
            "icon": "lock",
            "title": "Secure Payment",
            "text": "<p>100% secure payment with Paypal<\/p>"
          }
        }
      },
      "block_order": [
        "16552542014f4de2ee-0",
        "16552542014f4de2ee-1",
        "16552542014f4de2ee-2",
        "16552542014f4de2ee-3"
      ],
      "settings": {
        "design_heading": "1",
        "heading_align": "t4s-text-center",
        "top_heading": "",
        "icon_heading": "las la-gem",
        "top_subheading": "",
        "tophead_mb": 30,
        "content_align": "text-start",
        "align_vertical": true,
        "design_padding": "1",
        "source": "get_image",
        "icon_des": "deafult",
        "icon_size": "medium",
        "col_dk": "4",
        "col_tb": "2",
        "col_mb": "1",
        "border": false,
        "cl_bd": "#dddddd",
        "cl_ic": "#9e9e9e",
        "cl_hd": "#151515",
        "cl_cot": "#777777",
        "bg_item": "#ffffff",
        "space_h_item": "30",
        "space_v_item": "30",
        "space_h_item_mb": "10",
        "space_v_item_mb": "10",
        "carousel_mobile": true,
        "dots_cl": "dark",
        "dots_round": true,
        "layout": "t4s-container-wrap",
        "cl_bg": "#f5f5f5",
        "cl_bg_gradient": "",
        "mg": ",,90px,",
        "pd": "75px,0px,75px,0px",
        "mg_tb": ",,50px,",
        "pd_tb": "45px,0px,45px,0px",
        "mg_mb": ",,30px,",
        "pd_mb": "",
        "use_cus_css": false,
        "code_cus_css": ".SectionID {\nbackground-color:red\n}"
      }
    },
    "1655266311b5c26cf0": {
      "type": "collection-products-banner2",
      "blocks": {
        "1655266310ce4b45e2-0": {
          "type": "b_item",
          "settings": {
            "image": "shopify:\/\/shop_images\/Product-Banner-02.jpg",
            "b_link": "shopify:\/\/collections\/machines",
            "open_link": "_self",
            "img_effect": "translateToRight",
            "b_effect": "dark-overlay",
            "content_align": "center",
            "content_align_mobile": "center",
            "custom_height": 250,
            "cv_pos": 11,
            "ch_pos": 50,
            "cv_pos_mb": 10,
            "ch_pos_mb": 50,
            "bg_overlay": "#000000",
            "bg_opacity": 0,
            "bg_content_bl": false,
            "bg_content_cl": "#ffffff",
            "bg_content_op": 50,
            "content_pd_tb": 20,
            "content_pd_lr": 20,
            "content_pd_tb_mb": 10,
            "content_pd_lr_mb": 10,
            "border_bl": false,
            "br_color": "#222222",
            "br_bg": "#ffffff",
            "br_opacity": 50,
            "br_style": "solid",
            "br_pd": 20,
            "br_pd_mb": 10,
            "time_animation": 1,
            "animation_delay": 40,
            "col_dk": "3",
            "col_tb": "4",
            "col_mb": "12"
          }
        },
        "1655266310ce4b45e2-1": {
          "type": "custom_text",
          "settings": {
            "text": "HURRY UP!",
            "remove_br_tag": true,
            "fontf": "inherit",
            "text_cl": "#ffffff",
            "text_fs": 17,
            "text_lh": 24,
            "text_fw": 500,
            "text_ls": 0,
            "font_italic": false,
            "text_shadow": false,
            "text_mgb": 12,
            "hidden_mobile": false,
            "text_fs_mb": 16,
            "text_lh_mb": 0,
            "text_ls_mb": 0,
            "text_mgb_mobile": 10,
            "animation": "none"
          }
        },
        "1655266310ce4b45e2-2": {
          "type": "custom_text",
          "settings": {
            "text": "Upto 30% off Tools <br>\n& Accessories",
            "remove_br_tag": true,
            "fontf": "inherit",
            "text_cl": "#ffffff",
            "text_fs": 26,
            "text_lh": 36,
            "text_fw": 700,
            "text_ls": 0,
            "font_italic": false,
            "text_shadow": false,
            "text_mgb": 0,
            "hidden_mobile": false,
            "text_fs_mb": 20,
            "text_lh_mb": 30,
            "text_ls_mb": 0,
            "text_mgb_mobile": 0,
            "animation": "none"
          }
        }
      },
      "block_order": [
        "1655266310ce4b45e2-0",
        "1655266310ce4b45e2-1",
        "1655266310ce4b45e2-2"
      ],
      "settings": {
        "top_heading": "Top Products For You",
        "heading_height": 30,
        "tophead_mb": 30,
        "collection": "machines",
        "product_des": "2",
        "show_vendor": true,
        "use_cdt": true,
        "image_ratio": "ratio1_1",
        "image_size": "cover",
        "image_position": "8",
        "content_align": "default",
        "limit": 8,
        "col_dk": "3",
        "col_tb": "2",
        "col_mb": "2",
        "space_h_item": "30",
        "space_v_item": "30",
        "space_h_item_mb": "10",
        "space_v_item_mb": "10",
        "layout_des": "2",
        "banner_pos": "left",
        "loop": true,
        "au_time": 0,
        "au_hover": true,
        "nav_btn": true,
        "slide_btn_pos": "ontop",
        "btn_vi": "always",
        "btn_owl": "simple",
        "btn_shape": "none",
        "btn_cl": "dark",
        "btn_size": "small",
        "btn_hidden_mobile": true,
        "nav_dot": false,
        "dot_owl": "default",
        "dots_cl": "dark",
        "dots_round": true,
        "dots_space": 10,
        "dots_hidden_mobile": false,
        "viewall_btn": true,
        "btn_icon": false,
        "button_style": "outline",
        "btns_size": "large",
        "btns_cl": "primary",
        "button_effect": "default",
        "btn_pos": "t4s-text-start",
        "layout": "t4s-container-wrap",
        "cl_bg": "",
        "cl_bg_gradient": "",
        "mg": ",,50px,",
        "pd": "",
        "mg_mb": ",,30px,",
        "pd_mb": "",
        "use_cus_css": false,
        "code_cus_css": ".SectionID {\nbackground-color:red\n}"
      }
    },
    "1646881737178e8cd0": {
      "type": "logo_list",
      "blocks": {
        "164688173716ee21cb-0": {
          "type": "logo_item",
          "settings": {
            "image": "shopify:\/\/shop_images\/brand-Magisso_180x_b1c3f2fc-575d-424f-9717-8966bc37e373.png",
            "url": ""
          }
        },
        "164688173716ee21cb-1": {
          "type": "logo_item",
          "settings": {
            "image": "shopify:\/\/shop_images\/brand-Rosenthal_180x_64a464b2-7a44-4706-9cc0-ff87a7522395.png",
            "url": ""
          }
        },
        "164688173716ee21cb-3": {
          "type": "logo_item",
          "settings": {
            "image": "shopify:\/\/shop_images\/brand-Magisso_180x_da95cd5a-acd2-4476-8715-1e45b278cf7b.png",
            "url": ""
          }
        },
        "164688173716ee21cb-4": {
          "type": "logo_item",
          "settings": {
            "image": "shopify:\/\/shop_images\/brand-PackIt_180x_975422c1-ec2c-469a-a39d-2f6015bd650e.png",
            "url": ""
          }
        },
        "164688173716ee21cb-2": {
          "type": "logo_item",
          "settings": {
            "image": "shopify:\/\/shop_images\/brand-Louis-Poulsen_180x_ef723b98-39c1-48f4-a545-2b33475ecae2.png",
            "url": ""
          }
        },
        "164688173716ee21cb-5": {
          "type": "logo_item",
          "settings": {
            "image": "shopify:\/\/shop_images\/klobe2r_180x_a5a776e9-62f6-4345-97b1-2723a880c952.png",
            "url": ""
          }
        }
      },
      "block_order": [
        "164688173716ee21cb-0",
        "164688173716ee21cb-1",
        "164688173716ee21cb-3",
        "164688173716ee21cb-4",
        "164688173716ee21cb-2",
        "164688173716ee21cb-5"
      ],
      "settings": {
        "design_heading": "1",
        "heading_align": "t4s-text-center",
        "top_heading": "",
        "icon_heading": "las la-gem",
        "top_subheading": "",
        "tophead_mb": 30,
        "img_effect": "filter",
        "b_effect": "none",
        "open_link": "_blank",
        "layout_des": "2",
        "click_image": "data-goto",
        "nav_thumbs": false,
        "col_dk": "6",
        "col_tb": "2",
        "col_mb": "2",
        "space_item": "30",
        "space_item_mb": "30",
        "loop": true,
        "au_time": 0,
        "au_hover": true,
        "nav_btn": false,
        "btn_vi": "hover",
        "btn_owl": "default",
        "btn_shape": "none",
        "btn_cl": "dark",
        "btn_size": "small",
        "btn_hidden_mobile": false,
        "nav_dot": true,
        "dot_owl": "default",
        "dots_cl": "dark",
        "dots_round": true,
        "dots_space": 10,
        "dots_hidden_mobile": false,
        "layout": "t4s-container-wrap",
        "cl_bg": "",
        "cl_bg_gradient": "",
        "mg": ",,70px,",
        "pd": "",
        "mg_mb": ",,30px,",
        "pd_mb": "",
        "use_cus_css": true,
        "code_cus_css": ".t4s_nt_se_template--15366509101262__1646881737178e8cd0  .t4s-logo-item .t4s_ratio  {\nmax-width: 108px !important;\n}"
      }
    }
  },
  "order": [
    "1646028739ae283905",
    "165536770639194c8d",
    "1655178862746d9082",
    "16552598620bb3d5f6",
    "1655189774ab67703a",
    "1655195721250e686c",
    "16552197049d53827f",
    "1655222821bc216656",
    "16552542023a1e4e92",
    "1655266311b5c26cf0",
    "1646881737178e8cd0"
  ]
}